agbd_observed,agb_predicted,residual,abs_residual,pct_error
248.46747,220.01631,-28.451156616210938,28.451156616210938,-11.45065662529407
333.6042,225.51915,-108.08503723144531,108.08503723144531,-32.39918485425021
186.7515,156.50632,-30.24517822265625,30.24517822265625,-16.19541421295592
201.93834,183.0283,-18.9100341796875,18.9100341796875,-9.364261512436952
232.50317,231.59196,-0.9112091064453125,0.9112091064453125,-0.39191254529665565
202.17175,178.79762,-23.374130249023438,23.374130249023438,-11.561521285890334
288.35382,175.31752,-113.03630065917969,113.03630065917969,-39.20055588140604
249.34694,183.68376,-65.66317749023438,65.66317749023438,-26.334061982347563
302.81967,204.95534,-97.86433410644531,97.86433410644531,-32.31769375463264
324.2361,227.53548,-96.70063781738281,96.70063781738281,-29.824141572236957
283.9875,226.46115,-57.526336669921875,57.526336669921875,-20.256644796921286
283.9875,209.36427,-74.62321472167969,74.62321472167969,-26.27693751637437
297.00552,197.45874,-99.54678344726562,99.54678344726562,-33.516812149921336
190.37192,223.51357,33.14164733886719,33.14164733886719,17.408895038190273
121.96681,245.2643,123.2974853515625,123.2974853515625,101.09101254225928
198.14563,228.90096,30.755325317382812,30.755325317382812,15.521576395892334
260.59622,184.68886,-75.90736389160156,75.90736389160156,-29.128343968773716
244.00497,198.09923,-45.90574645996094,45.90574645996094,-18.813446971473525
203.09067,197.22098,-5.86968994140625,5.86968994140625,-2.8901820094291777
223.31429,247.33537,24.021087646484375,24.021087646484375,10.756628317147959
256.46188,194.14328,-62.318603515625,62.318603515625,-24.2993627958399
317.59995,216.17456,-101.42538452148438,101.42538452148438,-31.934950272001416
253.91626,193.42854,-60.48771667480469,60.48771667480469,-23.821915434103076
214.32147,223.92445,9.602981567382812,9.602981567382812,4.480643712570587
253.71732,228.53552,-25.181793212890625,25.181793212890625,-9.925137803863429
171.622,203.51859,31.896591186523438,31.896591186523438,18.585375009146542
276.94504,207.62958,-69.31546020507812,69.31546020507812,-25.02859800097742
308.1265,231.85693,-76.26956176757812,76.26956176757812,-24.752678823721322
132.92667,155.00684,22.080169677734375,22.080169677734375,16.61079021916133
174.91663,194.36145,19.44482421875,19.44482421875,11.116624340418879
256.82794,198.02322,-58.804718017578125,58.804718017578125,-22.896542168969614
263.6483,194.80261,-68.84567260742188,68.84567260742188,-26.112695036257293
262.19345,218.39839,-43.79505920410156,43.79505920410156,-16.703338336308153
301.6326,226.30669,-75.32591247558594,75.32591247558594,-24.97273595627312
103.118034,138.17781,35.059776306152344,35.059776306152344,33.999655368530384
369.37167,223.56879,-145.80288696289062,145.80288696289062,-39.4732182758295
241.84047,195.63834,-46.20213317871094,46.20213317871094,-19.104384514681037
30.194342,146.92381,116.72947120666504,116.72947120666504,386.59386093871393
45.918633,141.7117,95.7930679321289,95.7930679321289,208.614809939842
153.15309,193.71214,40.559051513671875,40.559051513671875,26.482685484696137
299.06558,224.05148,-75.01409912109375,75.01409912109375,-25.082825830495597
123.549774,106.29018,-17.259597778320312,17.259597778320312,-13.969752591034807
197.1081,132.62251,-64.48558044433594,64.48558044433594,-32.71584610110983
276.65753,146.08844,-130.569091796875,130.569091796875,-47.19520591992909
182.38033,190.52856,8.148239135742188,8.148239135742188,4.467718281323612
274.97812,200.67548,-74.30264282226562,74.30264282226562,-27.021292865210444
199.31401,200.42749,1.1134796142578125,1.1134796142578125,0.5586559674322397
133.44159,178.78027,45.33868408203125,45.33868408203125,33.97642691534172
276.41708,190.21846,-86.19862365722656,86.19862365722656,-31.184260571330153
192.45636,195.27934,2.8229827880859375,2.8229827880859375,1.4668170956217563
192.45636,210.52249,18.066131591796875,18.066131591796875,9.387131505880525
190.14532,193.408,3.2626800537109375,3.2626800537109375,1.7158876026733512
208.45291,207.1932,-1.25970458984375,1.25970458984375,-0.6043113437575259
225.29317,211.21785,-14.0753173828125,14.0753173828125,-6.247556267729229
279.9184,168.94775,-110.97064208984375,110.97064208984375,-39.64392611459246
122.72327,159.48605,36.762786865234375,36.762786865234375,29.955841205392357
195.8398,186.47476,-9.365036010742188,9.365036010742188,-4.781988190165037
21.90055,72.74531,50.844757080078125,50.844757080078125,232.1620010666949
33.313194,102.477516,69.16432189941406,69.16432189941406,207.61840287264621
100.974144,117.44114,16.466995239257812,16.466995239257812,16.308130566775695
265.09763,151.46259,-113.63504028320312,113.63504028320312,-42.86535572291449
273.00543,202.21057,-70.79486083984375,70.79486083984375,-25.93166747188247
148.33684,134.5796,-13.757232666015625,13.757232666015625,-9.274319766395859
129.15855,152.58614,23.427581787109375,23.427581787109375,18.138621908941246
256.22467,176.06842,-80.15625,80.15625,-31.283580098547283
143.76668,180.70901,36.94233703613281,36.94233703613281,25.696035817855282
198.4541,171.33524,-27.118865966796875,27.118865966796875,-13.665056934213183
189.95433,179.83008,-10.124252319335938,10.124252319335938,-5.329834963832393
147.84596,159.64503,11.799072265625,11.799072265625,7.980652338528757
111.35146,163.32825,51.976783752441406,51.976783752441406,46.678132647493925
238.31407,150.8717,-87.44236755371094,87.44236755371094,-36.69207065548284
161.46187,130.4774,-30.984466552734375,30.984466552734375,-19.18995914120454
232.93672,182.5162,-50.42051696777344,50.42051696777344,-21.64558536660618
153.56026,165.7599,12.19964599609375,12.19964599609375,7.944533460522818
146.9996,123.29412,-23.705482482910156,23.705482482910156,-16.126222081790235
173.40602,128.16304,-45.24298095703125,45.24298095703125,-26.09077854695791
196.566,190.18,-6.3860015869140625,6.3860015869140625,-3.2487824818669617
126.5327,179.73907,53.20637512207031,53.20637512207031,42.04950601432846
75.330154,111.819885,36.48973083496094,36.48973083496094,48.43973985772672
115.18973,185.61247,70.42274475097656,70.42274475097656,61.13630625425051
66.4405,149.04999,82.60948944091797,82.60948944091797,124.33604727525062
127.69694,169.9639,42.26696014404297,42.26696014404297,33.09943131865686
215.00797,179.3443,-35.663665771484375,35.663665771484375,-16.587137019275467
170.53282,181.14285,10.610031127929688,10.610031127929688,6.221694466169991
183.38892,172.99669,-10.392227172851562,10.392227172851562,-5.6667695074691045
139.52411,153.44821,13.924102783203125,13.924102783203125,9.979710957701416
231.80638,181.97157,-49.834808349609375,49.834808349609375,-21.498462676535148
265.4642,162.55461,-102.90959167480469,102.90959167480469,-38.76590160104962
320.79077,195.63017,-125.16059875488281,125.16059875488281,-39.01627162643583
96.25279,118.006386,21.75359344482422,21.75359344482422,22.600480372376573
52.047825,141.69508,89.64725875854492,89.64725875854492,172.24016373467506
221.54846,161.62442,-59.924041748046875,59.924041748046875,-27.047825667727317
161.06812,135.14972,-25.91839599609375,25.91839599609375,-16.091574647396303
156.73372,152.7617,-3.972015380859375,3.972015380859375,-2.534244328178945
278.9036,189.08836,-89.81523132324219,89.81523132324219,-32.20296652421302
326.13068,166.25261,-159.87806701660156,159.87806701660156,-49.02270122068188
371.66858,176.5801,-195.08848571777344,195.08848571777344,-52.489905439239024
121.48985,190.08028,68.59042358398438,68.59042358398438,56.457738604280685
334.77606,191.32478,-143.45127868652344,143.45127868652344,-42.84992117551761
160.45567,194.0508,33.595123291015625,33.595123291015625,20.937323447217533
169.57465,199.21054,29.635894775390625,29.635894775390625,17.476607190483715
146.51903,172.86699,26.34796142578125,26.34796142578125,17.982620986222948
19.252087,138.40587,119.15378189086914,119.15378189086914,618.9135968617063
146.00113,177.72313,31.722000122070312,31.722000122070312,21.72722930751761
32.357487,131.92346,99.56597518920898,99.56597518920898,307.70614552314163
13.02368,128.18964,115.16595649719238,115.16595649719238,884.2812389108104
18.696617,137.05084,118.3542251586914,118.3542251586914,633.0248106282413
34.23269,130.02432,95.79163360595703,95.79163360595703,279.82503470622675
148.23341,174.17111,25.937698364257812,25.937698364257812,17.497875625667486
68.88685,179.97656,111.08971405029297,111.08971405029297,161.2640388555407
127.96144,149.584,21.62255859375,21.62255859375,16.897714200470997
74.481705,150.5726,76.09089660644531,76.09089660644531,102.16051968836561
75.07727,160.02176,84.94448852539062,84.94448852539062,113.14275006381772
32.546165,102.36537,69.81920623779297,69.81920623779297,214.52360128282697
38.60904,182.67905,144.07000732421875,144.07000732421875,373.15097684763987
22.291704,103.10469,80.81298637390137,80.81298637390137,362.5249363132015
10.764419,69.35566,58.591240882873535,58.591240882873535,544.3047418468402
17.880852,103.75708,85.87622833251953,85.87622833251953,480.26922628909506
69.711395,134.6362,64.9248046875,64.9248046875,93.13370424151262
78.95966,121.25198,42.292320251464844,42.292320251464844,53.56193078227426
23.141623,129.41016,106.26853370666504,106.26853370666504,459.2095195903691
21.970364,97.883766,75.91340255737305,75.91340255737305,345.5263821798073
66.57459,104.602066,38.02747344970703,38.02747344970703,57.12009938041946
16.158018,106.40979,90.25177192687988,90.25177192687988,558.5571899986485
22.232555,106.29001,84.05745315551758,84.05745315551758,378.08273355557725
17.732944,107.96152,90.22857284545898,90.22857284545898,508.81889865410653
36.215225,107.92881,71.71358489990234,71.71358489990234,198.02054098738478
32.628307,109.493774,76.8654670715332,76.8654670715332,235.57908249608482
65.12795,105.64096,40.51300811767578,40.51300811767578,62.20525368212153
53.23821,116.97492,63.73671340942383,63.73671340942383,119.71986826957175
59.486023,148.04437,88.558349609375,88.558349609375,148.8725337798668
46.4036,137.7601,91.35650253295898,91.35650253295898,196.87374454608417
107.14081,142.82048,35.67967224121094,35.67967224121094,33.30166429777913
70.434875,138.26639,67.83151245117188,67.83151245117188,96.30387216693168
119.732254,185.05055,65.31829833984375,65.31829833984375,54.55363625276276
144.17566,176.49753,32.321868896484375,32.321868896484375,22.41839508859212
77.171616,129.22153,52.04991149902344,52.04991149902344,67.44696361990928
287.8803,153.64099,-134.23931884765625,134.23931884765625,-46.63025367046945
164.42676,176.48444,12.05767822265625,12.05767822265625,7.3331606017591895
138.05359,182.80754,44.75395202636719,44.75395202636719,32.41781136846945
194.95242,187.95808,-6.9943389892578125,6.9943389892578125,-3.58771585302341
72.869354,176.9981,104.12873840332031,104.12873840332031,142.89784708241913
179.98805,168.78069,-11.207366943359375,11.207366943359375,-6.226728272182644
245.34355,190.82773,-54.51582336425781,54.51582336425781,-22.220198167342346
19.976305,112.36843,92.39212608337402,92.39212608337402,462.50858728216235
108.91386,173.5743,64.66043853759766,64.66043853759766,59.36842254211167
64.31782,141.1036,76.7857894897461,76.7857894897461,119.38494222898095
76.43413,155.2761,78.84196472167969,78.84196472167969,103.15021180083714
104.75365,168.52942,63.77577209472656,63.77577209472656,60.88167239245842
83.15076,158.84846,75.69770812988281,75.69770812988281,91.03670370582424
125.66306,152.46532,26.80225372314453,26.80225372314453,21.328664981392347
70.02891,150.38547,80.35655975341797,80.35655975341797,114.74769820856234
177.12947,187.45497,10.32550048828125,10.32550048828125,5.82935207799002
167.49832,185.60522,18.106903076171875,18.106903076171875,10.810199714498363
76.62238,143.6653,67.04291534423828,67.04291534423828,87.49782063196146
93.94958,186.07495,92.12537384033203,92.12537384033203,98.05831644694534
186.64177,183.31662,-3.3251495361328125,3.3251495361328125,-1.7815677308775397
81.00208,173.72452,92.7224349975586,92.7224349975586,114.46919852445652
69.56083,168.10448,98.54364776611328,98.54364776611328,141.6654300306982
148.61978,163.70049,15.080703735351562,15.080703735351562,10.147171247150652
287.32578,208.65215,-78.67362976074219,78.67362976074219,-27.381333860713614
368.79404,200.8994,-167.89463806152344,167.89463806152344,-45.525312580603334
253.94965,210.81766,-43.131988525390625,43.131988525390625,-16.984464914770577
188.21945,197.54892,9.3294677734375,9.3294677734375,4.956696918967341
195.28044,229.83957,34.55912780761719,34.55912780761719,17.697178263400893
265.91275,226.63968,-39.2730712890625,39.2730712890625,-14.769156895637755
296.11575,195.26135,-100.85440063476562,100.85440063476562,-34.059113557380144
205.27264,201.64743,-3.625213623046875,3.625213623046875,-1.7660480966416676
203.23041,202.356,-0.8744049072265625,0.8744049072265625,-0.4302529907106499
52.253128,208.49107,156.23794555664062,156.23794555664062,299.0020911320059
160.3097,226.5449,66.23521423339844,66.23521423339844,41.31703657395316
181.43443,182.02655,0.5921173095703125,0.5921173095703125,0.32635332766437575
160.93211,188.95474,28.022628784179688,28.022628784179688,17.412701634905673
314.45462,185.1571,-129.29751586914062,129.29751586914062,-41.11802069264228
177.80565,191.91843,14.112777709960938,14.112777709960938,7.937193112205778
84.33387,155.43942,71.10555267333984,71.10555267333984,84.31434811294459
159.46718,155.37286,-4.0943145751953125,4.0943145751953125,-2.56749672107728
181.06345,152.96742,-28.096023559570312,28.096023559570312,-15.517225687066446
148.73988,157.3997,8.659820556640625,8.659820556640625,5.822124071471592
151.90988,155.36134,3.4514617919921875,3.4514617919921875,2.272045607452153
198.83954,173.76308,-25.076461791992188,25.076461791992188,-12.611406147792964
154.47327,190.07791,35.604644775390625,35.604644775390625,23.0490657436712
286.4732,181.2095,-105.26370239257812,105.26370239257812,-36.744693865680695
110.4277,176.34732,65.91962432861328,65.91962432861328,59.69482890641198
211.16177,149.72452,-61.437255859375,61.437255859375,-29.09487583297215
237.23155,194.13332,-43.098236083984375,43.098236083984375,-18.167160185105917
272.83655,135.76765,-137.0688934326172,137.0688934326172,-50.238464938791815
225.66953,152.38683,-73.28269958496094,73.28269958496094,-32.47345849528969
201.61305,182.34587,-19.267181396484375,19.267181396484375,-9.55651490326168
116.647064,186.40497,69.75790405273438,69.75790405273438,59.80253727411126
195.3015,195.5591,0.257598876953125,0.257598876953125,0.13189805457010506
192.04092,184.96481,-7.07611083984375,7.07611083984375,-3.684689018253727
153.13112,164.04659,10.91546630859375,10.91546630859375,7.128182955858847
292.13174,185.8344,-106.29734802246094,106.29734802246094,-36.38678441000137
229.42583,219.043,-10.382827758789062,10.382827758789062,-4.525570592187861
249.41948,207.91646,-41.503021240234375,41.503021240234375,-16.639847595322514
288.11288,236.53304,-51.57984924316406,51.57984924316406,-17.90265274974809
248.83188,200.63438,-48.19749450683594,48.19749450683594,-19.369501514829484
290.22226,208.76595,-81.45631408691406,81.45631408691406,-28.066873375329116
298.58475,199.11546,-99.46928405761719,99.46928405761719,-33.31358515539362
245.8834,218.08209,-27.801315307617188,27.801315307617188,-11.306706532089834
269.80637,207.16956,-62.636810302734375,62.636810302734375,-23.215467907248204
266.09592,224.17819,-41.917724609375,41.917724609375,-15.752862772811666
242.90796,183.4477,-59.46026611328125,59.46026611328125,-24.478517032497077
172.57341,195.06212,22.48870849609375,22.48870849609375,13.031386753984675
165.05908,176.28687,11.227783203125,11.227783203125,6.802281380069282
194.7305,204.72543,9.99493408203125,9.99493408203125,5.132700896687615
280.77963,206.6126,-74.16703796386719,74.16703796386719,-26.414678759083525
263.13358,210.43898,-52.69459533691406,52.69459533691406,-20.025796878604364
232.31999,196.24797,-36.072021484375,36.072021484375,-15.52686928218206
223.71979,228.19823,4.4784393310546875,4.4784393310546875,2.0018074302434234
299.20563,190.51558,-108.69004821777344,108.69004821777344,-36.326204539404365
223.8686,208.6136,-15.2550048828125,15.2550048828125,-6.814267134959298
353.51294,230.18181,-123.33113098144531,123.33113098144531,-34.88730318393303
270.43195,188.60478,-81.82716369628906,81.82716369628906,-30.257950278022467
288.1174,229.12483,-58.99256896972656,58.99256896972656,-20.47518433103334
312.05142,215.6296,-96.42182922363281,96.42182922363281,-30.89933978471636
286.49088,215.685,-70.80587768554688,70.80587768554688,-24.714880578729712
263.99164,215.80965,-48.18199157714844,48.18199157714844,-18.25133246972017
241.85233,197.71785,-44.13447570800781,44.13447570800781,-18.248522369100282
231.85481,204.6055,-27.249313354492188,27.249313354492188,-11.752748647451764
208.44388,186.6847,-21.759185791015625,21.759185791015625,-10.438870156152982
197.83044,211.82855,13.99810791015625,13.99810791015625,7.075810781876397
381.70743,211.32567,-170.3817596435547,170.3817596435547,-44.636741953354026
140.90369,200.03038,59.12669372558594,59.12669372558594,41.96248883506038
303.10565,241.19836,-61.90728759765625,61.90728759765625,-20.42432637553581
348.08047,213.13794,-134.94253540039062,134.94253540039062,-38.76762563518656
282.75806,217.26367,-65.494384765625,65.494384765625,-23.162694475887537
194.05782,200.89807,6.8402557373046875,6.8402557373046875,3.5248545480407616
261.34256,232.97667,-28.365890502929688,28.365890502929688,-10.85391163347783
249.56013,226.44244,-23.117691040039062,23.117691040039062,-9.263374957880298
249.56013,239.31122,-10.248916625976562,10.248916625976562,-4.106792389172527
179.50648,216.0769,36.57041931152344,36.57041931152344,20.372756624646584
219.37364,189.2078,-30.165847778320312,30.165847778320312,-13.750898926477117
230.76666,222.40271,-8.36395263671875,8.36395263671875,-3.624419811149835
232.55049,210.08853,-22.461959838867188,22.461959838867188,-9.658960387532398
202.98642,203.74072,0.754302978515625,0.754302978515625,0.3716026814568052
201.24005,208.98894,7.7488861083984375,7.7488861083984375,3.850568542153645
263.58945,221.63176,-41.95768737792969,41.95768737792969,-15.917817595523786
206.20128,187.12315,-19.078125,19.078125,-9.252185593380064
167.35661,187.67104,20.314422607421875,20.314422607421875,12.138404466933135
182.53078,178.12094,-4.4098358154296875,4.4098358154296875,-2.4159409653815973
154.59479,177.0445,22.44970703125,22.44970703125,14.521645509599542
220.60344,216.29556,-4.3078765869140625,4.3078765869140625,-1.9527694581630377
355.7063,214.2272,-141.47909545898438,141.47909545898438,-39.77413273959092
209.35422,197.98656,-11.367660522460938,11.367660522460938,-5.429869365239874
289.2802,232.19858,-57.081634521484375,57.081634521484375,-19.732298330206113
231.48322,197.30502,-34.178192138671875,34.178192138671875,-14.76486841158133
174.5567,196.78717,22.23046875,22.23046875,12.735385429818907
257.11124,187.71268,-69.3985595703125,69.3985595703125,-26.991647854646295
291.29068,219.69048,-71.60020446777344,71.60020446777344,-24.58032796812325
275.2904,181.945,-93.34539794921875,93.34539794921875,-33.907973602095446
348.20953,212.59956,-135.60997009277344,135.60997009277344,-38.944933142742464
253.32724,189.77345,-63.55378723144531,63.55378723144531,-25.08762469993171
360.74298,223.19273,-137.5502471923828,137.5502471923828,-38.12970853305852
295.627,229.55193,-66.07508850097656,66.07508850097656,-22.350829029846476
61.47262,198.25793,136.78531646728516,136.78531646728516,222.51421964497214
138.97752,154.46295,15.485427856445312,15.485427856445312,11.142397297505905
228.77048,203.9147,-24.85577392578125,24.85577392578125,-10.864939488559166
228.77048,202.31395,-26.456527709960938,26.456527709960938,-11.564659925875937
213.56656,206.90561,-6.66094970703125,6.66094970703125,-3.1189104433186547
131.61182,193.77612,62.164306640625,62.164306640625,47.233074003583866
105.24128,207.85513,102.61385345458984,102.61385345458984,97.50342626258819
169.83495,199.83255,29.997604370117188,29.997604370117188,17.66279857790035
85.04356,78.41346,-6.630096435546875,6.630096435546875,-7.796118519446203
185.51434,146.14296,-39.37138366699219,39.37138366699219,-21.222824593917288
106.9757,176.66356,69.68785858154297,69.68785858154297,65.14363386734348
157.24394,128.85403,-28.389907836914062,28.389907836914062,-18.054690965352336
165.34496,195.58344,30.238479614257812,30.238479614257812,18.288117428800373
295.19507,197.95435,-97.24072265625,97.24072265625,-32.94117452459187
295.19507,219.878,-75.31706237792969,75.31706237792969,-25.514336264668735
224.58322,228.51836,3.9351348876953125,3.9351348876953125,1.7521945150406781
182.37375,204.76231,22.388565063476562,22.388565063476562,12.276199405524377
208.02797,207.55527,-0.4727020263671875,0.4727020263671875,-0.22723003441347855
203.20863,208.14418,4.935546875,4.935546875,2.428807670159244
203.44759,228.77971,25.332122802734375,25.332122802734375,12.451424611800025
206.82709,221.66328,14.836196899414062,14.836196899414062,7.173236874217056
144.20624,194.57936,50.37312316894531,50.37312316894531,34.93130667569598
176.78233,203.76556,26.983230590820312,26.983230590820312,15.263533451462663
201.65572,170.26031,-31.395401000976562,31.395401000976562,-15.568812842352992
146.74663,203.21162,56.464996337890625,56.464996337890625,38.477883397712866
213.30273,195.89967,-17.403060913085938,17.403060913085938,-8.158855048941957
169.95862,177.43544,7.4768218994140625,7.4768218994140625,4.399201393951452
155.06383,200.45828,45.39445495605469,45.39445495605469,29.274690096093753
96.157326,174.92174,78.76441192626953,78.76441192626953,81.91202419194681
50.421722,48.90262,-1.51910400390625,1.51910400390625,-3.0127967297313494
28.078835,57.183445,29.104610443115234,29.104610443115234,103.65319973730752
270.11945,167.98093,-102.13851928710938,102.13851928710938,-37.8123533403214
182.00803,228.22408,46.21604919433594,46.21604919433594,25.39231383295783
211.35051,211.18439,-0.1661224365234375,0.1661224365234375,-0.07860044283952998
256.38705,217.8544,-38.53265380859375,38.53265380859375,-15.029094933147775
165.53242,211.12679,45.5943603515625,45.5943603515625,27.544065986912457
122.81432,225.55043,102.7361068725586,102.7361068725586,83.65156767325449
233.51761,233.42589,-0.0917205810546875,0.0917205810546875,-0.03927780075680501
141.71933,195.86217,54.14283752441406,54.14283752441406,38.20427149058574
112.53106,161.62912,49.098060607910156,49.098060607910156,43.63067488081598
137.43198,174.6349,37.20292663574219,37.20292663574219,27.07006595725735
189.39923,204.91429,15.515060424804688,15.515060424804688,8.191723032035208
134.96619,190.4861,55.51991271972656,55.51991271972656,41.136164657127125
189.27304,200.80861,11.535568237304688,11.535568237304688,6.094670530089894
129.15271,174.60535,45.45263671875,45.45263671875,35.19294076949468
205.18227,186.56673,-18.61553955078125,18.61553955078125,-9.072684444097398
63.232384,133.1319,69.8995132446289,69.8995132446289,110.54385288601163
16.58526,35.227695,18.64243507385254,18.64243507385254,112.40363210519337
93.79275,148.30054,54.507789611816406,54.507789611816406,58.11514329851062
185.30368,163.19472,-22.108963012695312,22.108963012695312,-11.931205555439357
130.56589,165.53334,34.96745300292969,34.96745300292969,26.781461594251848
181.10158,149.60803,-31.493545532226562,31.493545532226562,-17.389989596983586
120.18706,145.8347,25.64764404296875,25.64764404296875,21.339772000001524
120.18706,134.78636,14.59930419921875,14.59930419921875,12.147151701265232
187.22462,153.2236,-34.00102233886719,34.00102233886719,-18.160550411236294
230.199,229.53516,-0.663848876953125,0.663848876953125,-0.28838042831115496
205.50468,229.48087,23.976181030273438,23.976181030273438,11.66697542425706
112.06432,170.51271,58.448387145996094,58.448387145996094,52.15610585019091
171.96252,218.77014,46.8076171875,46.8076171875,27.219661578585335
186.0546,205.33363,19.279037475585938,19.279037475585938,10.362032379490529
242.09723,231.87453,-10.222702026367188,10.222702026367188,-4.222560525962172
164.78854,226.39462,61.6060791015625,61.6060791015625,37.38492841667391
125.05654,222.39296,97.33641815185547,97.33641815185547,77.83392778083595
93.88243,227.01236,133.1299285888672,133.1299285888672,141.80494383015917
189.84314,180.3176,-9.525543212890625,9.525543212890625,-5.017586219091497
232.97433,207.93533,-25.03900146484375,25.03900146484375,-10.747536416524639
193.10768,181.49359,-11.614089965820312,11.614089965820312,-6.0143076076379405
143.1019,176.77719,33.67529296875,33.67529296875,23.532387336503337
225.53564,188.1973,-37.338348388671875,37.338348388671875,-16.555408998109968
159.35802,198.4668,39.10877990722656,39.10877990722656,24.541457437397348
45.84527,61.72338,15.87811279296875,15.87811279296875,34.634136518849715
37.24309,79.24482,42.00172805786133,42.00172805786133,112.77723269555129
15.312791,60.389755,45.076964378356934,45.076964378356934,294.3745836998747
75.849785,126.00246,50.152671813964844,50.152671813964844,66.12104689873034
112.922165,158.55965,45.637481689453125,45.637481689453125,40.41499002698073
139.80518,156.14517,16.339996337890625,16.339996337890625,11.687690564087161
182.19765,120.44678,-61.75086975097656,61.75086975097656,-33.89224325101828
155.2054,151.71626,-3.4891357421875,3.4891357421875,-2.248076274774884
200.96738,158.44067,-42.526702880859375,42.526702880859375,-21.160998156651655
235.83308,148.06935,-87.76373291015625,87.76373291015625,-37.2143430353238
161.69518,145.93042,-15.764755249023438,15.764755249023438,-9.749675729261181
128.89119,180.6731,51.78190612792969,51.78190612792969,40.17489969531242
281.46994,183.23839,-98.23155212402344,98.23155212402344,-34.89948236009449
135.14902,196.18813,61.03910827636719,61.03910827636719,45.164300473991226
110.32256,197.23756,86.91500091552734,86.91500091552734,78.78261564726738
267.07242,229.13045,-37.94197082519531,37.94197082519531,-14.206622712702119
217.70174,236.82666,19.124923706054688,19.124923706054688,8.784920147125234
158.21704,152.88222,-5.3348236083984375,5.3348236083984375,-3.371838819733449
156.99814,180.24509,23.2469482421875,23.2469482421875,14.807148973226825
177.42294,184.91405,7.4911041259765625,7.4911041259765625,4.222173296444061
106.46601,151.36517,44.89916229248047,44.89916229248047,42.17229691502792
103.67837,168.33011,64.65174102783203,64.65174102783203,62.35798509875137
201.17836,193.59972,-7.578643798828125,7.578643798828125,-3.7671267423494013
208.1489,194.14178,-14.007110595703125,14.007110595703125,-6.729370616144596
24.494751,31.95156,7.456808090209961,7.456808090209961,30.44247356237635
47.711536,88.67727,40.96573257446289,40.96573257446289,85.86127309882322
143.86069,134.3185,-9.542190551757812,9.542190551757812,-6.632938250035479
106.45872,92.15843,-14.300285339355469,14.300285339355469,-13.432704898042871
171.05283,129.10704,-41.94578552246094,41.94578552246094,-24.522123674344908
200.71936,128.0236,-72.69575500488281,72.69575500488281,-36.217609939347795
250.72276,192.9021,-57.82066345214844,57.82066345214844,-23.061593110299345
114.702965,177.32353,62.620567321777344,62.620567321777344,54.59367806263884
158.22992,199.20236,40.972442626953125,40.972442626953125,25.89424476332905
148.17746,200.27982,52.10235595703125,52.10235595703125,35.16213333432191
121.27108,208.27753,87.0064468383789,87.0064468383789,71.74542094134704
302.22784,231.89407,-70.33377075195312,70.33377075195312,-23.27177065012609
164.05217,171.16962,7.1174468994140625,7.1174468994140625,4.338526523665971
99.18632,152.27399,53.087669372558594,53.087669372558594,53.52317813655409
165.87476,166.39642,0.52166748046875,0.52166748046875,0.31449479926349266
262.23477,169.35454,-92.88023376464844,92.88023376464844,-35.41873305070495
141.00702,138.20023,-2.806793212890625,2.806793212890625,-1.990534394628481
138.17761,166.58913,28.411514282226562,28.411514282226562,20.561590121833895
185.63345,144.94202,-40.691436767578125,40.691436767578125,-21.9203144848366
190.07642,160.59866,-29.477752685546875,29.477752685546875,-15.508369372412666
120.751495,122.7055,1.9540023803710938,1.9540023803710938,1.6182013933028963
90.3448,158.78223,68.43742370605469,68.43742370605469,75.75136758535997
160.90656,152.0386,-8.867950439453125,8.867950439453125,-5.511242490876393
243.0593,227.65106,-15.408233642578125,15.408233642578125,-6.339290007856045
96.847824,216.35678,119.50895690917969,119.50895690917969,123.39870102799439
119.1497,207.99792,88.84822845458984,88.84822845458984,74.56857312798097
155.18256,180.15749,24.974929809570312,24.974929809570312,16.09390283857179
257.3816,231.6,-25.781585693359375,25.781585693359375,-10.01687242408002
190.45917,226.82408,36.36491394042969,36.36491394042969,19.093286199604357
199.6932,148.04282,-51.650390625,51.650390625,-25.864871147101105
246.23787,171.18271,-75.05516052246094,75.05516052246094,-30.480754543237794
185.08232,180.02327,-5.059051513671875,5.059051513671875,-2.7334061307277966
51.776432,63.844547,12.068115234375,12.068115234375,23.308124487350916
26.638462,67.51203,40.87356948852539,40.87356948852539,153.43817291800949
133.6458,113.22346,-20.422340393066406,20.422340393066406,-15.28094466120256
97.133896,125.47246,28.33856201171875,28.33856201171875,29.17474045154339
99.483765,138.53313,39.04936218261719,39.04936218261719,39.25199485625869
111.23809,174.62305,63.38495635986328,63.38495635986328,56.98134161268992
336.39084,228.9791,-107.4117431640625,107.4117431640625,-31.930638659403577
170.92296,166.67006,-4.252899169921875,4.252899169921875,-2.4881965596543423
122.27872,181.64502,59.366302490234375,59.366302490234375,48.54998803293078
149.70518,155.32881,5.623626708984375,5.623626708984375,3.7564675608054934
99.62014,165.2868,65.66666412353516,65.66666412353516,65.91705660486599
135.14236,206.73285,71.59048461914062,71.59048461914062,52.97412464476007
193.92564,219.8075,25.881851196289062,25.881851196289062,13.346275754456782
195.42305,213.55005,18.126998901367188,18.126998901367188,9.275773204932051
149.2263,203.54306,54.31675720214844,54.31675720214844,36.398916326122645
260.79922,236.26805,-24.531173706054688,24.531173706054688,-9.40615284414025
164.80087,173.32504,8.524169921875,8.524169921875,5.17240581127163
154.10617,162.12398,8.017807006835938,8.017807006835938,5.20278128565151
116.37321,146.11362,29.74040985107422,29.74040985107422,25.55606276923327
90.20888,164.8976,74.688720703125,74.688720703125,82.79531097210403
58.779102,176.22963,117.45052719116211,117.45052719116211,199.81680996228792
190.38399,162.48015,-27.903839111328125,27.903839111328125,-14.656610300308447
155.9813,161.89294,5.911651611328125,5.911651611328125,3.789974751501361
151.24162,171.14546,19.903839111328125,19.903839111328125,13.160291939755266
157.50223,152.58493,-4.91729736328125,4.91729736328125,-3.122049403675582
38.662743,149.54646,110.88372039794922,110.88372039794922,286.797347779611
81.985016,171.30106,89.3160400390625,89.3160400390625,108.94190736222238
207.76332,203.76318,-4.0001373291015625,4.0001373291015625,-1.9253337457899644
104.486916,95.94032,-8.546592712402344,8.546592712402344,-8.179581782346057
131.33286,120.75804,-10.574813842773438,10.574813842773438,-8.05191802514921
101.50017,170.51758,69.01741027832031,69.01741027832031,67.99733610546738
183.65224,127.35052,-56.301719665527344,56.301719665527344,-30.656702365345218
245.04718,229.47762,-15.569564819335938,15.569564819335938,-6.353700870243569
106.259544,196.36736,90.1078109741211,90.1078109741211,84.79973399678093
125.53707,164.55405,39.01697540283203,39.01697540283203,31.080042748457178
221.40009,186.05525,-35.34483337402344,35.34483337402344,-15.964236554972006
146.15704,191.98344,45.82640075683594,45.82640075683594,31.35421986714479
140.45296,215.89896,75.44599914550781,75.44599914550781,53.71620553574387
117.57012,173.47531,55.905189514160156,55.905189514160156,47.55050745446946
166.04062,199.11726,33.07664489746094,33.07664489746094,19.92081523020707
147.09613,185.31671,38.2205810546875,38.2205810546875,25.983403477892118
155.34935,161.86293,6.513580322265625,6.513580322265625,4.192859721195662
200.7201,164.36687,-36.35322570800781,36.35322570800781,-18.111403400476433
77.98645,178.95189,100.96543884277344,100.96543884277344,129.46536044391226
188.92897,178.31104,-10.617935180664062,10.617935180664062,-5.620067246293284
118.11393,196.09753,77.98360443115234,77.98360443115234,66.02405372268929
18.260912,52.80779,34.54687690734863,34.54687690734863,189.18483927838975
17.332933,52.467552,35.13461875915527,35.13461875915527,202.7044003218065
83.71473,93.88983,10.175102233886719,10.175102233886719,12.15449457683768
32.86287,86.283,53.420127868652344,53.420127868652344,162.5546675234863
131.8318,163.46655,31.634750366210938,31.634750366210938,23.996296643100727
137.51373,159.824,22.310272216796875,22.310272216796875,16.224032134574628
187.67366,229.95805,42.284393310546875,42.284393310546875,22.53080866427343
127.789955,193.47742,65.68746185302734,65.68746185302734,51.40268011010356
152.65112,187.7554,35.104278564453125,35.104278564453125,22.99641028757683
152.65112,209.69319,57.04206848144531,57.04206848144531,37.367604864544134
146.27753,198.17154,51.894012451171875,51.894012451171875,35.476408144667616
61.061646,204.28358,143.22193908691406,143.22193908691406,234.55302898542035
122.70933,212.26913,89.55980682373047,89.55980682373047,72.98532923619774
143.38449,160.30591,16.921417236328125,16.921417236328125,11.801427840788282
248.89276,157.39716,-91.49560546875,91.49560546875,-36.76105524982595
309.7086,142.72789,-166.98069763183594,166.98069763183594,-53.91542381848171
26.314005,84.52732,58.21331596374512,58.21331596374512,221.22560282723032
28.52498,62.53803,34.01304817199707,34.01304817199707,119.23951400523092
43.232956,69.27606,26.043106079101562,26.043106079101562,60.2390133112626
138.32674,138.30464,-0.0220947265625,0.0220947265625,-0.015972853209368698
127.90822,139.88432,11.976104736328125,11.976104736328125,9.363045539727386
117.14939,159.1357,41.986305236816406,41.986305236816406,35.839968791934616
78.66546,153.65448,74.98902130126953,74.98902130126953,95.32649088982963
293.50122,231.50435,-61.99687194824219,61.99687194824219,-21.123207528650013
258.99472,228.64996,-30.344757080078125,30.344757080078125,-11.716361254894252
148.39822,213.72751,65.32928466796875,65.32928466796875,44.022955909592035
174.862,194.31953,19.457534790039062,19.457534790039062,11.127366062593305
207.79948,205.77269,-2.02679443359375,2.02679443359375,-0.9753606660191578
133.6085,176.2183,42.60980224609375,42.60980224609375,31.891534275214255
319.75287,227.85367,-91.89920043945312,91.89920043945312,-28.740696159124045
75.87095,164.49185,88.62090301513672,88.62090301513672,116.80479080164154
104.16572,162.54604,58.38031768798828,58.38031768798828,56.045615356800006
191.53839,167.2888,-24.249588012695312,24.249588012695312,-12.660432131516346
192.8486,145.2378,-47.610809326171875,47.610809326171875,-24.688179618414363
141.2715,136.04544,-5.2260589599609375,5.2260589599609375,-3.699301680457973
156.85667,153.98265,-2.8740234375,2.8740234375,-1.8322608535861589
90.773636,152.71968,61.946044921875,61.946044921875,68.24233086191308
77.80183,185.1628,107.36096954345703,107.36096954345703,137.99286521265066
225.14552,218.56833,-6.5771942138671875,6.5771942138671875,-2.9213080163200114
262.1293,206.08556,-56.04374694824219,56.04374694824219,-21.380191497642514
41.987686,181.75316,139.76547241210938,139.76547241210938,332.87252812347253
79.73789,166.82674,87.0888442993164,87.0888442993164,109.21889449313274
51.397083,58.88146,7.484375,7.484375,14.561867176133307
38.41981,57.839157,19.41934585571289,19.41934585571289,50.54513602361828
16.084791,54.091034,38.006242752075195,38.006242752075195,236.28682721805828
117.99135,110.26397,-7.727378845214844,7.727378845214844,-6.549106319011479
90.08859,213.7015,123.6129150390625,123.6129150390625,137.21261656836685
179.85341,203.07155,23.2181396484375,23.2181396484375,12.909479893437387
161.48074,175.20767,13.7269287109375,13.7269287109375,8.500659844150915
172.07228,204.9074,32.835113525390625,32.835113525390625,19.08216323788152
227.97473,222.47131,-5.50341796875,5.50341796875,-2.4140473524672985
239.44118,231.72206,-7.7191162109375,7.7191162109375,-3.223804817443162
188.38647,212.41219,24.025711059570312,24.025711059570312,12.753416140616435
129.2166,123.697945,-5.518653869628906,5.518653869628906,-4.270855240915603
204.33757,131.43553,-72.90203857421875,72.90203857421875,-35.67725627072822
136.21016,136.55089,0.340728759765625,0.340728759765625,0.2501492998116095
104.69422,161.41438,56.72016143798828,56.72016143798828,54.17697426580514
120.42092,174.99376,54.572837829589844,54.572837829589844,45.31840250748061
197.50621,192.97261,-4.533599853515625,4.533599853515625,-2.2954214178917156
161.5559,200.87985,39.32395935058594,39.32395935058594,24.340776825847513
86.54282,120.64103,34.09820556640625,34.09820556640625,39.40038477199971
30.003857,50.774544,20.770687103271484,20.770687103271484,69.22672421542082
56.851246,58.83102,1.9797744750976562,1.9797744750976562,3.482376585505421
103.150345,145.50562,42.35527038574219,42.35527038574219,41.06168568597236
85.104744,119.9023,34.79755401611328,34.79755401611328,40.887913408778545
123.50453,100.159,-23.345535278320312,23.345535278320312,-18.90257379762992
140.6762,197.59398,56.91778564453125,56.91778564453125,40.46014064975261
175.9844,193.51056,17.526153564453125,17.526153564453125,9.958924208601275
152.21968,195.21675,42.9970703125,42.9970703125,28.246722165256983
220.86728,186.54196,-34.3253173828125,34.3253173828125,-15.541151016134434
163.2074,196.73524,33.52784729003906,33.52784729003906,20.543092906106605
190.8638,194.70477,3.840972900390625,3.840972900390625,2.0124156070496344
117.38187,189.90996,72.52809143066406,72.52809143066406,61.788156570521444
180.22374,225.61401,45.39027404785156,45.39027404785156,25.185513374954482
173.83067,205.67798,31.847305297851562,31.847305297851562,18.320877845277373
90.61421,157.72112,67.10690307617188,67.10690307617188,74.05781231029488
145.38652,164.29787,18.911346435546875,18.911346435546875,13.007633985166537
135.92534,151.19302,15.267684936523438,15.267684936523438,11.232405287694672
357.29385,170.73999,-186.55386352539062,186.55386352539062,-52.21300662250524
193.6703,150.53842,-43.13188171386719,43.13188171386719,-22.270777175937965
182.52136,195.38316,12.861801147460938,12.861801147460938,7.046737425721385
44.90745,150.47925,105.57179641723633,105.57179641723633,235.08748010889025
20.920948,31.449911,10.528963088989258,10.528963088989258,50.327370798940464
11.995556,56.24865,44.25309371948242,44.25309371948242,368.9124053167324
13.982126,51.420353,37.4382266998291,37.4382266998291,267.7577506312187
113.72417,97.75513,-15.969039916992188,15.969039916992188,-14.041905389581977
53.980255,101.791176,47.81092071533203,47.81092071533203,88.57112772603281
224.1346,236.64629,12.511688232421875,12.511688232421875,5.582220842494172
156.91615,221.033,64.11685180664062,64.11685180664062,40.86058101704481
156.91615,216.15465,59.238494873046875,59.238494873046875,37.75168697283466
113.05351,197.95212,84.89860534667969,84.89860534667969,75.09594652503854
162.2975,183.63437,21.336868286132812,21.336868286132812,13.146763324075438
217.76706,194.08188,-23.6851806640625,23.6851806640625,-10.876383571211656
140.84135,195.90787,55.06651306152344,55.06651306152344,39.09825584097557
245.47101,187.96938,-57.50163269042969,57.50163269042969,-23.42501995998306
121.80946,179.63435,57.82489013671875,57.82489013671875,47.47159085570979
146.67766,171.65854,24.980880737304688,24.980880737304688,17.031142345823486
31.844694,163.37492,131.53022956848145,131.53022956848145,413.03656113088624
63.85097,188.50269,124.65171432495117,124.65171432495117,195.22289471792848
102.391396,176.99951,74.60811614990234,74.60811614990234,72.8656111535623
190.0374,188.68254,-1.3548583984375,1.3548583984375,-0.7129430330478066
116.11138,164.6531,48.541725158691406,48.541725158691406,41.80617310614904
81.37094,134.24445,52.873504638671875,52.873504638671875,64.97836191096262
159.72643,150.35919,-9.367233276367188,9.367233276367188,-5.864548252641832
87.44165,172.48709,85.04544067382812,85.04544067382812,97.2596471977686
66.19255,164.03896,97.84640502929688,97.84640502929688,147.82087116282983
17.712257,51.5743,33.86204147338867,33.86204147338867,191.17857615133823
23.34709,37.211334,13.86424446105957,13.86424446105957,59.38318051265301
132.79488,140.68228,7.8874053955078125,7.8874053955078125,5.9395404606194875
118.50255,126.85026,8.347709655761719,8.347709655761719,7.044329241275927
131.32913,209.64229,78.31315612792969,78.31315612792969,59.63121425349718
150.51411,191.36693,40.852813720703125,40.852813720703125,27.142181242613994
133.15904,191.26718,58.10813903808594,58.10813903808594,43.6381472928346
141.01115,197.85513,56.84397888183594,56.84397888183594,40.31168967766139
240.36464,190.73958,-49.62506103515625,49.62506103515625,-20.645741063804515
132.25351,181.40048,49.14697265625,49.14697265625,37.16118599353022
242.35081,197.32188,-45.0289306640625,45.0289306640625,-18.5800615927906
265.21362,186.27768,-78.93594360351562,78.93594360351562,-29.763155714502698
149.96835,210.73566,60.767303466796875,60.767303466796875,40.52008449862164
71.00926,187.99113,116.98187255859375,116.98187255859375,164.74170991754238
199.97606,198.86336,-1.112701416015625,1.112701416015625,-0.5564173140537835
130.28139,168.53195,38.25056457519531,38.25056457519531,29.359961049978097
95.9641,175.65138,79.6872787475586,79.6872787475586,83.03863181771456
68.38803,144.32156,75.93353271484375,75.93353271484375,111.03336592383816
92.10985,134.2242,42.114349365234375,42.114349365234375,45.721874771701735
132.09294,157.66003,25.567092895507812,25.567092895507812,19.355381632773057
99.49913,149.2687,49.76957702636719,49.76957702636719,50.02011263998528
218.12114,210.855,-7.266143798828125,7.266143798828125,-3.331242361288769
129.60532,206.68823,77.08291625976562,77.08291625976562,59.4751191867399
239.20541,198.68013,-40.52528381347656,40.52528381347656,-16.941624843093823
121.5639,165.87364,44.30973815917969,44.30973815917969,36.44974928490844
28.076849,65.22044,37.14359474182129,37.14359474182129,132.29260435634876
34.25527,60.26446,26.009193420410156,26.009193420410156,75.92757221113624
100.2297,108.3799,8.150199890136719,8.150199890136719,8.131521932158545
115.00721,220.05766,105.05045318603516,105.05045318603516,91.34249356102883
156.0467,199.6311,43.58439636230469,43.58439636230469,27.930353134258567
185.1665,190.79439,5.6278839111328125,5.6278839111328125,3.039363919719636
65.14956,162.56711,97.41754913330078,97.41754913330078,149.5290998084968
155.48306,211.42667,55.943603515625,55.943603515625,35.98051294351238
183.50235,197.04,13.537643432617188,13.537643432617188,7.377367888435151
160.10405,171.45612,11.352066040039062,11.352066040039062,7.090430293638961
92.21882,214.28728,122.0684585571289,122.0684585571289,132.36827398663308
17.303377,146.02437,128.72099113464355,128.72099113464355,743.9067530442452
75.20253,117.76862,42.56609344482422,42.56609344482422,56.60194344171106
15.136368,156.55258,141.4162139892578,141.4162139892578,934.2810367579087
15.136368,166.44966,151.31329345703125,151.31329345703125,999.6671293790077
111.75367,168.94614,57.192466735839844,57.192466735839844,51.17726054950181
141.45729,214.31995,72.86265563964844,72.86265563964844,51.50858984018739
392.32822,221.42923,-170.89898681640625,170.89898681640625,-43.56020790909263
7.4063206,63.66337,56.25704765319824,56.25704765319824,759.581591251196
46.886837,90.81423,43.92739486694336,43.92739486694336,93.68811733169919
244.73398,183.88799,-60.84599304199219,60.84599304199219,-24.862094536989666
161.11545,191.65668,30.541229248046875,30.541229248046875,18.95611477827819
113.238686,184.30861,71.0699234008789,71.0699234008789,62.76116948845475
180.72958,176.76968,-3.95989990234375,3.95989990234375,-2.1910634774854456
268.50293,184.85143,-83.65150451660156,83.65150451660156,-31.15478278540955
143.046,226.57965,83.53364562988281,83.53364562988281,58.39634982078823
120.87595,223.00395,102.12799835205078,102.12799835205078,84.48992148365637
54.61499,183.3626,128.7476043701172,128.7476043701172,235.73675252455266
148.14333,205.62125,57.47792053222656,57.47792053222656,38.79885929361859
110.37218,193.2708,82.89862060546875,82.89862060546875,75.1082589521786
117.39593,168.66658,51.270652770996094,51.270652770996094,43.67328057603797
166.88678,187.13246,20.245681762695312,20.245681762695312,12.131387392553707
219.86488,196.01591,-23.848968505859375,23.848968505859375,-10.847102154095356
159.08817,151.09302,-7.995147705078125,7.995147705078125,-5.025608090234397
160.10542,197.29332,37.187896728515625,37.187896728515625,23.227131247540544
96.84858,127.67216,30.823577880859375,30.823577880859375,31.826566863111687
232.58769,204.8556,-27.732086181640625,27.732086181640625,-11.923281886537488
277.4087,217.40694,-60.00175476074219,60.00175476074219,-21.629370895547346
202.79774,228.69666,25.898910522460938,25.898910522460938,12.770807956598947
233.71933,216.16812,-17.55120849609375,17.55120849609375,-7.509523713148044
146.68652,199.5905,52.90397644042969,52.90397644042969,36.06601015598474
32.90126,78.23704,45.335777282714844,45.335777282714844,137.79343637491033
18.130919,36.074974,17.944055557250977,17.944055557250977,98.9693685649312
56.770905,84.238525,27.467620849609375,27.467620849609375,48.38327145160189
209.66272,185.82474,-23.837982177734375,23.837982177734375,-11.36968088977542
143.61179,168.87357,25.26177978515625,25.26177978515625,17.59032493665891
204.92969,189.59969,-15.330001831054688,15.330001831054688,-7.480615433551904
118.656494,168.21712,49.56062316894531,49.56062316894531,41.768150599670385
140.57625,172.8153,32.23905944824219,32.23905944824219,22.93350396540467
207.3903,215.02777,7.6374664306640625,7.6374664306640625,3.6826535583077433
195.99086,231.09511,35.104248046875,35.104248046875,17.911165882683868
99.19543,159.0724,59.876976013183594,59.876976013183594,60.3626375325216
33.98122,192.29118,158.30996322631836,158.30996322631836,465.87486288968324
99.33973,186.11975,86.78002166748047,86.78002166748047,87.35681310090574
167.85245,185.28006,17.4276123046875,17.4276123046875,10.38269775820431
194.45757,196.90373,2.4461669921875,2.4461669921875,1.25794385439201
135.50467,188.26578,52.7611083984375,52.7611083984375,38.93674565905225
261.79498,172.6634,-89.13157653808594,89.13157653808594,-34.046327224183074
113.84912,177.45552,63.60639953613281,63.60639953613281,55.86902992756141
166.99521,196.73819,29.74298095703125,29.74298095703125,17.810679229304878
64.9187,128.66562,63.746917724609375,63.746917724609375,98.19499862733963
29.439432,112.43293,82.99349784851074,82.99349784851074,281.91269940972774
26.582312,65.46076,38.87845039367676,38.87845039367676,146.25684528291922
22.308823,59.163437,36.8546142578125,36.8546142578125,165.20196904169612
174.5527,185.56964,11.016937255859375,11.016937255859375,6.311524835993505
163.8473,189.96413,26.1168212890625,26.1168212890625,15.939731960550564
287.79318,241.00847,-46.78471374511719,46.78471374511719,-16.256366241669102
227.05513,227.57596,0.5208282470703125,0.5208282470703125,0.2293840474157585
227.05513,230.76639,3.7112579345703125,3.7112579345703125,1.634518424882319
112.36391,183.56839,71.20448303222656,71.20448303222656,63.36953299489766
60.171646,205.53442,145.36277770996094,145.36277770996094,241.580191149333
198.10774,186.21823,-11.889511108398438,11.889511108398438,-6.001537834810847
141.3408,179.11485,37.7740478515625,37.7740478515625,26.72550778043749
246.73596,192.78937,-53.94659423828125,53.94659423828125,-21.86409869878259
138.00035,187.79944,49.79908752441406,49.79908752441406,36.08620353558512
362.5614,220.98517,-141.57623291015625,141.57623291015625,-39.04889830420022
79.68815,173.9539,94.26575469970703,94.26575469970703,118.29331773399132
69.09674,140.64632,71.54957580566406,71.54957580566406,103.54985641486785
11.007223,31.138048,20.13082504272461,20.13082504272461,182.88740771674705
151.9253,172.01483,20.08953857421875,20.08953857421875,13.22330086166168
103.94149,160.00426,56.062767028808594,56.062767028808594,53.936851333682576
175.64018,190.69223,15.052047729492188,15.052047729492188,8.569820137775498
136.7917,162.06854,25.276840209960938,25.276840209960938,18.47834319655996
258.81903,230.19205,-28.626983642578125,28.626983642578125,-11.060617744501757
227.0293,231.08023,4.050933837890625,4.050933837890625,1.784322064883559
38.00616,196.06631,158.06015396118164,158.06015396118164,415.88034913275374
145.34155,183.7852,38.44364929199219,38.44364929199219,26.450556340382214
152.89406,194.46747,41.57341003417969,41.57341003417969,27.190991276004695
136.41547,168.2213,31.805831909179688,31.805831909179688,23.315414864491814
148.26418,168.05815,19.793975830078125,19.793975830078125,13.35047780400655
287.03522,169.95706,-117.07815551757812,117.07815551757812,-40.788777288351476
72.02171,173.44604,101.42433166503906,101.42433166503906,140.82465839621273
27.29183,88.35439,61.06256294250488,61.06256294250488,223.73934910868357
13.425559,60.728786,47.30322742462158,47.30322742462158,352.3371151249716
13.425559,58.806076,45.38051700592041,45.38051700592041,338.0158461750799
17.595804,41.366314,23.770509719848633,23.770509719848633,135.09191981285315
134.84341,70.45871,-64.38470458984375,64.38470458984375,-47.747756107265076
142.5348,238.65129,96.11648559570312,96.11648559570312,67.43369480517465
129.51935,213.12744,83.60809326171875,83.60809326171875,64.55258960106877
43.64388,138.84398,95.20009994506836,95.20009994506836,218.12932824554116
130.91898,229.47705,98.55807495117188,98.55807495117188,75.28173385582546
121.70166,229.52019,107.81852722167969,107.81852722167969,88.5924868101667
281.31653,159.98497,-121.33155822753906,121.33155822753906,-43.12990742207247
143.56284,184.01338,40.45054626464844,40.45054626464844,28.17619620655035
199.96216,179.63908,-20.323074340820312,20.323074340820312,-10.163460188390138
252.67647,196.91856,-55.757904052734375,55.757904052734375,-22.0669160516335
268.82385,217.13475,-51.68910217285156,51.68910217285156,-19.227870475273644
132.10793,186.43327,54.325347900390625,54.325347900390625,41.12194459924981
134.52051,107.27708,-27.243431091308594,27.243431091308594,-20.252251150643563
22.236275,55.56592,33.329647064208984,33.329647064208984,149.88862786163094
20.03321,49.325905,29.292694091796875,29.292694091796875,146.22066552847082
14.55694,38.568947,24.012006759643555,24.012006759643555,164.95229512361652
208.87535,196.76987,-12.105484008789062,12.105484008789062,-5.7955541204870675
174.18164,175.0951,0.9134521484375,0.9134521484375,0.5244250456935894
64.96127,166.65921,101.69793701171875,101.69793701171875,156.55163763341196
112.69935,158.64755,45.948204040527344,45.948204040527344,40.77060308918475
168.92595,232.53752,63.611572265625,63.611572265625,37.65648356915185
230.14577,231.60141,1.4556427001953125,1.4556427001953125,0.6324872787492907
258.6348,231.77478,-26.860015869140625,26.860015869140625,-10.38530633532135
91.98931,191.28117,99.29186248779297,99.29186248779297,107.93847803926326
146.35747,188.43411,42.07664489746094,42.07664489746094,28.749229931806546
312.0042,156.52434,-155.47987365722656,155.47987365722656,-49.83262019019628
83.20815,177.98357,94.7754135131836,94.7754135131836,113.90159540498716
222.44527,186.27893,-36.16633605957031,36.16633605957031,-16.258532533534893
215.09016,210.9467,-4.143463134765625,4.143463134765625,-1.926384291198965
80.24961,122.73017,42.480560302734375,42.480560302734375,52.935534298358974
12.556519,82.98068,70.42416381835938,70.42416381835938,560.8574025645762
0.0,80.11145,80.1114501953125,80.1114501953125,8011.14501953125
10.281842,38.264088,27.982245445251465,27.982245445251465,272.15206005439234
17.32422,54.86028,37.53605842590332,37.53605842590332,216.66809242574027
63.660675,94.471,30.810325622558594,30.810325622558594,48.39773627742227
96.30539,226.607,130.30160522460938,130.30160522460938,135.3004292185497
268.2576,178.46039,-89.79721069335938,89.79721069335938,-33.474246794607446
163.8582,178.24155,14.383346557617188,14.383346557617188,8.77792295484025
236.57306,235.7025,-0.8705596923828125,0.8705596923828125,-0.36798767186797365
131.5274,229.18216,97.65475463867188,97.65475463867188,74.24669771154252
282.44772,246.0083,-36.439422607421875,36.439422607421875,-12.901298042072785
116.63041,213.42339,96.79297637939453,96.79297637939453,82.99120015914195
13.77883,209.33131,195.5524845123291,195.5524845123291,1419.224205175057
233.6504,238.03946,4.3890533447265625,4.3890533447265625,1.8784702419517945
202.19217,196.00305,-6.189117431640625,6.189117431640625,-3.0610074843410233
225.40479,156.12337,-69.28141784667969,69.28141784667969,-30.736445013203245
262.43842,182.89641,-79.54200744628906,79.54200744628906,-30.308827801165215
133.66383,183.99002,50.32618713378906,50.32618713378906,37.651312080091394
170.06715,193.71797,23.65081787109375,23.65081787109375,13.906752317814483
11.45864,58.51848,47.05983829498291,47.05983829498291,410.69304812923235
29.380548,53.1868,23.806249618530273,23.806249618530273,81.02724711564348
86.56071,60.930035,-25.630672454833984,25.630672454833984,-29.61005439512907
79.65927,91.534294,11.875022888183594,11.875022888183594,14.907270306768444
132.74318,214.1862,81.44302368164062,81.44302368164062,61.35382932520961
250.32407,229.17097,-21.153091430664062,21.153091430664062,-8.450282769442296
141.53642,216.71657,75.18014526367188,75.18014526367188,53.1171721129041
110.097435,218.0945,107.99706268310547,107.99706268310547,98.09226044684901
124.21034,185.23302,61.022674560546875,61.022674560546875,49.12849717496356
169.92625,172.34724,2.420989990234375,2.420989990234375,1.4247298044671441
130.77776,191.36159,60.583831787109375,60.583831787109375,46.325792521478235
180.05498,191.45384,11.39886474609375,11.39886474609375,6.330769029336489
206.57149,165.16432,-41.40716552734375,41.40716552734375,-20.044956853992307
142.02821,165.56119,23.532974243164062,23.532974243164062,16.569224989232335
147.6337,172.40268,24.76898193359375,24.76898193359375,16.777322759904013
12.755049,54.7431,41.98805046081543,41.98805046081543,329.1876909117092
15.123082,64.06599,48.942904472351074,48.942904472351074,323.63048716834805
11.332071,66.40613,55.07405662536621,55.07405662536621,486.00167741942005
20.264883,47.57796,27.313077926635742,27.313077926635742,134.78033833632873
20.264883,39.4921,19.227216720581055,19.227216720581055,94.87948527172934
121.38541,105.7791,-15.606307983398438,15.606307983398438,-12.856823924836275
121.38541,133.94142,12.556015014648438,12.556015014648438,10.343924675372346
92.49693,219.40878,126.91184997558594,126.91184997558594,137.20654932241308
139.34618,230.8305,91.48432922363281,91.48432922363281,65.65255807724564
111.0633,208.31944,97.25614166259766,97.25614166259766,87.5682072396859
220.28386,207.5989,-12.684951782226562,12.684951782226562,-5.758457213000665
173.64236,214.24171,40.59934997558594,40.59934997558594,23.381016546298685
229.94194,225.64201,-4.2999267578125,4.2999267578125,-1.870005424873793
112.72338,186.77628,74.05289459228516,74.05289459228516,65.69435187929457
140.14198,176.7756,36.63362121582031,36.63362121582031,26.140361669776123
123.37081,197.87418,74.50336456298828,74.50336456298828,60.38978238032699
157.10269,147.84215,-9.260543823242188,9.260543823242188,-5.894579988387591
223.05257,120.44366,-102.6089096069336,102.6089096069336,-46.00212012978817
15.935845,54.2366,38.300753593444824,38.300753593444824,240.3434062769207
19.61031,42.842686,23.232376098632812,23.232376098632812,118.47021577695753
59.107616,92.3753,33.26768112182617,33.26768112182617,56.283239173222185
191.54631,233.86122,42.314910888671875,42.314910888671875,22.09121689414291
234.05948,237.96983,3.9103546142578125,3.9103546142578125,1.6706670607736118
110.65181,196.2783,85.62649536132812,85.62649536132812,77.3837279294155
200.91109,163.56396,-37.34712219238281,37.34712219238281,-18.588880655285156
144.82848,183.75458,38.92610168457031,38.92610168457031,26.877381280620227
149.15617,194.38199,45.22581481933594,45.22581481933594,30.321114906355422
169.86418,197.16258,27.29840087890625,27.29840087890625,16.070722288161956
314.16855,228.86975,-85.29879760742188,85.29879760742188,-27.150648272043554
251.62143,232.66052,-18.960906982421875,18.960906982421875,-7.5354897332740975
310.38412,208.83344,-101.55068969726562,101.55068969726562,-32.71774604359773
167.95488,223.9527,55.99781799316406,55.99781799316406,33.340989004270064
218.85144,193.71039,-25.14105224609375,25.14105224609375,-11.487725279181362
145.26996,184.99292,39.72296142578125,39.72296142578125,27.34423678302998
174.0302,178.98138,4.9511871337890625,4.9511871337890625,2.845016103558688
18.235899,38.923786,20.68788719177246,20.68788719177246,113.44594102017777
14.919863,38.169018,23.249155044555664,23.249155044555664,155.82686944577077
28.762028,53.006817,24.244789123535156,24.244789123535156,84.29443620003892
54.552094,162.74185,108.18975830078125,108.18975830078125,198.3237513866644
120.45787,163.14983,42.69195556640625,42.69195556640625,35.44139988120583
189.14107,177.03683,-12.104232788085938,12.104232788085938,-6.399579397411119
264.77682,171.47412,-93.30270385742188,93.30270385742188,-35.238244085232175
145.04385,196.39279,51.34893798828125,51.34893798828125,35.4023536035728
318.99243,173.52783,-145.464599609375,145.464599609375,-45.60126986751038
205.27376,235.32101,30.047256469726562,30.047256469726562,14.637651091915963
218.88893,231.54327,12.654342651367188,12.654342651367188,5.781170650197401
141.37909,228.2031,86.82400512695312,86.82400512695312,61.41219718048399
151.0531,186.152,35.09889221191406,35.09889221191406,23.236128272617293
209.02155,219.6814,10.65985107421875,10.65985107421875,5.099881475520271
209.02155,202.71313,-6.30841064453125,6.30841064453125,-3.0180671720479624
190.89453,208.99886,18.104324340820312,18.104324340820312,9.483940803474596
206.0471,222.9033,16.856201171875,16.856201171875,8.180751320601773
124.301155,194.51987,70.21871185302734,70.21871185302734,56.490795923817494
107.17008,190.4434,83.27332305908203,83.27332305908203,77.70202414081814
208.58047,161.57219,-47.00828552246094,47.00828552246094,-22.53724158767712
226.12314,150.25664,-75.86650085449219,75.86650085449219,-33.5509675754558
128.23137,115.98251,-12.248855590820312,12.248855590820312,-9.552152242130349
4.5391397,41.297142,36.758002281188965,36.758002281188965,809.801070796845
15.598438,47.283253,31.684814453125,31.684814453125,203.12812038629144
14.193304,43.1984,29.005094528198242,29.005094528198242,204.35759286014056
19.291132,76.61961,57.328481674194336,57.328481674194336,297.17531222967835
39.004368,64.62327,25.618900299072266,25.618900299072266,65.6821318366268
170.52155,163.02429,-7.49725341796875,7.49725341796875,-4.396660492335776
97.65907,184.98813,87.32905578613281,87.32905578613281,89.4223682596675
186.68996,181.30643,-5.3835296630859375,5.3835296630859375,-2.8836739582864217
240.02133,196.9838,-43.03753662109375,43.03753662109375,-17.930713199802824
93.51077,218.73508,125.22430419921875,125.22430419921875,133.91430802754815
146.15149,181.8922,35.74070739746094,35.74070739746094,24.454562576789087
185.76566,198.74692,12.98126220703125,12.98126220703125,6.987977498242614
192.4482,192.77843,0.330230712890625,0.330230712890625,0.17159460002687854
164.6868,190.691,26.004196166992188,26.004196166992188,15.790091535983702
171.15318,133.01343,-38.13975524902344,38.13975524902344,-22.283988287102396
125.21889,150.52832,25.309432983398438,25.309432983398438,20.21215291338592
167.64998,178.19423,10.54425048828125,10.54425048828125,6.289443383150199
9.081289,50.542755,41.46146583557129,41.46146583557129,456.55924511642104
30.249826,70.19543,39.945600509643555,39.945600509643555,132.05232962376593
26.161963,61.47061,35.30864906311035,35.30864906311035,134.96177532841517
20.598177,63.455143,42.85696601867676,42.85696601867676,208.061937276567
16.67079,80.47032,63.79953193664551,63.79953193664551,382.702517477957
16.384031,35.46339,19.07935905456543,19.07935905456543,116.45094366661696
30.129461,64.3089,34.1794376373291,34.1794376373291,113.44191424500912
42.147778,68.96961,26.821834564208984,26.821834564208984,63.63760112309161
75.33035,227.39516,152.06480407714844,152.06480407714844,201.86392132635183
223.88957,190.55977,-33.329803466796875,33.329803466796875,-14.886715423006077
198.5515,163.2612,-35.29029846191406,35.29029846191406,-17.773876673795066
191.8585,227.39807,35.53956604003906,35.53956604003906,18.52384182494821
172.81642,226.19722,53.38079833984375,53.38079833984375,30.888730291831045
158.64174,216.88402,58.242279052734375,58.242279052734375,36.713086643944806
115.24314,188.5914,73.34825897216797,73.34825897216797,63.64652874327821
64.53223,168.39676,103.86453247070312,103.86453247070312,160.94986645177886
169.44063,196.65048,27.209854125976562,27.209854125976562,16.058636254384613
197.06804,204.52884,7.4608001708984375,7.4608001708984375,3.78590065188283
187.003,197.46172,10.458709716796875,10.458709716796875,5.592802993677333
246.82234,202.23831,-44.58403015136719,44.58403015136719,-18.06320684130299
241.841,207.843,-33.99800109863281,33.99800109863281,-14.057997038605889
251.26462,199.36717,-51.89744567871094,51.89744567871094,-20.65449807789916
158.34117,173.5766,15.235427856445312,15.235427856445312,9.621899178060964
24.95254,79.29596,54.34342002868652,54.34342002868652,217.7871320500795
26.89559,81.681816,54.78622627258301,54.78622627258301,203.69966459908792
20.059746,53.565487,33.505741119384766,33.505741119384766,167.02973942206793
7.684713,52.15848,44.47376871109009,44.47376871109009,578.7303880594274
10.157159,28.44046,18.28330135345459,18.28330135345459,180.00408992847602
31.381506,79.7645,48.38299751281738,48.38299751281738,154.17678668751563
149.22989,139.6854,-9.54449462890625,9.54449462890625,-6.395833099009911
58.403522,227.68475,169.28123092651367,169.28123092651367,289.8476388154172
141.04265,185.67787,44.635223388671875,44.635223388671875,31.646614638750297
199.24469,193.54431,-5.70037841796875,5.70037841796875,-2.8609938963217103
111.86147,156.84601,44.984535217285156,44.984535217285156,40.21450279284953
145.1654,166.9264,21.761001586914062,21.761001586914062,14.990487262391786
290.2311,226.18742,-64.04368591308594,64.04368591308594,-22.06644421996252
155.30345,186.43219,31.128738403320312,31.128738403320312,20.043816215949608
193.65376,200.67989,7.026123046875,7.026123046875,3.628188238976123
127.22995,173.957,46.72705078125,46.72705078125,36.726455366195495
61.6937,141.67197,79.97826766967773,79.97826766967773,129.6376601138479
140.67833,122.68521,-17.993118286132812,17.993118286132812,-12.7902558654243
122.476295,120.528275,-1.9480209350585938,1.9480209350585938,-1.5905289489400034
121.23127,173.4126,52.18132781982422,52.18132781982422,43.04279571618043
27.080744,58.21509,31.134347915649414,31.134347915649414,114.96858490098928
7.5390973,52.848164,45.30906629562378,45.30906629562378,600.987949059345
19.0815,80.21565,61.13415336608887,61.13415336608887,320.3844364982271
11.131058,38.397346,27.26628875732422,27.26628875732422,244.95685312240826
13.241967,55.254387,42.01241970062256,42.01241970062256,317.2672085814481
10.421568,86.10682,75.68525123596191,75.68525123596191,726.2367029575745
129.8516,119.66386,-10.187736511230469,10.187736511230469,-7.8456769566557005
173.71956,234.5557,60.83613586425781,60.83613586425781,35.01973889064317
220.5041,186.17903,-34.3250732421875,34.3250732421875,-15.566636867025485
242.24675,191.26518,-50.9815673828125,50.9815673828125,-21.04530500760178
69.80078,151.60822,81.80743408203125,81.80743408203125,117.20131582629134
177.36516,207.0681,29.70294189453125,29.70294189453125,16.746773839852587
287.10828,230.0932,-57.01507568359375,57.01507568359375,-19.85838806355977
230.22504,230.62639,0.4013519287109375,0.4013519287109375,0.1743302703308875
54.432957,213.48495,159.05199813842773,159.05199813842773,292.1979767294381
80.153786,170.55534,90.40155792236328,90.40155792236328,112.7851381274
124.544205,198.46742,73.9232177734375,73.9232177734375,59.355004068178786
203.2348,200.86732,-2.3674774169921875,2.3674774169921875,-1.164897640968719
198.70502,192.88959,-5.8154296875,5.8154296875,-2.9266647479115107
169.1635,194.34735,25.183853149414062,25.183853149414062,14.887285648709275
173.06476,144.11351,-28.951248168945312,28.951248168945312,-16.728563604283273
131.832,148.75343,16.921432495117188,16.921432495117188,12.835603192780527
13.858114,61.51095,47.65283393859863,47.65283393859863,343.8623257432274
13.081357,49.547688,36.46633052825928,36.46633052825928,278.76565498490646
12.326738,39.11676,26.790021896362305,26.790021896362305,217.3326075341483
41.7811,114.52072,72.73962020874023,72.73962020874023,174.0969435292689
99.07402,89.881615,-9.192405700683594,9.192405700683594,-9.278321062265562
225.4282,158.70486,-66.72334289550781,66.72334289550781,-29.59848887848599
122.45371,234.89496,112.44124603271484,112.44124603271484,91.82346845249107
273.3076,193.68373,-79.62385559082031,79.62385559082031,-29.133423100685224
19.172796,168.80627,149.63347816467285,149.63347816467285,780.4468175550362
257.57614,219.55376,-38.02238464355469,38.02238464355469,-14.761609690702473
257.57614,234.32317,-23.252975463867188,23.252975463867188,-9.027612317400363
302.6306,234.56894,-68.06167602539062,68.06167602539062,-22.490016739608336
199.65765,232.65514,32.99748229980469,32.99748229980469,16.52703098045941
212.923,184.95737,-27.96563720703125,27.96563720703125,-13.13415491135881
162.65636,174.86746,12.211105346679688,12.211105346679688,7.507302872170679
148.17255,180.46599,32.29344177246094,32.29344177246094,21.79448390404089
118.73864,114.1677,-4.5709381103515625,4.5709381103515625,-3.849579308670244
18.481894,34.805096,16.32320213317871,16.32320213317871,88.31996623265515
20.847553,52.09565,31.248096466064453,31.248096466064453,149.8885556812632
10.649829,68.209724,57.559895515441895,57.559895515441895,540.4771851022037
18.357557,66.105194,47.747636795043945,47.747636795043945,260.0979859313282
162.04799,131.86783,-30.180160522460938,30.180160522460938,-18.624211709686378
72.91271,128.5052,55.592491149902344,55.592491149902344,76.24526581293036
88.757866,153.63968,64.8818130493164,64.8818130493164,73.09978939579777
201.04079,167.53554,-33.5052490234375,33.5052490234375,-16.665896292099927
138.01186,225.48776,87.47590637207031,87.47590637207031,63.382892497245635
251.30548,234.37262,-16.932861328125,16.932861328125,-6.737959420399675
110.92383,208.41438,97.49055480957031,97.49055480957031,87.8896414390858
122.057274,175.25778,53.20050811767578,53.20050811767578,43.5865118342953
104.44872,172.14946,67.70073699951172,67.70073699951172,64.81719944401523
111.76846,165.76782,53.999359130859375,53.999359130859375,48.313591881235105
177.09785,170.2078,-6.8900604248046875,6.8900604248046875,-3.8905386176541414
200.39133,181.41637,-18.974960327148438,18.974960327148438,-9.468952883480092
19.818699,56.057858,36.239158630371094,36.239158630371094,182.85336915508915
15.962514,59.855637,43.89312267303467,43.89312267303467,274.97625300746944
19.907438,72.22371,52.31627082824707,52.31627082824707,262.79760407717333
4.1996026,61.003708,56.804105281829834,56.804105281829834,1352.6066782821565
18.224764,65.17624,46.95147514343262,46.95147514343262,257.6246006682348
185.60912,228.43735,42.82823181152344,42.82823181152344,23.07442265049413
115.10348,215.95041,100.84693145751953,100.84693145751953,87.61414830127151
94.141335,187.69841,93.55707550048828,93.55707550048828,99.37938097425841
78.78939,182.01671,103.2273178100586,103.2273178100586,131.01677404936126
176.03539,194.85384,18.818450927734375,18.818450927734375,10.690152388192246
172.65764,226.78836,54.13072204589844,54.13072204589844,31.351478278375694
289.66052,233.47552,-56.18499755859375,56.18499755859375,-19.396843270615392
200.86081,231.52495,30.664138793945312,30.664138793945312,15.266362261913788
58.332,218.83461,160.5026092529297,160.5026092529297,275.1536159186114
62.630344,143.78307,81.1527214050293,81.1527214050293,129.57412607946722
250.51883,190.34966,-60.16917419433594,60.16917419433594,-24.017825067873666
161.15862,192.16774,31.009124755859375,31.009124755859375,19.241369587502607
87.71063,148.30608,60.59544372558594,60.59544372558594,69.08563092054493
87.71063,150.64622,62.93559265136719,62.93559265136719,71.7536642749631
141.7599,154.08035,12.320449829101562,12.320449829101562,8.691068188083218
120.40731,176.73601,56.328697204589844,56.328697204589844,46.781791717882626
258.56558,154.31613,-104.24945068359375,104.24945068359375,-40.31837871312691
177.2054,161.15549,-16.049911499023438,16.049911499023438,-9.057236195672681
83.7153,116.0301,32.314796447753906,32.314796447753906,38.60082429790502
50.72629,118.51608,67.78979110717773,67.78979110717773,133.6383735011291
40.566452,96.98005,56.413597106933594,56.413597106933594,139.06465635758866
27.978651,43.44841,15.469758987426758,15.469758987426758,55.29129678759872
7.5238833,55.312748,47.788864612579346,47.788864612579346,635.1622218953405
18.555424,55.666245,37.11082077026367,37.11082077026367,199.99985609123652
40.874557,62.42296,21.54840087890625,21.54840087890625,52.718371034305115
91.91867,108.180626,16.26195526123047,16.26195526123047,17.691678029582427
181.23735,134.96478,-46.27256774902344,46.27256774902344,-25.53147440667793
326.6872,232.58469,-94.10250854492188,94.10250854492188,-28.805080222246175
93.3552,232.49907,139.14386749267578,139.14386749267578,149.04779265351902
107.00673,211.80406,104.79733276367188,104.79733276367188,97.93527343527751
183.61784,187.33238,3.71453857421875,3.71453857421875,2.0229725503941927
148.56093,161.66241,13.101486206054688,13.101486206054688,8.818931297772647
216.01999,233.75719,17.737197875976562,17.737197875976562,8.21090583189224
121.95724,190.12962,68.1723861694336,68.1723861694336,55.898598320356626
151.96207,141.31827,-10.643798828125,10.643798828125,-7.004247219546247
139.31888,200.92896,61.610076904296875,61.610076904296875,44.22234639832945
128.34424,168.76144,40.417205810546875,40.417205810546875,31.49125068004824
126.64515,125.02736,-1.6177902221679688,1.6177902221679688,-1.2774198080162376
21.060917,55.179363,34.118446350097656,34.118446350097656,161.99886505923843
149.20613,135.14124,-14.064895629882812,14.064895629882812,-9.426486389913741
179.10776,180.79747,1.6897125244140625,1.6897125244140625,0.943405549460445
198.72461,212.30768,13.58306884765625,13.58306884765625,6.8351216743491205
166.58536,151.61096,-14.974395751953125,14.974395751953125,-8.989022781927243
228.16238,222.07188,-6.0904998779296875,6.0904998779296875,-2.6693707219693907
228.90927,243.7903,14.881027221679688,14.881027221679688,6.500840765886863
245.52248,188.61482,-56.90765380859375,56.90765380859375,-23.178185024126876
134.63197,183.0694,48.43742370605469,48.43742370605469,35.97765265620649
60.792065,169.39864,108.60657119750977,108.60657119750977,178.65254584273927
201.08997,169.5367,-31.553268432617188,31.553268432617188,-15.69112029230348
22.924946,59.250626,36.325679779052734,36.325679779052734,158.4548118297328
18.605549,44.705948,26.100399017333984,26.100399017333984,140.28287590779632
8.875913,37.66451,28.788596153259277,28.788596153259277,324.34519395955914
19.970032,49.204308,29.234275817871094,29.234275817871094,146.3907328791616
16.10245,50.34581,34.24336051940918,34.24336051940918,212.65932674201798
12.547924,32.58156,20.033634185791016,20.033634185791016,159.65696093742164
19.349876,80.857666,61.507789611816406,61.507789611816406,317.87174413015873
28.634119,53.233383,24.59926414489746,24.59926414489746,85.90892604675096
25.377897,52.471714,27.09381675720215,27.09381675720215,106.76147230353676
91.88445,213.36357,121.47911834716797,121.47911834716797,132.20856697636953
192.33908,206.9003,14.56121826171875,14.56121826171875,7.57059782149083
335.21417,233.50969,-101.70448303222656,101.70448303222656,-30.34015009425272
106.79575,192.69719,85.90143585205078,85.90143585205078,80.43525426218285
78.18318,170.16438,91.981201171875,91.981201171875,117.64832166981893
18.419184,53.007603,34.58841896057129,34.58841896057129,187.7847545557053
15.376159,47.175575,31.799416542053223,31.799416542053223,206.80988752080793
72.15042,227.36995,155.2195281982422,155.2195281982422,215.13322547557868
147.70923,222.76598,75.05674743652344,75.05674743652344,50.813851098398885
152.3384,212.25842,59.92002868652344,59.92002868652344,39.33350421273825
127.986534,210.5416,82.55506134033203,82.55506134033203,64.50292752188898
141.48618,180.31909,38.832916259765625,38.832916259765625,27.4464385741916
177.62595,200.7627,23.136749267578125,23.136749267578125,13.025545976108022
181.9853,213.0167,31.031387329101562,31.031387329101562,17.051589519853497
204.67894,181.7423,-22.9366455078125,22.9366455078125,-11.206158058107004
150.52766,194.50124,43.97357177734375,43.97357177734375,29.212950334116204
149.08104,179.53445,30.453414916992188,30.453414916992188,20.42742325495705
170.38356,187.26793,16.884368896484375,16.884368896484375,9.909623251551528
90.24466,131.36647,41.12181091308594,41.12181091308594,45.567029867063994
38.925804,88.50683,49.581024169921875,49.581024169921875,127.37315327876868
27.234867,41.0986,13.863731384277344,13.863731384277344,50.904347487490995
33.21469,99.65276,66.43807220458984,66.43807220458984,200.02616276131752
13.461788,45.666454,32.20466613769531,32.20466613769531,239.23022493806192
131.41365,178.0312,46.6175537109375,46.6175537109375,35.473905130147784
66.9926,225.0352,158.0426025390625,158.0426025390625,235.91053899768747
122.57714,175.89168,53.314537048339844,53.314537048339844,43.494681550619426
116.50697,138.2667,21.759719848632812,21.759719848632812,18.676753192137518
236.9423,229.75197,-7.190338134765625,7.190338134765625,-3.0346366760815497
211.77673,203.48662,-8.290115356445312,8.290115356445312,-3.914554362706247
218.7258,201.36276,-17.363037109375,17.363037109375,-7.9382666078990045
259.73154,195.29576,-64.43577575683594,64.43577575683594,-24.808606815532535
188.64595,179.93614,-8.709808349609375,8.709808349609375,-4.6170131587536165
28.201107,89.31656,61.11545181274414,61.11545181274414,216.71295299949912
46.60618,83.24193,36.63574981689453,36.63574981689453,78.60706705856258
18.109356,52.997044,34.88768768310547,34.88768768310547,192.6500744956195
59.855362,213.22978,153.37442016601562,153.37442016601562,256.241738749595
193.24908,213.82727,20.57818603515625,20.57818603515625,10.64852963795953
121.43421,178.19194,56.757728576660156,56.757728576660156,46.73948779970628
183.84904,230.27747,46.42842102050781,46.42842102050781,25.253555747904073
151.05724,209.27184,58.214599609375,58.214599609375,38.53810731591817
259.80814,209.98659,-49.82154846191406,49.82154846191406,-19.176284943030353
231.82132,206.52287,-25.298446655273438,25.298446655273438,-10.912907708876443
204.8326,192.68005,-12.152542114257812,12.152542114257812,-5.932914175744189
51.084457,89.2838,38.1993408203125,38.1993408203125,74.77683578608614
12.345255,34.44469,22.099435806274414,22.099435806274414,179.01157966148622
16.922726,51.659206,34.736480712890625,34.736480712890625,205.2652827617206
13.825682,52.22414,38.39845848083496,38.39845848083496,277.7328406063538
16.251549,37.264847,21.01329803466797,21.01329803466797,129.300279842995
17.601591,37.719006,20.117414474487305,20.117414474487305,114.29315877469564
14.486852,46.3607,31.873847007751465,31.873847007751465,220.01914346174746
11.780883,61.762985,49.982102394104004,49.982102394104004,424.2644892788893
175.24184,219.97104,44.72920227050781,44.72920227050781,25.524271573297536
32.868256,158.29193,125.42367553710938,125.42367553710938,381.59516892334176
142.5047,190.3407,47.83599853515625,47.83599853515625,33.5680146924979
44.319645,183.41556,139.0959129333496,139.0959129333496,313.8470832954256
270.35553,202.35574,-67.99978637695312,67.99978637695312,-25.151986508650516
287.84238,207.84003,-80.00234985351562,80.00234985351562,-27.79380533478569
21.567263,48.87417,27.30690574645996,27.30690574645996,126.61275651987887
47.27745,82.51619,35.238739013671875,35.238739013671875,74.53603905272925
16.128653,57.044853,40.91620063781738,40.91620063781738,253.68641585873513
16.128653,46.302006,30.17335319519043,30.17335319519043,187.07919374734732
14.115731,46.17528,32.059550285339355,32.059550285339355,227.11930215870547
237.35255,151.51564,-85.8369140625,85.8369140625,-36.1643102211186
112.521996,219.14131,106.61931610107422,106.61931610107422,94.75419946580269
125.44267,231.05983,105.61715698242188,105.61715698242188,84.19555696981794
117.80757,184.92241,67.11483764648438,67.11483764648438,56.96988473878516
125.38615,157.35869,31.97254180908203,31.97254180908203,25.499261832329122
125.38615,129.71935,4.333198547363281,4.333198547363281,3.455883019575819
202.48943,229.27559,26.786163330078125,26.786163330078125,13.228425752544377
196.23964,201.03244,4.7928009033203125,4.7928009033203125,2.442320481657345
233.23042,209.0834,-24.147018432617188,24.147018432617188,-10.353288445284456
59.357788,116.06449,56.706703186035156,56.706703186035156,95.53372019849505
15.659528,108.97752,93.31799602508545,93.31799602508545,595.9183274508448
14.766797,36.848816,22.082018852233887,22.082018852233887,149.53831053501366
16.695272,47.010845,30.31557273864746,30.31557273864746,181.5817791370882
21.875372,59.76872,37.89334678649902,37.89334678649902,173.2237829033843
213.02788,164.98233,-48.04554748535156,48.04554748535156,-22.55364320379744
221.44499,234.3803,12.935302734375,12.935302734375,5.841316443296693
113.771454,145.44891,31.677459716796875,31.677459716796875,27.84306488382841
121.16698,161.36592,40.198944091796875,40.198944091796875,33.176485137075
108.6233,183.07477,74.45146942138672,74.45146942138672,68.54097633758462
108.6233,227.55586,118.93256378173828,118.93256378173828,109.49084152784695
253.45148,231.70721,-21.7442626953125,21.7442626953125,-8.579260593914725
316.1403,229.69984,-86.44044494628906,86.44044494628906,-27.34243241690908
222.39809,219.83061,-2.567474365234375,2.567474365234375,-1.154449844909953
61.97269,206.44783,144.47513961791992,144.47513961791992,233.1271052789191
157.28134,210.26418,52.98283386230469,52.98283386230469,33.68666196462995
207.94772,174.51413,-33.43359375,33.43359375,-16.077884001408272
160.80753,162.89479,2.0872650146484375,2.0872650146484375,1.297989634756984
191.51366,176.50984,-15.003814697265625,15.003814697265625,-7.834331484429296
79.14541,127.873505,48.72809600830078,48.72809600830078,61.567811514971396
12.217646,48.541508,36.323862075805664,36.323862075805664,297.3065607795721
23.204956,46.26866,23.063705444335938,23.063705444335938,99.39129119650701
24.70152,45.581398,20.8798770904541,20.8798770904541,84.52871043141955
32.505306,67.83214,35.32683181762695,35.32683181762695,108.6801999420026
32.505306,66.02651,33.52120590209961,33.52120590209961,103.12533483173654
20.637466,47.306145,26.668678283691406,26.668678283691406,129.22457498981515
16.880228,57.44004,40.55981254577637,40.55981254577637,240.28000358413988
143.62361,202.16275,58.53913879394531,58.53913879394531,40.75871522994328
134.93063,206.70644,71.77580261230469,71.77580261230469,53.194593938083514
151.96724,218.24562,66.27838134765625,66.27838134765625,43.613598311130524
213.6948,227.65439,13.9595947265625,13.9595947265625,6.532491730277446
110.97714,117.02441,6.047264099121094,6.047264099121094,5.449107781962816
207.9377,198.24391,-9.69378662109375,9.69378662109375,-4.661870693650038
202.37619,226.74785,24.371658325195312,24.371658325195312,12.042749842681772
235.71027,232.04765,-3.6626129150390625,3.6626129150390625,-1.5538622799224315
141.17897,231.48697,90.30799865722656,90.30799865722656,63.96703307986497
188.63965,210.69792,22.058273315429688,22.058273315429688,11.693338859639587
101.94497,207.50395,105.5589828491211,105.5589828491211,103.54506328369331
166.37222,190.68204,24.309814453125,24.309814453125,14.611702620382506
16.490587,70.82501,54.33442497253418,54.33442497253418,329.48750823664204
223.00168,184.45857,-38.54310607910156,38.54310607910156,-17.283773980580293
215.98413,234.87674,18.892608642578125,18.892608642578125,8.747220718210498
249.28337,230.26778,-19.015594482421875,19.015594482421875,-7.628103875642061
193.46593,229.30746,35.84153747558594,35.84153747558594,18.526020580672757
313.7283,223.2813,-90.44700622558594,90.44700622558594,-28.829724844213406
313.7283,219.50227,-94.22602844238281,94.22602844238281,-30.034277379857237
223.96246,186.08344,-37.8790283203125,37.8790283203125,-16.913114701827357
16.388926,37.07153,20.68260383605957,20.68260383605957,126.19865634248964
16.841942,47.710278,30.868335723876953,30.868335723876953,183.28252186742782
271.11847,164.47708,-106.64138793945312,106.64138793945312,-39.33387062824107
66.10941,142.79004,76.68062591552734,76.68062591552734,115.99048042531108
212.30711,220.64076,8.333648681640625,8.333648681640625,3.925280005209232
176.07298,231.08443,55.011444091796875,55.011444091796875,31.24354640939226
160.16246,189.57233,29.409866333007812,29.409866333007812,18.362521575239985
211.53473,168.00606,-43.52867126464844,43.52867126464844,-20.577553137312325
211.53473,179.52057,-32.01416015625,32.01416015625,-15.1342336584641
22.418121,63.144444,40.726322174072266,40.726322174072266,181.66697182264562
17.686035,51.841255,34.15522003173828,34.15522003173828,193.1197112862704
17.940084,62.70373,44.76364707946777,44.76364707946777,249.51748240521695
8.989347,55.201656,46.21230888366699,46.21230888366699,514.0785702206681
20.347555,50.76175,30.414194107055664,30.414194107055664,149.4734569687473
55.334766,131.92418,76.58941268920898,76.58941268920898,138.4110165971571
183.07436,231.31677,48.24241638183594,48.24241638183594,26.351269186489272
158.69165,229.52156,70.82991027832031,70.82991027832031,44.63367171742812
145.13873,221.9363,76.79756164550781,76.79756164550781,52.91320938639241
294.07202,221.66443,-72.4075927734375,72.4075927734375,-24.62240114103638
207.6178,228.97086,21.353057861328125,21.353057861328125,10.284791613383074
95.63683,202.69943,107.0625991821289,107.0625991821289,111.94703505960084
149.10555,184.24454,35.13899230957031,35.13899230957031,23.566522827312646
114.43562,170.62709,56.19146728515625,56.19146728515625,49.10312517125792
54.714203,168.859,114.14479064941406,114.14479064941406,208.62003764902738
19.47566,54.4021,34.92643928527832,34.92643928527832,179.333787425245
21.978596,53.07822,31.099624633789062,31.099624633789062,141.49959811210755
21.48525,41.182816,19.69756507873535,19.69756507873535,91.6794761293019
19.246683,57.31861,38.07192802429199,38.07192802429199,197.81033326875308
178.15143,165.2978,-12.853622436523438,12.853622436523438,-7.21499825443936
102.74617,182.17445,79.42828369140625,79.42828369140625,77.30534739877328
35.31025,174.78275,139.47249603271484,139.47249603271484,394.99153555875574
74.51992,135.92543,61.40550994873047,61.40550994873047,82.40147018548805
177.67206,196.68112,19.009063720703125,19.009063720703125,10.698960727645236
237.09276,229.10373,-7.9890289306640625,7.9890289306640625,-3.3695794810578965
231.18918,222.01828,-9.1708984375,9.1708984375,-3.9668372448570786
218.27689,231.25813,12.981246948242188,12.981246948242188,5.947146849554778
205.68182,225.35565,19.673828125,19.673828125,9.56517584693392
99.99223,123.9811,23.988868713378906,23.988868713378906,23.990732007231397
152.56879,145.56236,-7.0064239501953125,7.0064239501953125,-4.592304956580564
20.40483,75.73492,55.33008575439453,55.33008575439453,271.16169664483334
15.021198,37.971092,22.949893951416016,22.949893951416016,152.78337676374406
12.300687,54.784645,42.48395824432373,42.48395824432373,345.3787484382517
216.70885,220.62338,3.9145355224609375,3.9145355224609375,1.8063570434814078
109.825455,194.56377,84.73831176757812,84.73831176757812,77.15726011775443
123.757996,185.42938,61.67138671875,61.67138671875,49.83224430634266
51.745518,155.25307,103.50754928588867,103.50754928588867,200.03191353606476
50.876278,169.52345,118.64717483520508,118.64717483520508,233.20726216138056
258.06396,223.07117,-34.9927978515625,34.9927978515625,-13.55973813420622
210.59283,221.35095,10.75811767578125,10.75811767578125,5.108491797795762
47.603146,49.705853,2.1027069091796875,2.1027069091796875,4.4171595862096265
14.525387,55.791187,41.26580047607422,41.26580047607422,284.0943309461799
16.217817,60.798416,44.58059883117676,44.58059883117676,274.8865521703598
166.2021,177.66891,11.466812133789062,11.466812133789062,6.8993183300265395
103.24716,174.5337,71.28654479980469,71.28654479980469,69.04455629768596
233.89917,215.79227,-18.106903076171875,18.106903076171875,-7.7413284887756495
131.19559,217.64328,86.44769287109375,86.44769287109375,65.89222606005048
252.84604,178.35442,-74.49162292480469,74.49162292480469,-29.461257638415404
37.400913,91.564316,54.16340255737305,54.16340255737305,144.81839577537693
67.13567,70.82667,3.6909942626953125,3.6909942626953125,5.497813709180422
18.209337,52.26167,34.05233192443848,34.05233192443848,187.00478488545593
14.359387,44.913204,30.55381679534912,30.55381679534912,212.77938918273333
220.32672,228.67581,8.349090576171875,8.349090576171875,3.789413526886147
156.37076,189.98944,33.618682861328125,33.618682861328125,21.499341231786293
104.82932,175.25986,70.43053436279297,70.43053436279297,67.1859098881391
17.992197,169.32204,151.3298397064209,151.3298397064209,841.0859407407518
193.72685,181.05812,-12.668731689453125,12.668731689453125,-6.539481507800477
179.36034,228.12564,48.76530456542969,48.76530456542969,27.188455134726873
215.89777,211.47339,-4.42437744140625,4.42437744140625,-2.049292830146647
222.54861,209.83978,-12.708831787109375,12.708831787109375,-5.710586792710785
123.51776,158.4361,34.9183349609375,34.9183349609375,28.26988978191099
14.118093,43.136112,29.018019676208496,29.018019676208496,205.53782035576722
14.544523,36.890575,22.346052169799805,22.346052169799805,153.63894575569216
12.913659,59.947445,47.033785820007324,47.033785820007324,364.2173412757581
186.64339,223.30312,36.65972900390625,36.65972900390625,19.64159010636239
146.80882,155.88113,9.072311401367188,9.072311401367188,6.179677241958774
104.65048,157.43712,52.78663635253906,52.78663635253906,50.44089167490719
90.40811,145.39473,54.98661804199219,54.98661804199219,60.8204475082304
289.33716,233.07617,-56.260986328125,56.260986328125,-19.444784305453013
147.16832,163.81871,16.650390625,16.650390625,11.313841632967241
139.17728,111.73674,-27.440536499023438,27.440536499023438,-19.716247628307134
93.81579,122.4365,28.620712280273438,28.620712280273438,30.50735148991719
87.26582,122.41927,35.15345001220703,35.15345001220703,40.28318149875513
63.526196,90.61108,27.084880828857422,27.084880828857422,42.63576718948904
18.345547,66.60563,48.26008224487305,48.26008224487305,263.0615646134732
15.451,42.85209,27.40108871459961,27.40108871459961,177.34184412501816
287.73077,232.61514,-55.115631103515625,55.115631103515625,-19.155278509671138
140.12532,227.24042,87.11509704589844,87.11509704589844,62.169418614514925
127.86111,216.77794,88.91683197021484,88.91683197021484,69.54173489115796
116.949844,201.7574,84.80755615234375,84.80755615234375,72.51617701262651
38.25543,166.97514,128.7197151184082,128.7197151184082,336.47437969110024
228.9784,233.0991,4.1207122802734375,4.1207122802734375,1.7996074722610353
180.66524,223.67212,43.00688171386719,43.00688171386719,23.804735391501257
198.27087,208.95062,10.67974853515625,10.67974853515625,5.386443464153894
121.346794,133.18715,11.840354919433594,11.840354919433594,9.75745177652017
66.30419,86.209274,19.90508270263672,19.90508270263672,30.02085120940121
33.341236,57.91058,24.56934356689453,24.56934356689453,73.69055988961357
19.529787,36.41384,16.88405418395996,16.88405418395996,86.45283294168617
31.959862,45.48143,13.521568298339844,13.521568298339844,42.30796866969377
14.554247,61.87077,47.3165225982666,47.3165225982666,325.1045754229311
25.21593,80.8186,55.6026725769043,55.6026725769043,220.50612651196144
140.78183,238.41168,97.62985229492188,97.62985229492188,69.34833309813556
97.98959,193.30931,95.31971740722656,95.31971740722656,97.27534730667786
149.57114,226.32968,76.758544921875,76.758544921875,51.31908918463372
110.81536,209.20163,98.38626861572266,98.38626861572266,88.78396253687919
117.948586,212.4636,94.51500701904297,94.51500701904297,80.13237853609213
67.00363,136.1717,69.16807556152344,69.16807556152344,103.23033829406876
201.98419,172.97858,-29.005615234375,29.005615234375,-14.360339273244053
234.60553,183.31068,-51.29484558105469,51.29484558105469,-21.864295197145932
112.07741,230.42635,118.34893798828125,118.34893798828125,105.59571306332585
241.72533,228.7561,-12.969223022460938,12.969223022460938,-5.365272728431923
216.27548,216.19977,-0.075714111328125,0.075714111328125,-0.0350081805694015
129.13446,124.78307,-4.351387023925781,4.351387023925781,-3.3696559452749133
115.84661,101.67505,-14.171562194824219,14.171562194824219,-12.233039939352935
88.90567,130.78171,41.87603759765625,41.87603759765625,47.101650006642046
33.911346,61.60001,27.688663482666016,27.688663482666016,81.6501448425001
15.188497,47.563236,32.37473964691162,32.37473964691162,213.1530231171811
9.029812,50.098297,41.068485260009766,41.068485260009766,454.8099772254026
144.17273,234.3398,90.16706848144531,90.16706848144531,62.541001199766654
88.31246,194.11603,105.8035659790039,105.8035659790039,119.80592971701532
160.78421,226.19351,65.4093017578125,65.4093017578125,40.68142118830188
160.68805,229.30565,68.61759948730469,68.61759948730469,42.702366342248474
102.633,198.25255,95.61954498291016,95.61954498291016,93.16646884442846
108.398125,168.4901,60.09197235107422,60.09197235107422,55.43635788926474
103.322975,155.07109,51.74811553955078,51.74811553955078,50.08384191422288
101.44379,90.77651,-10.667274475097656,10.667274475097656,-10.515453760555458
69.2032,78.05013,8.846931457519531,8.846931457519531,12.783991624811671
36.736156,70.32643,33.590274810791016,33.590274810791016,91.4365520085174
31.04873,74.101395,43.052663803100586,43.052663803100586,138.66158977894554
19.571938,54.911823,35.33988571166992,35.33988571166992,180.5640632229812
19.571938,59.539207,39.96726989746094,39.96726989746094,204.20701717866646
16.4901,63.97514,47.48503875732422,47.48503875732422,287.9608751865986
19.823986,47.329067,27.505081176757812,27.505081176757812,138.74647158535382
88.494965,222.52554,134.03057861328125,134.03057861328125,151.45559888033773
149.29736,183.76305,34.46568298339844,34.46568298339844,23.08525899313516
138.57614,201.61104,63.03489685058594,63.03489685058594,45.4875537975931
335.10706,229.4365,-105.67056274414062,105.67056274414062,-31.53337447185029
202.81921,230.50462,27.685409545898438,27.685409545898438,13.650289347846368
114.23009,211.0846,96.85450744628906,96.85450744628906,84.78896388186075
145.15186,197.97409,52.822235107421875,52.822235107421875,36.39101610987954
58.856403,108.32287,49.46646499633789,49.46646499633789,84.04602078975022
33.018738,61.862186,28.843448638916016,28.843448638916016,87.35478872562521
54.36721,70.67917,16.31195831298828,16.31195831298828,30.003301983898723
28.829763,63.72653,34.89676475524902,34.89676475524902,121.0442286881482
14.667369,53.51515,38.847779273986816,38.847779273986816,264.8585412173369
10.872992,30.333036,19.460044860839844,19.460044860839844,178.97599524539524
195.4687,208.0383,12.569595336914062,12.569595336914062,6.430489927703914
155.13821,213.22557,58.08735656738281,58.08735656738281,37.442326444275665
70.62524,203.39513,132.76988983154297,132.76988983154297,187.9921348092485
87.13997,147.5992,60.459228515625,60.459228515625,69.38174215368936
302.11133,227.80734,-74.30398559570312,74.30398559570312,-24.594902169626522
281.48425,228.7566,-52.72764587402344,52.72764587402344,-18.732005547462855
48.872257,53.89984,5.027584075927734,5.027584075927734,10.287194331935456
32.758904,61.352432,28.593528747558594,28.593528747558594,87.2847552561557
19.486643,50.543568,31.05692481994629,31.05692481994629,159.37545055293765
14.835536,47.859306,33.023770332336426,33.023770332336426,222.59910478062523
17.90922,68.9345,51.02528190612793,51.02528190612793,284.91069204413526
84.420784,199.77554,115.3547592163086,115.3547592163086,136.64260594995065
68.62264,205.1905,136.56786346435547,136.56786346435547,199.0128308310839
101.79262,224.30904,122.51641845703125,122.51641845703125,120.35884439118638
101.79262,226.47314,124.68052673339844,124.68052673339844,122.48484166209343
29.178322,160.48396,131.3056411743164,131.3056411743164,450.01094271846415
239.52808,229.62994,-9.89813232421875,9.89813232421875,-4.132347440187462
204.78183,230.56042,25.778594970703125,25.778594970703125,12.588321430471494
147.02658,227.13747,80.11088562011719,80.11088562011719,54.48734859946527
198.99428,190.67218,-8.322097778320312,8.322097778320312,-4.182078934068557
31.260263,50.605804,19.34554100036621,19.34554100036621,61.88540616634637
21.952105,37.937122,15.985017776489258,15.985017776489258,72.81770058366223
108.14654,201.74489,93.59835052490234,93.59835052490234,86.5477087344655
143.94777,231.36037,87.41259765625,87.41259765625,60.725218711816
167.2607,215.38611,48.12541198730469,48.12541198730469,28.77269616826818
202.11607,222.7817,20.665618896484375,20.665618896484375,10.224629109174257
231.7558,223.04576,-8.710037231445312,8.710037231445312,-3.758282335906446
17.47955,71.292274,53.81272506713867,53.81272506713867,307.8610541450002
67.351364,161.67503,94.32366943359375,94.32366943359375,140.04715516005092
85.34024,196.3003,110.96005249023438,110.96005249023438,130.02078722542214
165.21417,227.08575,61.87158203125,61.87158203125,37.44931875166475
236.05867,224.85985,-11.198822021484375,11.198822021484375,-4.7440841801741795
236.05867,227.3331,-8.725570678710938,8.725570678710938,-3.696356790066877
108.2952,191.30136,83.00616455078125,83.00616455078125,76.64805753903563
25.365076,97.9759,72.6108226776123,72.6108226776123,286.26298021484206
191.94992,227.95897,36.00904846191406,36.00904846191406,18.75960580716603
257.7879,222.4364,-35.35150146484375,35.35150146484375,-13.713405895496185
246.74345,227.14798,-19.595474243164062,19.595474243164062,-7.9416389481168235
29.331522,61.278973,31.947450637817383,31.947450637817383,108.91848929960108
24.654257,67.1448,42.49054145812988,42.49054145812988,172.34565927978417
17.742311,55.709072,37.96676063537598,37.96676063537598,213.9899340803418
14.229885,49.112846,34.88296127319336,34.88296127319336,245.13874163299852
190.86652,185.64656,-5.2199554443359375,5.2199554443359375,-2.7348722817562408
175.25827,203.5464,28.288131713867188,28.288131713867188,16.140825577764957
228.68521,213.2805,-15.404708862304688,15.404708862304688,-6.736206850765264
181.77151,223.87317,42.101654052734375,42.101654052734375,23.161854638013704
144.9271,223.27606,78.34896850585938,78.34896850585938,54.06095341496084
94.51551,179.64954,85.13402557373047,85.13402557373047,90.07413182253599
93.07881,156.95595,63.87713623046875,63.87713623046875,68.62693571308782
236.27402,222.78745,-13.486572265625,13.486572265625,-5.708021735864888
59.101784,94.66151,35.559722900390625,35.559722900390625,60.16691991791484
22.723038,51.69194,28.968902587890625,28.968902587890625,127.4869273430895
28.051262,64.839836,36.78857421875,36.78857421875,131.14766226013026
27.390224,52.848637,25.458412170410156,25.458412170410156,92.94707391162594
16.58115,35.676296,19.09514617919922,19.09514617919922,115.16177174646491
121.303345,205.09184,83.78849792480469,83.78849792480469,69.07352646679085
216.35106,213.54533,-2.80572509765625,2.80572509765625,-1.2968390869653623
234.56584,226.85767,-7.7081756591796875,7.7081756591796875,-3.2861458446563074
83.01519,203.95866,120.94347381591797,120.94347381591797,145.68836574911035
101.625694,225.57047,123.94477081298828,123.94477081298828,121.96204089657854
94.646324,164.31313,69.66680145263672,69.66680145263672,73.60750887329417
91.86271,162.91907,71.05635833740234,71.05635833740234,77.35060186639751
109.33504,179.98508,70.65003967285156,70.65003967285156,64.61793169128062
15.637781,66.108795,50.47101402282715,50.47101402282715,322.75048205807235
177.48386,214.29056,36.80670166015625,36.80670166015625,20.73805609589478
162.19576,173.60509,11.409332275390625,11.409332275390625,7.034297707142306
315.52524,187.14867,-128.37657165527344,128.37657165527344,-40.68662540401123
149.88748,183.11165,33.22416687011719,33.22416687011719,22.166071839777274
124.10921,188.54495,64.43574523925781,64.43574523925781,51.918585830345435
136.28964,216.23796,79.94831848144531,79.94831848144531,58.66059746897573
76.362076,163.44781,87.08573913574219,87.08573913574219,114.04317944075942
86.03637,136.36896,50.33258819580078,50.33258819580078,58.50152510087161
113.884926,129.80043,15.915504455566406,15.915504455566406,13.975075575504325
137.16371,204.29338,67.12966918945312,67.12966918945312,48.94127494212196
300.22623,219.1575,-81.0687255859375,81.0687255859375,-27.002546195988884
172.87117,204.85394,31.982772827148438,31.982772827148438,18.500929228984884
188.22185,198.42924,10.2073974609375,10.2073974609375,5.4230672977981005
119.24122,185.36317,66.12195587158203,66.12195587158203,55.45226446548557
118.25752,137.80489,19.54736328125,19.54736328125,16.52948823406074
111.604,201.6321,90.0280990600586,90.0280990600586,80.66745104424966
109.47896,200.91301,91.43405151367188,91.43405151367188,83.51746589074865
146.38316,130.58365,-15.799514770507812,15.799514770507812,-10.793259551104423
126.92334,152.84038,25.917037963867188,25.917037963867188,20.419442157583127
24.287628,50.14541,25.85778045654297,25.85778045654297,106.46482345446482
12.522352,59.877884,47.35553169250488,47.35553169250488,378.16802199558015
101.05189,232.17319,131.12129974365234,131.12129974365234,129.75640828857644
81.68046,165.65552,83.97505950927734,83.97505950927734,102.80924164075525
81.68046,187.34674,105.6662826538086,105.6662826538086,129.36543838275676
195.19452,197.20601,2.0114898681640625,2.0114898681640625,1.0305053021090553
128.92828,155.01831,26.09002685546875,26.09002685546875,20.236077072053497
94.709305,180.56053,85.85122680664062,85.85122680664062,90.64708792790697
144.74153,234.16011,89.4185791015625,89.4185791015625,61.77810767505596
205.69328,197.28056,-8.4127197265625,8.4127197265625,-4.089934100204632
190.6984,161.3841,-29.314300537109375,29.314300537109375,-15.372075140766913
93.57396,205.82446,112.25050354003906,112.25050354003906,119.95912572159017
145.53154,186.98549,41.453948974609375,41.453948974609375,28.48451201592022
143.29031,164.56763,21.277313232421875,21.277313232421875,14.84909389890438
73.447945,119.271484,45.82353973388672,45.82353973388672,62.38913826355939
82.39541,98.38835,15.992942810058594,15.992942810058594,19.40999271185551
184.79356,212.72632,27.932754516601562,27.932754516601562,15.115653346221183
178.5076,226.81468,48.30708312988281,48.30708312988281,27.061639635397995
269.93774,186.88739,-83.05035400390625,83.05035400390625,-30.7664844234013
62.991066,171.3966,108.4055404663086,108.4055404663086,172.09669146167838
104.445755,185.9249,81.47914123535156,81.47914123535156,78.01096486069964
140.00745,167.89484,27.88739013671875,27.88739013671875,19.918504962330232
91.038925,171.45836,80.41943359375,80.41943359375,88.33521863618941
34.30527,165.39897,131.09370040893555,131.09370040893555,382.138651056759
130.26321,154.98863,24.725418090820312,24.725418090820312,18.981120847892626
112.28432,197.32368,85.03936767578125,85.03936767578125,75.73574826412127
203.40741,202.17247,-1.2349395751953125,1.2349395751953125,-0.6071261500311915
102.3059,195.28831,92.98241424560547,92.98241424560547,90.88665827108801
103.234215,143.03873,39.80451202392578,39.80451202392578,38.557480296339214
142.47456,220.02068,77.54611206054688,77.54611206054688,54.42803971591952
196.08076,207.36491,11.284149169921875,11.284149169921875,5.754847592077071
116.35501,152.33377,35.978759765625,35.978759765625,30.921538712116618
82.13762,175.29996,93.16233825683594,93.16233825683594,113.4222532501104
122.08523,188.45874,66.3735122680664,66.3735122680664,54.36653833859675
121.804535,106.902306,-14.902229309082031,14.902229309082031,-12.234543910729636
39.330963,96.87632,57.54535675048828,57.54535675048828,146.31057102088226
93.527466,219.71683,126.18936157226562,126.18936157226562,134.92225034163124
180.57341,197.8599,17.286483764648438,17.286483764648438,9.573105897139772
161.69629,123.70418,-37.99211120605469,37.99211120605469,-23.495969775391508
96.43351,147.72829,51.294776916503906,51.294776916503906,53.191859353358176
55.410755,121.55357,66.14281845092773,66.14281845092773,119.36819533131752
118.27248,194.54016,76.26768493652344,76.26768493652344,64.48472830648018
154.4117,168.81412,14.402420043945312,14.402420043945312,9.327285618643169
115.01911,97.97861,-17.040504455566406,17.040504455566406,-14.815367823300743
211.78525,223.13802,11.352767944335938,11.352767944335938,5.3605093188126025
148.72113,208.02493,59.303802490234375,59.303802490234375,39.875841679159926
137.08676,205.13847,68.05171203613281,68.05171203613281,49.641344871026845
122.10932,117.6647,-4.444618225097656,4.444618225097656,-3.639868084655198
43.863422,72.85016,28.986736297607422,28.986736297607422,66.08407350746394
88.27067,127.2268,38.95613098144531,38.95613098144531,44.132588832680355
182.98299,203.46394,20.48095703125,20.48095703125,11.19282039744419
149.69217,166.14166,16.449493408203125,16.449493408203125,10.988880378494848
118.14527,140.34946,22.204185485839844,22.204185485839844,18.793968849772533
72.94118,115.34274,42.40156555175781,42.40156555175781,58.13117786369105
24.232372,70.816986,46.58461380004883,46.58461380004883,192.24124346641594
18.116049,63.412945,45.29689598083496,45.29689598083496,250.03739197624938
113.19934,116.14306,2.9437179565429688,2.9437179565429688,2.6004727017056513
45.426582,189.14973,143.72315216064453,143.72315216064453,316.38557154980737
18.96215,53.91749,34.95533752441406,34.95533752441406,184.34268512159176
116.31003,192.04622,75.73619079589844,75.73619079589844,65.11578756244347
60.106903,107.14274,47.03583526611328,47.03583526611328,78.25363287558838
135.77345,145.5413,9.767852783203125,9.767852783203125,7.1942287573377035
48.579475,94.42763,45.84815216064453,45.84815216064453,94.37761890275935
24.870432,66.10199,41.231557846069336,41.231557846069336,165.78545162309328
114.61019,110.433235,-4.1769561767578125,4.1769561767578125,-3.6444893143721355
90.26645,190.64241,100.37596130371094,100.37596130371094,111.1996344643459
24.501392,212.64003,188.1386375427246,188.1386375427246,767.8691673674152
90.62965,153.14502,62.51537322998047,62.51537322998047,68.97894428735596
90.62965,129.41444,38.78479766845703,38.78479766845703,42.79482404634932
53.357113,109.36835,56.011234283447266,56.011234283447266,104.97425976677184
28.855556,46.06196,17.206401824951172,17.206401824951172,59.62942295735858
154.50336,191.15326,36.64990234375,36.64990234375,23.72110423432566
53.789803,157.10172,103.3119125366211,103.3119125366211,192.06598209418925
21.118032,50.285366,29.167333602905273,29.167333602905273,138.11577221714984
24.054132,55.249176,31.195043563842773,31.195043563842773,129.68683702773382
22.340689,57.17133,34.83064079284668,34.83064079284668,155.90674599193798
233.25856,225.34532,-7.913238525390625,7.913238525390625,-3.3924750796976717
132.69269,108.160065,-24.532623291015625,24.532623291015625,-18.48830079708855
35.674206,136.33159,100.65738296508789,100.65738296508789,282.1573200136573
19.206944,56.878895,37.67195129394531,37.67195129394531,196.13714837283527
227.42946,218.77106,-8.658401489257812,8.658401489257812,-3.807071230730307
118.18455,161.94635,43.761802673339844,43.761802673339844,37.02836252883588
51.95668,66.118,14.16131591796875,14.16131591796875,27.256006035771165
43.055256,44.477814,1.4225578308105469,1.4225578308105469,3.304028280423016
26.739126,59.84864,33.109514236450195,33.109514236450195,123.82421916879538
23.626808,66.057434,42.430625915527344,42.430625915527344,179.58678809472835
94.202614,168.07101,73.86840057373047,73.86840057373047,78.41438530207961
188.38438,179.86899,-8.515396118164062,8.515396118164062,-4.520223985840225
78.22838,160.13779,81.90940856933594,81.90940856933594,104.70549224414958
79.608864,119.01651,39.40764617919922,39.40764617919922,49.50158095846152
74.4131,130.80682,56.39372253417969,56.39372253417969,75.78466913430026
36.128418,55.70086,19.57244110107422,19.57244110107422,54.17464201727237
48.625847,59.614445,10.988597869873047,10.988597869873047,22.59826528241134
42.714127,73.64965,30.935523986816406,30.935523986816406,72.42457345784483
109.09674,137.01726,27.920516967773438,27.920516967773438,25.59243913505397
105.20604,128.15343,22.9473876953125,22.9473876953125,21.811853977130244
143.61739,144.61288,0.9954986572265625,0.9954986572265625,0.693160268330934
61.118896,70.97232,9.853424072265625,9.853424072265625,16.12173098508846
109.56201,100.34843,-9.213584899902344,9.213584899902344,-8.409470358717016
88.878586,46.213905,-42.66468048095703,42.66468048095703,-48.003329586675605
46.585278,55.348186,8.762908935546875,8.762908935546875,18.81046844629129
65.25099,115.46262,50.211631774902344,50.211631774902344,76.95152268707751
96.24412,80.07085,-16.17327117919922,16.17327117919922,-16.80442562050983
90.784134,64.11414,-26.66999053955078,26.66999053955078,-29.37736958052343
29.237904,90.91403,61.67612838745117,61.67612838745117,210.94579571040194
77.13305,108.11893,30.985877990722656,30.985877990722656,40.17198644152023
123.50897,183.87064,60.361663818359375,60.361663818359375,48.872290618910824
121.3101,228.31659,107.0064926147461,107.0064926147461,88.20905719286681
56.511677,83.89444,27.382762908935547,27.382762908935547,48.45505294684552
78.9364,151.13724,72.20083618164062,72.20083618164062,91.46709874166277
36.155006,161.45602,125.30101776123047,125.30101776123047,346.56616111429867
77.07265,113.710495,36.637847900390625,36.637847900390625,47.536771191160305
136.61493,186.56021,49.945281982421875,49.945281982421875,36.55916836847982
154.77713,129.49677,-25.280364990234375,25.280364990234375,-16.33339820262762
223.90273,142.95262,-80.95010375976562,80.95010375976562,-36.15413956231456
20.1955,179.84131,159.64580917358398,159.64580917358398,790.5019125903431
82.54798,139.24466,56.696678161621094,56.696678161621094,68.68330066307576
25.274239,151.35352,126.07927703857422,126.07927703857422,498.84500618067494
113.288864,187.41298,74.12411499023438,74.12411499023438,65.42930371463449
218.74931,198.92896,-19.820358276367188,19.820358276367188,-9.060763653345731
156.75398,192.9664,36.21241760253906,36.21241760253906,23.1014338614249
78.13745,180.42416,102.28671264648438,102.28671264648438,130.90612902318694
31.697771,53.836414,22.138643264770508,22.138643264770508,69.84290224764649
19.474464,56.115456,36.6409912109375,36.6409912109375,188.1489032370286
173.91316,149.1498,-24.76336669921875,24.76336669921875,-14.23892612927331
201.72353,199.20096,-2.5225677490234375,2.5225677490234375,-1.2505074638697449
122.63205,177.5266,54.89454650878906,54.89454650878906,44.763621504740556
53.82434,56.661224,2.836883544921875,2.836883544921875,5.270633140482935
51.359997,141.14847,89.78847122192383,89.78847122192383,174.82180066942888
169.62831,176.20142,6.5731048583984375,6.5731048583984375,3.8750045989114996
21.26414,66.38045,45.11630821228027,45.11630821228027,212.17086588881244
13.893468,43.06977,29.176302909851074,29.176302909851074,210.00014620729024
207.67575,157.65237,-50.02337646484375,50.02337646484375,-24.087249613122122
210.59453,155.76918,-54.825347900390625,54.825347900390625,-26.033605131839437
112.38792,191.98705,79.59912872314453,79.59912872314453,70.82534417937141
41.35723,130.55869,89.20145416259766,89.20145416259766,215.6852664056339
48.464924,170.31924,121.85432052612305,121.85432052612305,251.4278592111998
99.94611,146.53604,46.589927673339844,46.589927673339844,46.6150468502734
60.140625,108.29008,48.149452209472656,48.149452209472656,80.06144300873603
94.42813,145.85742,51.429290771484375,51.429290771484375,54.46395070035398
45.475506,165.04837,119.5728645324707,119.5728645324707,262.9390533498877
87.99728,54.477806,-33.51947021484375,33.51947021484375,-38.0914860344379
31.185349,55.30929,24.123943328857422,24.123943328857422,77.35665779251313
31.098927,46.3666,15.26767349243164,15.26767349243164,49.093892262606936
197.71518,158.04668,-39.66850280761719,39.66850280761719,-20.063458414927243
82.23992,157.2453,75.00537872314453,75.00537872314453,91.20312530875003
37.28305,156.03787,118.75482177734375,118.75482177734375,318.5222777281653
83.01463,89.89988,6.885246276855469,6.885246276855469,8.294015179267438
123.38036,212.58128,89.20092010498047,89.20092010498047,72.2975014826817
99.122444,204.11107,104.9886245727539,104.9886245727539,105.91811518577678
82.585045,155.52682,72.94178009033203,72.94178009033203,88.32323117731882
28.36017,46.136463,17.77629280090332,17.77629280090332,62.68048665613865
44.243088,52.101646,7.858558654785156,7.858558654785156,17.762229200400757
187.61234,146.45499,-41.1573486328125,41.1573486328125,-21.93744275280386
275.15582,182.46645,-92.68937683105469,92.68937683105469,-33.68614042158729
74.774704,160.20503,85.43032836914062,85.43032836914062,114.2503063503546
74.21167,176.93034,102.71867370605469,102.71867370605469,138.4131010853009
53.19597,139.34422,86.14825439453125,86.14825439453125,161.9450808332504
46.593655,140.59859,94.00493240356445,94.00493240356445,201.75479503566612
179.42386,207.1185,27.69464111328125,27.69464111328125,15.435316865217155
73.41973,129.10669,55.68695831298828,55.68695831298828,75.84740157478679
91.845146,122.49129,30.646141052246094,30.646141052246094,33.367186320823485
12.812369,35.538994,22.726624488830566,22.726624488830566,177.38034140288354
47.004173,49.096916,2.092742919921875,2.092742919921875,4.452249181170833
118.14155,161.6547,43.513145446777344,43.513145446777344,36.83136553200445
58.10789,151.7858,93.67790603637695,93.67790603637695,161.21374273065692
44.378185,145.56671,101.18852615356445,101.18852615356445,228.0141144412998
55.455647,132.46788,77.01223373413086,77.01223373413086,138.87176252367607
69.93801,111.528824,41.59081268310547,41.59081268310547,59.468108954866494
103.4694,99.991104,-3.4782943725585938,3.4782943725585938,-3.361664823641395
37.23317,48.93687,11.70370101928711,11.70370101928711,31.43353402076051
94.95268,107.27297,12.320289611816406,12.320289611816406,12.975188576109959
236.20503,150.78108,-85.4239501953125,85.4239501953125,-36.165169448730815
255.84593,159.18517,-96.6607666015625,96.6607666015625,-37.78084953056038
253.71637,161.35394,-92.3624267578125,92.3624267578125,-36.40381063819601
38.299515,136.35075,98.05123901367188,98.05123901367188,256.0117004123909
30.751753,70.690605,39.938852310180664,39.938852310180664,129.87504322301837
220.25449,129.6271,-90.62738037109375,90.62738037109375,-41.146667195026836
246.87872,141.52911,-105.349609375,105.349609375,-42.67261594403367
277.33612,162.93658,-114.3995361328125,114.3995361328125,-41.249418172815055
47.43391,115.571075,68.13716506958008,68.13716506958008,143.64652742788923
33.25308,105.882484,72.6294059753418,72.6294059753418,218.4140817554472
112.48813,121.68931,9.201179504394531,9.201179504394531,8.179689371518425
131.13184,132.26201,1.1301727294921875,1.1301727294921875,0.8618599148042508
156.69061,145.6473,-11.043319702148438,11.043319702148438,-7.047850222361241
199.5935,199.64394,0.0504302978515625,0.0504302978515625,0.025266502351581278
26.12328,186.67068,160.54740524291992,160.54740524291992,614.575994577151
87.64315,153.76736,66.12421417236328,66.12421417236328,75.44709874496445
73.45676,141.33406,67.87730407714844,67.87730407714844,92.40443932795215
98.412865,105.578835,7.1659698486328125,7.1659698486328125,7.281537705019958
297.9324,226.76448,-71.16792297363281,71.16792297363281,-23.88727178453307
70.269165,81.19858,10.929412841796875,10.929412841796875,15.553639830103622
18.32821,77.26525,58.93704032897949,58.93704032897949,321.5646135535292
16.573711,52.615833,36.04212188720703,36.04212188720703,217.46560578765065
60.6413,115.62122,54.979923248291016,54.979923248291016,90.66415638464032
71.19327,121.460075,50.266807556152344,50.266807556152344,70.60612483984258
60.964725,83.61556,22.650836944580078,22.650836944580078,37.15400464923993
110.13091,121.72489,11.593978881835938,11.593978881835938,10.527451910723869
27.136768,57.434116,30.297348022460938,30.297348022460938,111.64685360346968
13.339355,58.025063,44.685707092285156,44.685707092285156,334.99150087850944
27.681263,49.913647,22.232383728027344,22.232383728027344,80.31564077168576
52.897575,53.362408,0.4648323059082031,0.4648323059082031,0.8787402874004943
42.78516,72.270454,29.485294342041016,29.485294342041016,68.91476927386749
53.328163,109.51187,56.18370819091797,56.18370819091797,105.3546660440477
131.49272,134.73178,3.2390594482421875,3.2390594482421875,2.4632994205864875
150.46796,114.30554,-36.16241455078125,36.16241455078125,-24.03329943572035
318.5363,155.08466,-163.45162963867188,163.45162963867188,-51.313347059729175
318.5363,170.10924,-148.4270477294922,148.4270477294922,-46.59659025750357
71.84482,204.10594,132.26112365722656,132.26112365722656,184.09278097842548
74.423096,124.589775,50.16667938232422,50.16667938232422,67.40740748334356
34.66321,54.317616,19.654403686523438,19.654403686523438,56.70104601720769
54.37661,65.0727,10.696090698242188,10.696090698242188,19.670389046211508
39.97451,58.805614,18.831104278564453,18.831104278564453,47.10777990201046
183.3769,142.94188,-40.435028076171875,40.435028076171875,-22.050229039634495
87.78459,175.09888,87.31428527832031,87.31428527832031,99.46424949126994
84.54831,77.58803,-6.9602813720703125,6.9602813720703125,-8.232312896073205
23.433626,92.48535,69.05172538757324,69.05172538757324,294.6693988890905
47.885216,123.45171,75.56649780273438,75.56649780273438,157.80757506160765
158.68866,141.3982,-17.29046630859375,17.29046630859375,-10.895842428042023
213.73697,135.02876,-78.70820617675781,78.70820617675781,-36.824797575807075
236.87407,192.50304,-44.37103271484375,44.37103271484375,-18.731907997401922
123.01367,196.12749,73.11381530761719,73.11381530761719,59.4355198029627
41.478954,187.54012,146.06116104125977,146.06116104125977,352.1331804350391
82.558815,169.53792,86.9791030883789,86.9791030883789,105.35410796025451
26.553244,42.763824,16.210580825805664,16.210580825805664,61.04934315130352
35.745403,43.783722,8.038318634033203,8.038318634033203,22.487698820642738
24.118107,50.75911,26.641002655029297,26.641002655029297,110.46058809471124
206.87593,122.93567,-83.94026184082031,83.94026184082031,-40.57517059710406
117.960266,161.78854,43.828277587890625,43.828277587890625,37.15511928889754
117.960266,134.32234,16.362075805664062,16.362075805664062,13.870836634050152
22.52885,53.53931,31.010459899902344,31.010459899902344,137.64776779719878
46.841904,62.37222,15.530315399169922,15.530315399169922,33.1547485838797
187.03458,96.612785,-90.42179107666016,90.42179107666016,-48.34495995838628
170.12666,122.567894,-47.55876922607422,47.55876922607422,-27.954918017715897
222.96562,159.22055,-63.74507141113281,63.74507141113281,-28.589641243406653
58.365948,93.9174,35.551448822021484,35.551448822021484,60.911285104987925
29.278667,60.693165,31.41449737548828,31.41449737548828,107.29483310395902
39.480465,120.02113,80.54066848754883,80.54066848754883,204.0013171565535
71.34338,171.38824,100.04486083984375,100.04486083984375,140.23004730984096
50.62257,147.14224,96.51967239379883,96.51967239379883,190.66529479172561
55.826176,131.37297,75.54679489135742,75.54679489135742,135.3250405531533
101.66181,123.154564,21.492752075195312,21.492752075195312,21.141421433083348
23.29904,76.48897,53.18992805480957,53.18992805480957,228.29236062294117
183.64754,128.93114,-54.716400146484375,54.716400146484375,-29.79424661574796
50.744114,130.21024,79.46612167358398,79.46612167358398,156.601653928861
108.84754,138.73346,29.88591766357422,29.88591766357422,27.456676712087763
118.86208,202.39287,83.5307846069336,83.5307846069336,70.27538319448306
101.64671,182.22144,80.57472229003906,80.57472229003906,79.2693828539707
109.522865,163.25882,53.73595428466797,53.73595428466797,49.06368559636279
22.572414,87.49891,64.92649459838867,64.92649459838867,287.63646392911
71.57993,165.09781,93.51787567138672,93.51787567138672,130.64817405438532
19.16278,59.336586,40.173805236816406,40.173805236816406,209.64496612658178
95.812256,112.53714,16.724884033203125,16.724884033203125,17.455892133205246
42.147675,155.39847,113.25079345703125,113.25079345703125,268.69998081232643
55.301983,129.65257,74.35058975219727,74.35058975219727,134.44470863552345
24.143532,106.34281,82.19927978515625,82.19927978515625,340.46087568465697
42.802177,119.48747,76.68529510498047,76.68529510498047,179.16213545871273
0.22641914,55.399544,55.17312462627888,55.17312462627888,5517.312462627888
30.877771,59.834164,28.956392288208008,28.956392288208008,93.77746837405634
120.548775,208.4464,87.89762115478516,87.89762115478516,72.91457035502961
81.64362,216.11005,134.46642303466797,134.46642303466797,164.69923493576837
128.70909,212.55983,83.85073852539062,83.85073852539062,65.1474870596944
51.84898,145.07278,93.22380447387695,93.22380447387695,179.79872422536394
51.84898,120.41026,68.56128311157227,68.56128311157227,132.23265564289434
107.702614,195.80936,88.10674285888672,88.10674285888672,81.80557530153618
70.67807,76.04567,5.3675994873046875,5.3675994873046875,7.594434146423608
43.758568,61.88753,18.128963470458984,18.128963470458984,41.4295174127974
235.13664,171.03125,-64.10539245605469,64.10539245605469,-27.263038115395183
130.45412,165.54662,35.092498779296875,35.092498779296875,26.900261666230573
30.933006,124.95988,94.02687072753906,94.02687072753906,303.96939067706086
152.6052,197.93518,45.329986572265625,45.329986572265625,29.70409155601755
200.55408,202.25511,1.7010345458984375,1.7010345458984375,0.8481675217400039
41.766796,131.59354,89.82674026489258,89.82674026489258,215.06734685583
123.41217,138.30487,14.8927001953125,14.8927001953125,12.06744857157694
41.443142,97.684166,56.241024017333984,56.241024017333984,135.70646767680364
104.60194,135.68639,31.084449768066406,31.084449768066406,29.716897082029426
120.40067,210.37723,89.97655487060547,89.97655487060547,74.73094019659014
122.52975,95.9468,-26.58294677734375,26.58294677734375,-21.695096436729784
78.071556,82.051315,3.9797592163085938,3.9797592163085938,5.09757895904376
40.185356,49.039944,8.85458755493164,8.85458755493164,22.034363771851133
76.18076,166.30415,90.1233901977539,90.1233901977539,118.30203106308208
41.18516,156.02415,114.83899307250977,114.83899307250977,278.8358443609622
88.2832,163.10013,74.81692504882812,74.81692504882812,84.74650035397447
58.986614,161.32664,102.34003067016602,102.34003067016602,173.4970416776526
63.53395,180.89232,117.35836791992188,117.35836791992188,184.71756664227365
125.55079,153.58998,28.03919219970703,28.03919219970703,22.33294784522763
21.118366,56.967316,35.84894943237305,35.84894943237305,169.7524752743516
50.36819,68.90262,18.534427642822266,18.534427642822266,36.7978824753844
125.87424,162.24806,36.37382507324219,36.37382507324219,28.896957727534016
89.431885,218.68062,129.2487335205078,129.2487335205078,144.52198324929773
57.780327,133.71301,75.93268585205078,75.93268585205078,131.41615840635552
81.17724,190.48961,109.31237030029297,109.31237030029297,134.6588925272341
127.67664,204.89502,77.21837615966797,77.21837615966797,60.47964147595617
134.98701,157.77167,22.784652709960938,22.784652709960938,16.879144078189487
62.095127,162.409,100.31386947631836,100.31386947631836,161.54869818615646
132.38727,134.01491,1.6276397705078125,1.6276397705078125,1.229453401584946
130.98985,141.70544,10.715591430664062,10.715591430664062,8.180474435995546
80.445366,102.54976,22.104393005371094,22.104393005371094,27.47752186405049
27.871202,49.49476,21.62355613708496,21.62355613708496,77.58386514265113
24.138245,65.95037,41.81212615966797,41.81212615966797,173.2194150920019
80.77311,140.70631,59.933204650878906,59.933204650878906,74.19945210644697
71.278694,203.33186,132.05316925048828,132.05316925048828,185.26317130241867
140.34654,157.39384,17.04730224609375,17.04730224609375,12.14657800586252
43.469406,147.27762,103.80821228027344,103.80821228027344,238.807523559829
89.64423,137.50194,47.857704162597656,47.857704162597656,53.386260538326916
55.14997,79.35032,24.200347900390625,24.200347900390625,43.88098027603344
140.17767,109.06575,-31.111923217773438,31.111923217773438,-22.19463519154463
124.862564,113.24354,-11.619026184082031,11.619026184082031,-9.30545217379509
60.70516,119.32257,58.61741256713867,58.61741256713867,96.56084305312478
80.72712,213.75223,133.02510833740234,133.02510833740234,164.78366780659604
43.967903,155.55348,111.58557891845703,111.58557891845703,253.7887207635103
49.149986,93.589355,44.439369201660156,44.439369201660156,90.41583238735541
54.3897,103.51137,49.121665954589844,49.121665954589844,90.31427694924103
56.071213,105.82332,49.752105712890625,49.752105712890625,88.73021155838477
56.071213,124.15911,68.08789825439453,68.08789825439453,121.43111392193558
155.1181,167.38297,12.264862060546875,12.264862060546875,7.906789614610528
62.07985,142.70506,80.62521362304688,80.62521362304688,129.87340434291556
143.3332,108.85157,-34.48163604736328,34.48163604736328,-24.056976723761203
257.26453,105.13769,-152.12683868408203,152.12683868408203,-59.13245826474927
228.18625,135.98975,-92.19650268554688,92.19650268554688,-40.40405729037594
134.78096,181.68613,46.90516662597656,46.90516662597656,34.80103317047822
52.504795,211.48022,158.9754295349121,158.9754295349121,302.78268738969723
136.7925,150.61469,13.822189331054688,13.822189331054688,10.104493859506363
2.992287,58.090412,55.09812521934509,55.09812521934509,1841.3383035228462
90.93425,48.666843,-42.26740646362305,42.26740646362305,-46.481283477196875
121.66798,108.84835,-12.819625854492188,12.819625854492188,-10.536565360894173
49.624847,190.81094,141.18609619140625,141.18609619140625,284.5068620945608
86.400635,184.10147,97.70083618164062,97.70083618164062,113.0788407361464
106.95174,161.91277,54.961029052734375,54.961029052734375,51.3886271293298
73.00797,141.31573,68.3077621459961,68.3077621459961,93.56205850354169
59.597984,112.97413,53.37614440917969,53.37614440917969,89.56031822820009
46.084435,133.69757,87.6131362915039,87.6131362915039,190.1143785845226
56.141735,115.52752,59.38578414916992,59.38578414916992,105.77831993938528
63.545876,113.20603,49.66015625,49.66015625,78.14851211147443
111.49934,159.18266,47.683326721191406,47.683326721191406,42.76557002761857
34.312576,50.47753,16.164955139160156,16.164955139160156,47.11087561796569
110.63684,160.25316,49.61631774902344,49.61631774902344,44.846108566681046
73.08659,184.40686,111.32026672363281,111.32026672363281,152.31284042370845
74.86993,160.80307,85.93314361572266,85.93314361572266,114.77658345248223
119.96683,129.37508,9.408248901367188,9.408248901367188,7.8423753514625645
65.26121,178.39664,113.13542938232422,113.13542938232422,173.35785465302035
24.188135,117.6882,93.50006675720215,93.50006675720215,386.5534328653385
48.488564,131.81494,83.32637786865234,83.32637786865234,171.8474868904741
47.92631,144.38168,96.45537185668945,96.45537185668945,201.2576575414919
134.54935,204.84694,70.29759216308594,70.29759216308594,52.246698902881505
106.71116,159.6415,52.930335998535156,52.930335998535156,49.601500552840896
106.71116,162.4612,55.750038146972656,55.750038146972656,52.24386914990479
102.7169,141.94533,39.228424072265625,39.228424072265625,38.19081637427943
25.57866,64.981224,39.402565002441406,39.402565002441406,154.0446858988393
98.376816,147.13005,48.75323486328125,48.75323486328125,49.55764675737135
50.64783,170.88974,120.24190902709961,120.24190902709961,237.40781538032806
42.91416,166.54778,123.63361358642578,123.63361358642578,288.0951386215976
44.56563,132.12408,87.55845260620117,87.55845260620117,196.47079809970595
76.218864,161.24104,85.02217864990234,85.02217864990234,111.55004640066288
76.30241,203.88277,127.58036041259766,127.58036041259766,167.20358712218814
78.22842,188.28629,110.05786895751953,110.05786895751953,140.68783948591488
96.997444,134.0833,37.085853576660156,37.085853576660156,38.233846160138604
66.76645,132.62813,65.86167907714844,65.86167907714844,98.64487341867618
40.689274,32.00958,-8.679695129394531,8.679695129394531,-21.33165404906544
65.800835,116.55423,50.753395080566406,50.753395080566406,77.13184087418303
157.7554,172.92361,15.168212890625,15.168212890625,9.61501966696258
74.77546,194.08527,119.30980682373047,119.30980682373047,159.55743763703364
54.181454,185.62303,131.44157791137695,131.44157791137695,242.59514819856142
133.55775,205.0385,71.48074340820312,71.48074340820312,53.520474095210915
68.88295,144.71431,75.83135986328125,75.83135986328125,110.08727130794873
104.780106,180.29393,75.51382446289062,75.51382446289062,72.06885700018451
67.52878,134.04172,66.512939453125,66.512939453125,98.4956952398857
23.388655,117.96951,94.58085823059082,94.58085823059082,404.38776581174096
60.78181,146.72934,85.94752883911133,85.94752883911133,141.40337012626222
39.733406,47.212463,7.479057312011719,7.479057312011719,18.823096362340788
36.226654,106.65101,70.42435455322266,70.42435455322266,194.39927974222354
123.345436,178.06186,54.71642303466797,54.71642303466797,44.36031422516287
72.42754,177.88742,105.45987701416016,105.45987701416016,145.60741910308016
136.09349,169.20789,33.11439514160156,33.11439514160156,24.332093324571535
112.22266,212.38599,100.163330078125,100.163330078125,89.2541073479759
97.61827,182.9877,85.36943054199219,85.36943054199219,87.45230762401191
30.439005,98.586334,68.14732933044434,68.14732933044434,223.88159389127193
113.979576,143.98212,30.002540588378906,30.002540588378906,26.322733959988437
88.3376,47.962086,-40.37551498413086,40.37551498413086,-45.70592212209677
64.30244,45.93947,-18.36296844482422,18.36296844482422,-28.557189043655452
31.772251,122.66967,90.89741897583008,90.89741897583008,286.09058453662277
67.74129,187.78307,120.04177856445312,120.04177856445312,177.20622602626023
191.5782,175.54749,-16.030715942382812,16.030715942382812,-8.367713985259893
67.191185,194.20308,127.01189422607422,127.01189422607422,189.03059118646178
76.48274,181.05826,104.57551574707031,104.57551574707031,136.7308657994926
77.70916,123.489586,45.780426025390625,45.780426025390625,58.91252217000744
93.22425,145.57635,52.35210418701172,52.35210418701172,56.15717341939322
82.87954,41.802116,-41.077423095703125,41.077423095703125,-49.56280325469864
69.38485,184.30322,114.91837310791016,114.91837310791016,165.62459075139665
94.37362,205.97913,111.60550689697266,111.60550689697266,118.25922115252392
127.97178,199.22046,71.2486801147461,71.2486801147461,55.67530649654452
64.23142,217.7564,153.52497100830078,153.52497100830078,239.01848225329053
94.038925,221.11946,127.08053588867188,127.08053588867188,135.13609992641494
25.91925,106.86701,80.94776153564453,80.94776153564453,312.3074935065853
128.38908,157.59964,29.210556030273438,29.210556030273438,22.751588492991594
182.88477,159.6356,-23.249160766601562,23.249160766601562,-12.71246442378547
0.0,46.88387,46.88386917114258,46.88386917114258,4688.386917114258
46.09954,37.45504,-8.644500732421875,8.644500732421875,-18.751815309219463
47.596546,46.420254,-1.1762924194335938,1.1762924194335938,-2.4713818837941264
56.87578,198.67741,141.8016357421875,141.8016357421875,249.31814602682664
161.22733,208.14659,46.91926574707031,46.91926574707031,29.10131121953657
100.93116,118.37511,17.443946838378906,17.443946838378906,17.283014326814772
61.378952,146.39035,85.01139831542969,85.01139831542969,138.50252490285345
64.594734,120.07707,55.482337951660156,55.482337951660156,85.8929735461659
185.79405,124.19149,-61.602561950683594,61.602561950683594,-33.15636924133714
1.1498793,52.611626,51.4617463350296,51.4617463350296,4475.404045268207
182.16199,185.60951,3.4475250244140625,3.4475250244140625,1.8925600644923075
95.691475,222.93488,127.24340057373047,127.24340057373047,132.9725565285251
132.26381,208.23282,75.96900939941406,75.96900939941406,57.4374878937467
203.48793,171.80208,-31.68585205078125,31.68585205078125,-15.571366814926904
145.37729,217.67741,72.30012512207031,72.30012512207031,49.73275104366899
107.93033,191.63905,83.70872497558594,83.70872497558594,77.5581120158251
129.85396,205.39432,75.54035949707031,75.54035949707031,58.17332069424728
99.44137,224.02016,124.57878875732422,124.57878875732422,125.27863517349537
46.070545,140.07338,94.00283432006836,94.00283432006836,204.04107205386848
106.774445,145.5232,38.748748779296875,38.748748779296875,36.290283627030526
113.02681,157.78181,44.7550048828125,44.7550048828125,39.59680451445023
94.553825,119.04135,24.487525939941406,24.487525939941406,25.897974875092377
81.49215,119.49934,38.00718688964844,38.00718688964844,46.63907774109594
90.59473,117.967415,27.37268829345703,27.37268829345703,30.21443888852957
59.03228,94.238594,35.20631408691406,35.20631408691406,59.639089165863965
24.386608,42.208702,17.822093963623047,17.822093963623047,73.08147928224912
22.99692,43.971428,20.97450828552246,20.97450828552246,91.20572938114255
67.341354,203.69307,136.35171508789062,136.35171508789062,202.47842705758953
135.4959,196.0748,60.57890319824219,60.57890319824219,44.709031978998766
144.71082,225.9521,81.24128723144531,81.24128723144531,56.14043911660429
179.9341,225.99854,46.06443786621094,46.06443786621094,25.600727466322752
213.43048,229.95758,16.527099609375,16.527099609375,7.7435516873067005
86.309715,188.16908,101.85936737060547,101.85936737060547,118.01610867419319
49.869404,146.70819,96.83878707885742,96.83878707885742,194.1847698666676
97.52175,138.89679,41.375038146972656,41.375038146972656,42.426471583401856
105.83818,116.16327,10.325088500976562,10.325088500976562,9.755542327071653
96.12661,131.71306,35.586448669433594,35.586448669433594,37.020392940771416
26.799713,89.776436,62.976722717285156,62.976722717285156,234.9902866519467
18.483822,45.82711,27.34328842163086,27.34328842163086,147.93092367787085
13.016864,41.71554,28.698678016662598,28.698678016662598,220.4730602320097
20.43033,42.198235,21.76790428161621,21.76790428161621,106.54700137993463
80.774475,214.73215,133.95767211914062,133.95767211914062,165.8415878991302
87.23508,198.63173,111.39665222167969,111.39665222167969,127.69708719795109
60.453266,192.91774,132.46447372436523,132.46447372436523,219.11880395225455
203.5008,212.49294,8.992141723632812,8.992141723632812,4.418725632896112
133.13715,218.19801,85.06086730957031,85.06086730957031,63.889658046347186
84.287544,223.75146,139.46392059326172,139.46392059326172,165.4620760794722
98.58435,180.26433,81.67997741699219,81.67997741699219,82.85288378076852
23.634039,156.66457,133.03052711486816,133.03052711486816,562.8768215879809
66.7633,144.94266,78.17935943603516,78.17935943603516,117.09930716040901
117.18679,179.12367,61.93688201904297,61.93688201904297,52.85312599874465
116.51095,147.42963,30.918678283691406,30.918678283691406,26.537144162296876
17.613075,54.565434,36.95235824584961,36.95235824584961,209.8007174103919
148.25801,227.12267,78.86465454101562,78.86465454101562,53.19419441909455
317.16992,237.28958,-79.88034057617188,79.88034057617188,-25.185345477889786
266.92538,231.27875,-35.646636962890625,35.646636962890625,-13.354532401178009
245.35432,230.13257,-15.221755981445312,15.221755981445312,-6.203989280539787
256.96338,228.94485,-28.018524169921875,28.018524169921875,-10.903703200503172
246.12097,228.19795,-17.923019409179688,17.923019409179688,-7.282199191260094
304.22467,232.00732,-72.21734619140625,72.21734619140625,-23.738162356801208
248.87248,230.96225,-17.910232543945312,17.910232543945312,-7.196549967452697
120.94916,228.47598,107.52682495117188,107.52682495117188,88.90250001135428
223.99063,237.86284,13.872207641601562,13.872207641601562,6.1932088736294615
247.52548,234.33057,-13.194915771484375,13.194915771484375,-5.3307302566973025
180.5495,232.52719,51.977691650390625,51.977691650390625,28.78861020992028
132.59863,234.27367,101.67503356933594,101.67503356933594,76.67879480560609
142.4905,230.02516,87.53466796875,87.53466796875,61.43193531726531
155.12553,233.4925,78.36695861816406,78.36695861816406,50.51841342190434
250.8265,234.2837,-16.542800903320312,16.542800903320312,-6.595316046814468
165.56517,221.75714,56.19197082519531,56.19197082519531,33.93948783274913
229.17494,227.18436,-1.9905853271484375,1.9905853271484375,-0.868587686608529
137.25409,185.74417,48.490081787109375,48.490081787109375,35.3286973195581
129.78253,193.23747,63.45494079589844,63.45494079589844,48.8932832069121
151.98106,198.32272,46.34165954589844,46.34165954589844,30.491732571262652
238.92474,225.79054,-13.134201049804688,13.134201049804688,-5.497212573728275
105.81352,188.26666,82.45314025878906,82.45314025878906,77.92306544217796
141.73798,178.82005,37.08207702636719,37.08207702636719,26.16241465657007
119.10185,189.43253,70.33067321777344,70.33067321777344,59.05086427332461
114.13205,232.76442,118.63236999511719,118.63236999511719,103.94308211575829
203.76593,227.83957,24.073638916015625,24.073638916015625,11.814359198933893
116.262054,201.48967,85.22761535644531,85.22761535644531,73.30647627422286
173.28073,190.79436,17.513626098632812,17.513626098632812,10.107082291971752
27.495867,138.21516,110.71929740905762,110.71929740905762,402.67614879361486
178.81831,216.98502,38.16670227050781,38.16670227050781,21.343844208359442
59.604996,181.96391,122.35891723632812,122.35891723632812,205.2829896937567
192.431,196.62177,4.190765380859375,4.190765380859375,2.1778015944293143
73.66724,157.50381,83.83657836914062,83.83657836914062,113.8044299581429
193.92746,230.94403,37.016571044921875,37.016571044921875,19.087844031463746
12.059306,45.722446,33.663140296936035,33.663140296936035,279.1465768674488
128.65573,172.72813,44.07240295410156,44.07240295410156,34.25607436421777
24.899275,132.29106,107.39178657531738,107.39178657531738,431.3048766503163
25.779854,177.81345,152.0335922241211,152.0335922241211,589.737991847925
77.671265,151.265,73.59373474121094,73.59373474121094,94.75027228450233
13.895724,93.85963,79.9639024734497,79.9639024734497,575.4568870741692
301.3848,204.93324,-96.45155334472656,96.45155334472656,-32.00279329920066
219.86044,200.16013,-19.7003173828125,19.7003173828125,-8.960373727841105
67.94248,201.52306,133.58057403564453,133.58057403564453,196.60832238393138
268.9339,194.92912,-74.00477600097656,74.00477600097656,-27.51783107171623
295.3547,220.93,-74.42471313476562,74.42471313476562,-25.198417926174777
327.2058,197.32048,-129.8853302001953,129.8853302001953,-39.69530063757475
33.032948,141.59578,108.56283187866211,108.56283187866211,328.65015072079564
74.92609,187.31413,112.38804626464844,112.38804626464844,149.9985540763236
74.92609,192.13234,117.20625305175781,117.20625305175781,156.429167253861
89.99768,176.89601,86.89833068847656,86.89833068847656,96.55618905652136
33.553886,177.11522,143.56133270263672,143.56133270263672,427.8530687418642
17.351442,99.6698,82.31835746765137,82.31835746765137,474.41795251767223
25.26484,105.5922,80.32736206054688,80.32736206054688,317.9413156463526
102.8778,185.8227,82.94489288330078,82.94489288330078,80.62467596813177
21.3766,103.772675,82.39607429504395,82.39607429504395,385.449852977851
26.170347,205.87045,179.70010566711426,179.70010566711426,686.6554127059219
18.547352,155.08888,136.54153060913086,136.54153060913086,736.1780366703366
47.914257,189.24191,141.32765579223633,141.32765579223633,294.95950578144783
25.154486,117.384636,92.23015022277832,92.23015022277832,366.6548834014056
34.47297,123.88736,89.41439056396484,89.41439056396484,259.3753686282503
56.50791,191.66312,135.15520477294922,135.15520477294922,239.17925959329543
30.145966,118.03258,87.88661193847656,87.88661193847656,291.5368947675849
29.525448,95.5461,66.02064895629883,66.02064895629883,223.60591887331123
40.09725,202.91023,162.81298065185547,162.81298065185547,406.04523494532623
24.800322,147.75777,122.95744514465332,122.95744514465332,495.78972092390467
36.503082,105.22823,68.72515106201172,68.72515106201172,188.27218628697645
136.96265,199.74591,62.78326416015625,62.78326416015625,45.83969846648568
29.28618,169.80197,140.51579093933105,140.51579093933105,479.8023796837817
22.453207,130.07066,107.61745643615723,107.61745643615723,479.29659384297264
32.049244,139.44957,107.40032577514648,107.40032577514648,335.1103259089995
46.986618,116.62597,69.63935089111328,69.63935089111328,148.2110307000096
229.90855,209.25203,-20.656524658203125,20.656524658203125,-8.984669901091019
105.46623,182.41278,76.94654846191406,76.94654846191406,72.95846906067635
74.33142,109.93072,35.59929656982422,35.59929656982422,47.89266253697102
235.53726,219.49348,-16.043777465820312,16.043777465820312,-6.811566599745921
235.08386,142.77527,-92.30859375,92.30859375,-39.266240074940015
21.878998,130.42807,108.549072265625,108.549072265625,496.13365860870846
21.878998,138.7944,116.9154052734375,116.9154052734375,534.37276390615
22.649757,134.5031,111.85334014892578,111.85334014892578,493.8390210826176
16.964518,96.05498,79.0904598236084,79.0904598236084,466.2110748993765
196.83597,191.3239,-5.5120697021484375,5.5120697021484375,-2.800336624278034
143.70735,187.66919,43.96183776855469,43.96183776855469,30.591223937553654
208.75772,143.58775,-65.16996765136719,65.16996765136719,-31.217991533750173
23.899431,118.389725,94.49029350280762,94.49029350280762,395.36628549378963
255.2073,229.1927,-26.014602661132812,26.014602661132812,-10.193517998458141
123.82056,177.58731,53.766754150390625,53.766754150390625,43.423124244581196
43.864086,165.1489,121.28480911254883,121.28480911254883,276.50139272180775
24.178785,133.71764,109.53885078430176,109.53885078430176,453.03702942899645
51.594048,137.12413,85.53008270263672,85.53008270263672,165.77509765198997
51.594048,135.22256,83.6285171508789,83.6285171508789,162.08946792881665
173.37358,190.00574,16.632156372070312,16.632156372070312,9.593247300195358
147.57346,215.10896,67.53550720214844,67.53550720214844,45.76399382342157
187.25923,181.93092,-5.32830810546875,5.32830810546875,-2.845418119507463
170.34616,162.94798,-7.3981781005859375,7.3981781005859375,-4.343026025353719
36.9795,185.83453,148.85503387451172,148.85503387451172,402.53392991136536
160.72781,163.40416,2.6763458251953125,2.6763458251953125,1.6651416847155036
132.2395,223.39796,91.15846252441406,91.15846252441406,68.93436619016234
115.08765,188.89435,73.80670166015625,73.80670166015625,64.13086366326614
27.346565,162.54395,135.19738006591797,135.19738006591797,494.38523210082445
28.28069,166.2649,137.98420333862305,137.98420333862305,487.90961977648413
100.491714,227.75012,127.25840759277344,127.25840759277344,126.63572141683083
198.61052,233.60735,34.996826171875,34.996826171875,17.6208321069712
253.06535,222.85045,-30.21490478515625,30.21490478515625,-11.939565957955347
199.4181,179.68254,-19.735565185546875,19.735565185546875,-9.896576380942324
153.61885,153.89209,0.2732391357421875,0.2732391357421875,0.1778682332818313
125.92768,161.57317,35.645484924316406,35.645484924316406,28.306314108193508
172.05542,151.92513,-20.130294799804688,20.130294799804688,-11.699889959261514
126.95505,180.0592,53.104156494140625,53.104156494140625,41.82910210734789
131.32367,225.03041,93.70674133300781,93.70674133300781,71.35556121540783
1.424502,108.56938,107.14487969875336,107.14487969875336,7521.567436336095
130.93967,188.42632,57.48664855957031,57.48664855957031,43.90315783389436
46.66739,178.4463,131.77891540527344,131.77891540527344,282.37901983851657
96.39659,208.39964,112.0030517578125,112.0030517578125,116.18984694291856
190.27899,214.79831,24.519317626953125,24.519317626953125,12.885982529123208
152.8552,226.4312,73.57600402832031,73.57600402832031,48.134448073864206
173.62398,183.74046,10.116485595703125,10.116485595703125,5.826663881326217
75.522644,189.12329,113.60064697265625,113.60064697265625,150.4193191488674
126.53631,182.35498,55.81867218017578,55.81867218017578,44.11277121573493
180.98041,184.96991,3.989501953125,3.989501953125,2.2043833382290403
19.246546,163.38846,144.14191246032715,144.14191246032715,748.9235420261343
51.649357,158.39497,106.7456169128418,106.7456169128418,206.6736614732714
229.76291,193.64226,-36.12065124511719,36.12065124511719,-15.720836497264996
160.98694,198.93913,37.95219421386719,37.95219421386719,23.574703993387956
130.81735,154.14459,23.327239990234375,23.327239990234375,17.831915706139775
86.3001,196.24838,109.94828033447266,109.94828033447266,127.40225965954906
117.08626,179.6949,62.608642578125,62.608642578125,53.47223805983424
209.0197,205.88538,-3.1343231201171875,3.1343231201171875,-1.4995347967980002
99.827484,204.55586,104.72837829589844,104.72837829589844,104.90936359631652
100.0375,139.98094,39.943443298339844,39.943443298339844,39.928470731075805
191.39119,130.34966,-61.041534423828125,61.041534423828125,-31.893596857469575
147.67232,116.32846,-31.343856811523438,31.343856811523438,-21.225275895387128
194.43024,174.35608,-20.07415771484375,20.07415771484375,-10.324606935390962
161.20348,170.52023,9.316757202148438,9.316757202148438,5.779501432657705
85.78828,152.10587,66.31758880615234,66.31758880615234,77.30378949029125
128.51927,199.75887,71.23959350585938,71.23959350585938,55.431059077802104
101.30945,175.44511,74.13566589355469,74.13566589355469,73.17744512469169
88.70257,172.31499,83.61241912841797,83.61241912841797,94.26155404805073
27.365353,142.8781,115.51274490356445,115.51274490356445,422.1131240762216
185.04802,236.18872,51.14070129394531,51.14070129394531,27.636448883499032
168.63278,237.71964,69.08685302734375,69.08685302734375,40.96881532473638
255.63252,235.48483,-20.147689819335938,20.147689819335938,-7.881504910156208
28.516144,148.48698,119.97084045410156,119.97084045410156,420.71200545366787
30.751701,167.48798,136.73627471923828,136.73627471923828,444.6462104350946
147.83179,196.16862,48.33683776855469,48.33683776855469,32.69718827980625
144.16495,133.78445,-10.3804931640625,10.3804931640625,-7.200427942693444
48.12269,145.82043,97.69774627685547,97.69774627685547,203.01805601774512
82.536026,131.30106,48.76502990722656,48.76502990722656,59.08332672407752
214.23897,184.76062,-29.478347778320312,29.478347778320312,-13.759563942960174
133.57959,191.33743,57.757843017578125,57.757843017578125,43.23852400290967
108.77618,159.30334,50.52716827392578,50.52716827392578,46.450583134742104
151.81816,178.23372,26.415557861328125,26.415557861328125,17.399471634661047
106.0133,177.34535,71.3320541381836,71.3320541381836,67.28594946160143
193.73502,185.17726,-8.557754516601562,8.557754516601562,-4.417247175586444
230.00911,241.12717,11.118057250976562,11.118057250976562,4.833746487383438
184.12674,229.56805,45.441314697265625,45.441314697265625,24.67936749446628
256.1478,230.88826,-25.259536743164062,25.259536743164062,-9.861313302478326
13.885746,150.99858,137.11283493041992,137.11283493041992,987.435856227842
73.5454,180.49141,106.94600677490234,106.94600677490234,145.4149451909662
209.48286,139.95647,-69.52639770507812,69.52639770507812,-33.18953935010015
63.330387,137.02591,73.69552230834961,73.69552230834961,116.36676430537365
85.04799,121.065636,36.01764678955078,36.01764678955078,42.349792463002615
171.6716,161.51678,-10.154815673828125,10.154815673828125,-5.915256602495673
51.561188,141.43187,89.87068176269531,89.87068176269531,174.29909141863814
175.47275,177.23663,1.763885498046875,1.763885498046875,1.0052190554568774
146.0029,172.97836,26.9754638671875,26.9754638671875,18.475978230947845
191.75763,165.22325,-26.534378051757812,26.534378051757812,-13.837456238658813
18.27379,135.4747,117.2009105682373,117.2009105682373,641.3607043889875
278.77414,231.98985,-46.78428649902344,46.78428649902344,-16.782147224629664
297.26517,223.18033,-74.0848388671875,74.0848388671875,-24.92213923210501
324.91977,233.48492,-91.43484497070312,91.43484497070312,-28.14074538194948
160.9286,183.00134,22.072738647460938,22.072738647460938,13.715857890734062
60.333687,162.69107,102.35738372802734,102.35738372802734,169.65212820292012
32.876278,126.86988,93.99360275268555,93.99360275268555,285.90098602755364
28.548035,151.73335,123.18531799316406,123.18531799316406,431.50192097594555
200.86502,151.07922,-49.785797119140625,49.785797119140625,-24.785697844634072
85.599236,139.81927,54.22003936767578,54.22003936767578,63.34173316970394
197.55298,235.96815,38.41517639160156,38.41517639160156,19.445506051210057
82.42239,206.43619,124.0137939453125,124.0137939453125,150.46128634409516
26.496315,118.41894,91.92262268066406,91.92262268066406,346.92606376469405
52.837254,146.50058,93.66332626342773,93.66332626342773,177.26759044800403
52.52216,112.06809,59.54593276977539,59.54593276977539,113.37297104689743
99.76162,155.2111,55.449485778808594,55.449485778808594,55.5819823485168
55.60783,148.37729,92.76945877075195,92.76945877075195,166.82805045859445
271.3669,163.93423,-107.43267822265625,107.43267822265625,-39.58945366537298
257.80853,239.83112,-17.9774169921875,17.9774169921875,-6.973166016996
282.25333,236.68637,-45.56695556640625,45.56695556640625,-16.143992400374664
324.2688,234.7026,-89.56619262695312,89.56619262695312,-27.620971536773315
232.13168,230.27144,-1.8602447509765625,1.8602447509765625,-0.8013747732035704
11.380649,129.3306,117.94994831085205,117.94994831085205,1036.407961637327
11.380649,109.21604,97.83539295196533,97.83539295196533,859.6644732569516
166.40752,157.04228,-9.365234375,9.365234375,-5.627891439720006
33.641285,126.3665,92.72521591186523,92.72521591186523,275.629233752522
189.47348,178.07909,-11.394393920898438,11.394393920898438,-6.013714377015227
175.4408,178.27838,2.83758544921875,2.83758544921875,1.6174034292807389
274.0367,147.79129,-126.24542236328125,126.24542236328125,-46.068799010204756
254.83052,163.01492,-91.81559753417969,91.81559753417969,-36.03006316010834
211.26578,159.96179,-51.303985595703125,51.303985595703125,-24.28409663953249
142.57092,157.26547,14.694549560546875,14.694549560546875,10.306834848678143
291.65915,134.60612,-157.0530242919922,157.0530242919922,-53.84813908254681
176.25508,157.57762,-18.677459716796875,18.677459716796875,-10.596834764761272
176.02261,156.80493,-19.217681884765625,19.217681884765625,-10.917734659128637
161.63972,172.92635,11.28662109375,11.28662109375,6.982578764287085
286.76193,232.5582,-54.2037353515625,54.2037353515625,-18.901998219571624
211.28981,235.44408,24.154266357421875,24.154266357421875,11.431817907720534
196.9524,236.92325,39.970855712890625,39.970855712890625,20.294678927058683
124.41073,171.81651,47.405784606933594,47.405784606933594,38.104257724233804
16.706434,101.605316,84.89888191223145,84.89888191223145,508.18074427133837
198.41986,179.39764,-19.022216796875,19.022216796875,-9.586851193403941
103.106285,130.06894,26.96265411376953,26.96265411376953,26.15034969873128
238.02443,176.31015,-61.71427917480469,61.71427917480469,-25.927708072141538
190.61806,158.14594,-32.47212219238281,32.47212219238281,-17.035176341991836
146.54237,161.38608,14.843704223632812,14.843704223632812,10.129291516973332
50.93407,140.26993,89.33585739135742,89.33585739135742,175.39508694575318
116.14084,184.69357,68.552734375,68.552734375,59.02552038348763
12.005153,132.28395,120.27879810333252,120.27879810333252,1001.8931127795897
20.71781,129.6315,108.9136905670166,108.9136905670166,525.7007968717649
168.8567,196.91039,28.053680419921875,28.053680419921875,16.613897841832326
265.07126,188.39178,-76.67947387695312,76.67947387695312,-28.9278718099715
239.94438,160.00494,-79.93943786621094,79.93943786621094,-33.315819814251135
159.23827,183.5094,24.271133422851562,24.271133422851562,15.24202318567774
59.355415,137.30678,77.95136260986328,77.95136260986328,131.3298241748891
125.86647,165.41994,39.553466796875,39.553466796875,31.424943188602928
190.19298,188.2587,-1.9342803955078125,1.9342803955078125,-1.0170093642843063
308.14774,236.35794,-71.789794921875,71.789794921875,-23.297200215699412
68.032555,126.67872,58.64616394042969,58.64616394042969,86.20308948036501
8.161174,140.52023,132.35905933380127,132.35905933380127,1621.8139969204021
13.313938,155.805,142.4910545349121,142.4910545349121,1070.2397219160448
119.68448,173.79599,54.11151123046875,54.11151123046875,45.211803394392554
234.82684,186.5911,-48.235748291015625,48.235748291015625,-20.540985698664787
218.17824,224.05875,5.8805084228515625,5.8805084228515625,2.6952772554435493
331.24814,179.57442,-151.67372131347656,151.67372131347656,-45.78855055107455
303.05472,181.2353,-121.81941223144531,121.81941223144531,-40.19716737238831
94.65544,135.42574,40.770294189453125,40.770294189453125,43.07231960078274
49.837063,154.56238,104.72531509399414,104.72531509399414,210.13540753647658
255.12228,188.53085,-66.5914306640625,66.5914306640625,-26.10176956587842
210.37262,193.39233,-16.98028564453125,16.98028564453125,-8.071528355013207
294.91623,225.95625,-68.95997619628906,68.95997619628906,-23.382903128836798
15.378936,135.26065,119.88171482086182,119.88171482086182,779.5189229704633
15.378936,154.05412,138.67518711090088,138.67518711090088,901.7216066766287
46.296795,147.23302,100.93622207641602,100.93622207641602,218.0198916864082
204.8622,176.5777,-28.284500122070312,28.284500122070312,-13.80659800359739
182.77852,185.17769,2.399169921875,2.399169921875,1.3126104419950524
186.2582,198.78839,12.530197143554688,12.530197143554688,6.727326662252121
174.67209,179.81633,5.1442413330078125,5.1442413330078125,2.9450849151460035
237.65128,140.98485,-96.66642761230469,96.66642761230469,-40.675745313846534
185.25488,160.23996,-25.014923095703125,25.014923095703125,-13.502976394431238
183.96745,180.77098,-3.19647216796875,3.19647216796875,-1.7375204775585202
175.02945,174.98769,-0.0417633056640625,0.0417633056640625,-0.023860730746866152
186.77376,166.47371,-20.300048828125,20.300048828125,-10.868790697693417
164.29095,165.50633,1.2153778076171875,1.2153778076171875,0.7397715903784277
312.94302,206.9137,-106.02932739257812,106.02932739257812,-33.88135199346786
165.61327,190.73262,25.119354248046875,25.119354248046875,15.167477132767825
258.4282,209.89902,-48.5291748046875,48.5291748046875,-18.778591609171986
165.7123,222.67781,56.96551513671875,56.96551513671875,34.37615474081734
303.3017,197.982,-105.3197021484375,105.3197021484375,-34.72440255609699
252.93883,193.94414,-58.99468994140625,58.99468994140625,-23.32369866701849
273.87253,185.63756,-88.23497009277344,88.23497009277344,-32.21753226312379
179.77945,127.75325,-52.02619934082031,52.02619934082031,-28.938902358558703
263.76627,153.53387,-110.23239135742188,110.23239135742188,-41.79169424649255
243.92676,176.41544,-67.51132202148438,67.51132202148438,-27.676882449025346
44.242783,125.94634,81.70355987548828,81.70355987548828,184.67093407645126
23.254227,135.39217,112.137939453125,112.137939453125,482.2260528127171
14.662858,137.25993,122.59707546234131,122.59707546234131,836.1062719441362
208.16771,167.95851,-40.209197998046875,40.209197998046875,-19.31577098267844
207.48804,173.36945,-34.11859130859375,34.11859130859375,-16.443642623409907
155.24625,197.2863,42.04005432128906,42.04005432128906,27.079594716763488
267.88,185.50728,-82.37272644042969,82.37272644042969,-30.749859989163685
352.04352,206.70757,-145.33595275878906,145.33595275878906,-41.28351902544453
254.47693,155.00897,-99.46795654296875,99.46795654296875,-39.087219830429206
278.37976,191.19992,-87.17984008789062,87.17984008789062,-31.31687442199846
96.72021,138.12952,41.40930938720703,41.40930938720703,42.81350358920753
134.23428,150.96127,16.72698974609375,16.72698974609375,12.461041483984978
220.66345,152.10335,-68.56010437011719,68.56010437011719,-31.069986308379548
74.01081,121.74925,47.738441467285156,47.738441467285156,64.50198412596147
94.09651,156.11787,62.0213623046875,62.0213623046875,65.9124988709537
159.55833,172.24973,12.691390991210938,12.691390991210938,7.954075882570362
146.56097,171.67249,25.11151123046875,25.11151123046875,17.133832100297553
241.68524,232.96063,-8.724609375,8.724609375,-3.6099057243461803
242.11343,229.73834,-12.375091552734375,12.375091552734375,-5.11127836096044
249.4352,229.27318,-20.162017822265625,20.162017822265625,-8.083068529150788
271.74387,192.62088,-79.12298583984375,79.12298583984375,-29.116751378487944
278.76505,203.46835,-75.29669189453125,75.29669189453125,-27.010808277518827
276.44714,177.79889,-98.64825439453125,98.64825439453125,-35.68430953059075
223.79811,155.09065,-68.70745849609375,68.70745849609375,-30.700642735892608
151.17339,141.87022,-9.30316162109375,9.30316162109375,-6.153967897809483
252.0325,160.95786,-91.07464599609375,91.07464599609375,-36.136071956981574
252.66747,166.16365,-86.50381469726562,86.50381469726562,-34.23623006839559
51.12528,121.67471,70.54943466186523,70.54943466186523,137.9932525927675
47.442368,122.60729,75.16492462158203,75.16492462158203,158.4341770812461
178.05164,179.37827,1.326629638671875,1.326629638671875,0.7450814103122243
181.63625,192.53734,10.901092529296875,10.901092529296875,6.00160638953577
249.80031,228.95581,-20.844497680664062,20.844497680664062,-8.344464355775392
144.83078,235.60788,90.777099609375,90.777099609375,62.678043707982724
282.5234,230.89833,-51.62507629394531,51.62507629394531,-18.272849264187634
157.11208,166.42395,9.311874389648438,9.311874389648438,5.926899216306284
238.4268,168.54053,-69.88627624511719,69.88627624511719,-29.311417673335942
169.45947,180.40762,10.948150634765625,10.948150634765625,6.4606306529550235
209.00511,153.52655,-55.47856140136719,55.47856140136719,-26.544117008249547
272.27313,232.66924,-39.60389709472656,39.60389709472656,-14.54565008183284
193.20662,181.76321,-11.443405151367188,11.443405151367188,-5.922884627367785
308.29437,235.43541,-72.85896301269531,72.85896301269531,-23.63292018859277
270.07846,227.61667,-42.4617919921875,42.4617919921875,-15.72202088355265
300.29712,236.41153,-63.885589599609375,63.885589599609375,-21.27412669906188
271.39557,217.13448,-54.26109313964844,54.26109313964844,-19.99336001322375
138.46927,162.50427,24.035003662109375,24.035003662109375,17.357644674955335
162.23341,159.44456,-2.788848876953125,2.788848876953125,-1.7190348235992996
198.60023,115.42216,-83.1780776977539,83.1780776977539,-41.88216479395857
78.962715,140.1003,61.13758087158203,61.13758087158203,77.4258848068673
253.36726,170.45477,-82.91249084472656,82.91249084472656,-32.72423185347117
195.55205,146.28018,-49.27186584472656,49.27186584472656,-25.196292453497854
132.8671,189.26958,56.40248107910156,56.40248107910156,42.45030018680281
108.087135,154.42735,46.34021759033203,46.34021759033203,42.87301856535206
201.07454,128.37518,-72.69935607910156,72.69935607910156,-36.155425930067345
201.07454,153.33127,-47.74327087402344,47.74327087402344,-23.744065791541587
102.47648,172.49414,70.01766204833984,70.01766204833984,68.32559336624875
200.35513,204.64021,4.2850799560546875,4.2850799560546875,2.1387422875975384
268.3821,227.00232,-41.379791259765625,41.379791259765625,-15.418237515130462
115.042496,167.86899,52.82649230957031,52.82649230957031,45.91911186861067
272.53323,179.88115,-92.65208435058594,92.65208435058594,-33.99661872874458
177.36687,165.83533,-11.531539916992188,11.531539916992188,-6.50151863636305
272.9232,213.56456,-59.35862731933594,59.35862731933594,-21.749206403517686
290.6014,193.43498,-97.16642761230469,97.16642761230469,-33.4363235339058
257.87753,225.10854,-32.76899719238281,32.76899719238281,-12.707193533449363
253.10811,233.28018,-19.827926635742188,19.827926635742188,-7.8337777290669655
326.04846,226.05437,-99.99409484863281,99.99409484863281,-30.668476171186025
336.94714,217.09001,-119.85713195800781,119.85713195800781,-35.571493704784785
277.43622,193.85973,-83.57649230957031,83.57649230957031,-30.124578843101386
251.0747,173.93355,-77.14115905761719,77.14115905761719,-30.724384773658546
138.91975,147.76169,8.841934204101562,8.841934204101562,6.364778188636181
200.19269,171.20529,-28.987396240234375,28.987396240234375,-14.479747752790662
252.38028,156.66954,-95.71073913574219,95.71073913574219,-37.92322415594588
212.92046,187.5919,-25.32855224609375,25.32855224609375,-11.895781518573049
260.32727,215.71388,-44.61338806152344,44.61338806152344,-17.13742397194787
283.83878,221.77101,-62.06776428222656,62.06776428222656,-21.86726043452686
260.59094,204.06415,-56.52679443359375,56.52679443359375,-21.691772521607806
70.27719,121.93625,51.6590576171875,51.6590576171875,73.50757303038027
38.62246,89.524376,50.90191650390625,50.90191650390625,131.7935659182553
222.97285,134.952,-88.02085876464844,88.02085876464844,-39.47604246127816
222.97285,136.89178,-86.08106994628906,86.08106994628906,-38.60607610518733
173.89046,203.56967,29.679214477539062,29.679214477539062,17.0677649385732
51.778244,172.40233,120.62408447265625,120.62408447265625,232.96287226239406
29.527672,160.70235,131.17467498779297,131.17467498779297,444.2432028310309
172.64276,171.12871,-1.5140533447265625,1.5140533447265625,-0.8769862888750855
101.038055,126.1883,25.150245666503906,25.150245666503906,24.891854422551546
277.34018,197.37024,-79.96994018554688,79.96994018554688,-28.834603174358648
267.68594,208.27774,-59.408203125,59.408203125,-22.193247178115843
263.54123,227.33852,-36.20271301269531,36.20271301269531,-13.73702062329726
217.38535,221.52838,4.143035888671875,4.143035888671875,1.9058487497969685
187.68729,224.39206,36.70477294921875,36.70477294921875,19.556344842399444
292.17343,165.9418,-126.23162841796875,126.23162841796875,-43.20434880564834
140.96695,143.54912,2.5821685791015625,2.5821685791015625,1.8317545984644543
215.2459,134.33931,-80.90658569335938,80.90658569335938,-37.58798073634188
44.762527,128.56543,83.80290222167969,83.80290222167969,187.21664518535007
186.823,172.7424,-14.080596923828125,14.080596923828125,-7.53686487800352
132.91087,162.77412,29.863250732421875,29.863250732421875,22.468628762680034
10.174618,126.69439,116.51977157592773,116.51977157592773,1145.2004806511661
221.89937,166.99387,-54.90550231933594,54.90550231933594,-24.743424347444236
250.00703,225.45915,-24.547882080078125,24.547882080078125,-9.818876556268771
319.4181,231.07611,-88.34197998046875,88.34197998046875,-27.657162358460536
242.95718,184.76797,-58.189208984375,58.189208984375,-23.95039655349349
254.65614,150.96736,-103.68878173828125,103.68878173828125,-40.717172749113274
152.73454,166.31537,13.580825805664062,13.580825805664062,8.89178410629544
143.13805,124.35558,-18.78246307373047,18.78246307373047,-13.121922202992423
172.17015,135.5453,-36.624847412109375,36.624847412109375,-21.272472174248357
102.39096,126.07179,23.680831909179688,23.680831909179688,23.127854010569433
247.49106,172.52046,-74.97059631347656,74.97059631347656,-30.29224442022953
57.10985,132.31743,75.20757675170898,75.20757675170898,131.6893221263369
265.79102,184.91467,-80.8763427734375,80.8763427734375,-30.428546496674873
227.09396,224.45615,-2.6378173828125,2.6378173828125,-1.1615532798533612
191.58618,227.95563,36.36944580078125,36.36944580078125,18.983334543930006
320.89444,233.38329,-87.51115417480469,87.51115417480469,-27.271009824091504
264.33316,235.31985,-29.0133056640625,29.0133056640625,-10.9760370662975
178.47878,168.94662,-9.532150268554688,9.532150268554688,-5.3407752643140824
78.04701,140.75963,62.712615966796875,62.712615966796875,80.35235955267065
156.0527,137.31642,-18.736282348632812,18.736282348632812,-12.006381104265444
204.84137,142.95068,-61.89068603515625,61.89068603515625,-30.213958316759136
135.13123,158.13852,23.007293701171875,23.007293701171875,17.025889909168516
164.21248,138.58363,-25.62884521484375,25.62884521484375,-15.60712403068289
61.74101,153.47255,91.73154067993164,91.73154067993164,148.5747358593911
261.61517,229.78041,-31.834762573242188,31.834762573242188,-12.168545947405025
243.57272,233.31235,-10.2603759765625,10.2603759765625,-4.212448682190861
254.01143,235.49104,-18.5203857421875,18.5203857421875,-7.291162380871914
148.18088,206.1023,57.921417236328125,57.921417236328125,39.08832107152353
287.6571,185.27417,-102.3829345703125,102.3829345703125,-35.59200623640189
262.5426,167.53093,-95.01167297363281,95.01167297363281,-36.1890497217481
120.48498,108.706825,-11.778152465820312,11.778152465820312,-9.7756190759151
163.58792,139.08386,-24.504058837890625,24.504058837890625,-14.979137008858773
187.02242,162.51566,-24.506759643554688,24.506759643554688,-13.103648363454406
206.60768,204.07896,-2.528717041015625,2.528717041015625,-1.2239220852863697
259.1047,230.70212,-28.402587890625,28.402587890625,-10.961818621462054
164.45508,231.38416,66.9290771484375,66.9290771484375,40.69748280899277
80.82039,219.10785,138.28746032714844,138.28746032714844,171.10467097568366
188.45242,219.3647,30.912277221679688,30.912277221679688,16.403226190401003
180.57866,203.39117,22.812515258789062,22.812515258789062,12.633007343082706
266.1662,167.97168,-98.19451904296875,98.19451904296875,-36.892182219728326
97.29294,135.23343,37.94049072265625,37.94049072265625,38.996140328315185
110.5391,129.78629,19.24718475341797,19.24718475341797,17.412105436688382
116.11723,176.50385,60.38661193847656,60.38661193847656,52.004866318810905
229.77908,198.38298,-31.396102905273438,31.396102905273438,-13.663603519058157
211.34138,151.81258,-59.52880859375,59.52880859375,-28.16713282416646
60.852283,103.3952,42.54291915893555,42.54291915893555,69.91178757403198
33.11791,159.81549,126.69758224487305,126.69758224487305,382.5651681170227
159.62509,154.6695,-4.955596923828125,4.955596923828125,-3.1045225256400086
99.15526,176.13478,76.97952270507812,76.97952270507812,77.63534089774168
42.749226,175.66553,132.91630172729492,132.91630172729492,310.9209577731687
176.78455,195.7417,18.9571533203125,18.9571533203125,10.723309112779214
349.5022,196.92299,-152.57920837402344,152.57920837402344,-43.65615139697156
177.69244,195.21094,17.51849365234375,17.51849365234375,9.858884977328099
302.74106,218.60716,-84.13389587402344,84.13389587402344,-27.790712080045815
164.90886,221.48877,56.57991027832031,56.57991027832031,34.30980635888132
284.26788,225.91295,-58.35493469238281,58.35493469238281,-20.528149017326022
214.6233,198.98302,-15.640289306640625,15.640289306640625,-7.287321017524159
194.68407,153.81497,-40.86909484863281,40.86909484863281,-20.992521640920415
71.02382,139.98769,68.9638671875,68.9638671875,97.09963247244617
74.35574,143.95772,69.60197448730469,69.60197448730469,93.60672262423512
217.15038,159.62949,-57.52088928222656,57.52088928222656,-26.48896608408854
164.29762,165.47937,1.1817474365234375,1.1817474365234375,0.7192723894857156
216.90652,165.03163,-51.87489318847656,51.87489318847656,-23.915782741077045
256.2063,231.20248,-25.003814697265625,25.003814697265625,-9.75925057722306
209.68271,200.19731,-9.485397338867188,9.485397338867188,-4.523690768711969
315.15323,222.7183,-92.43492126464844,92.43492126464844,-29.330152075043326
205.41884,221.92513,16.50628662109375,16.50628662109375,8.035429827929477
185.17836,214.88435,29.70599365234375,29.70599365234375,16.041827811140365
239.82697,226.61269,-13.214279174804688,13.214279174804688,-5.509922187653095
248.15955,207.98639,-40.17315673828125,40.17315673828125,-16.188439011216854
317.67953,215.09946,-102.580078125,102.580078125,-32.290426940274976
226.07788,175.34409,-50.733795166015625,50.733795166015625,-22.44084869035599
15.296698,67.31865,52.02195167541504,52.02195167541504,340.086160943905
58.395496,142.81714,84.4216423034668,84.4216423034668,144.568755389737
58.395496,114.87096,56.475460052490234,56.475460052490234,96.71201302270855
63.50824,117.47536,53.96711730957031,53.96711730957031,84.97655977449715
208.06859,135.00563,-73.06295776367188,73.06295776367188,-35.114842838979776
165.91734,193.46782,27.55047607421875,27.55047607421875,16.60494047992934
246.29033,198.85165,-47.43867492675781,47.43867492675781,-19.26128205005885
226.63702,192.24388,-34.39314270019531,34.39314270019531,-15.175429903041051
228.84259,217.92613,-10.916458129882812,10.916458129882812,-4.7702912792780205
241.9602,226.49065,-15.469558715820312,15.469558715820312,-6.393430982101145
344.33752,227.36226,-116.97526550292969,116.97526550292969,-33.97110602510695
249.97186,234.60175,-15.3701171875,15.3701171875,-6.148738908358582
138.23906,227.25096,89.01190185546875,89.01190185546875,64.38983468980814
143.7098,211.75893,68.04913330078125,68.04913330078125,47.351771815422644
224.27731,226.47525,2.19793701171875,2.19793701171875,0.9800086241629778
226.84662,211.0292,-15.817413330078125,15.817413330078125,-6.972734891992935
225.61981,170.82753,-54.79228210449219,54.79228210449219,-24.285226379696773
241.27924,168.04068,-73.23855590820312,73.23855590820312,-30.35427215826288
280.81726,184.54762,-96.26963806152344,96.26963806152344,-34.28195183126817
85.13189,112.2141,27.08221435546875,27.08221435546875,31.812067797849643
109.91796,119.574486,9.656524658203125,9.656524658203125,8.785210860677884
166.02388,135.0349,-30.988983154296875,30.988983154296875,-18.6653770249108
199.5264,182.8423,-16.684097290039062,16.684097290039062,-8.36184960082324
191.04973,189.95226,-1.09747314453125,1.09747314453125,-0.5744437083262949
258.1313,196.08522,-62.04606628417969,62.04606628417969,-24.036631551469384
260.43805,229.9788,-30.459243774414062,30.459243774414062,-11.695389308268517
222.4497,178.53833,-43.911376953125,43.911376953125,-19.739912243155384
18.69533,153.39238,134.6970500946045,134.6970500946045,720.4850221955558
139.13835,157.21667,18.078323364257812,18.078323364257812,12.99305560048828
188.31174,178.78761,-9.524124145507812,9.524124145507812,-5.057637030051701
225.87413,234.25407,8.37994384765625,8.37994384765625,3.7100060278782108
218.99063,192.94933,-26.041305541992188,26.041305541992188,-11.891515819999903
203.25098,173.58298,-29.667999267578125,29.667999267578125,-14.596731474229923
184.19655,187.12775,2.9311981201171875,2.9311981201171875,1.591342587357583
213.3956,173.79688,-39.598724365234375,39.598724365234375,-18.5564859270878
242.87376,193.87216,-49.00160217285156,49.00160217285156,-20.17574947501017
170.70508,193.32898,22.6239013671875,22.6239013671875,13.25320934543083
128.61732,113.3739,-15.243423461914062,15.243423461914062,-11.85176529069357
39.344532,133.70311,94.35857772827148,94.35857772827148,239.82640763712544
91.967186,141.25214,49.284950256347656,49.284950256347656,53.5897121721394
179.8474,191.09656,11.249160766601562,11.249160766601562,6.254836580118625
144.69757,193.6595,48.96192932128906,48.96192932128906,33.83742315114574
159.58923,208.68864,49.09941101074219,49.09941101074219,30.76611746618172
207.79948,208.95247,1.152984619140625,1.152984619140625,0.554854418087599
279.6733,203.48389,-76.18942260742188,76.18942260742188,-27.242293085095646
75.523476,177.22517,101.70169830322266,101.70169830322266,134.66236482364454
114.4427,134.04993,19.607223510742188,19.607223510742188,17.13278606187077
21.285418,97.97978,76.69436454772949,76.69436454772949,360.3141180726452
109.307724,125.744446,16.436721801757812,16.436721801757812,15.03710918169393
236.10251,180.00017,-56.10234069824219,56.10234069824219,-23.761857103508035
110.79733,148.68184,37.88450622558594,37.88450622558594,34.19261572513908
180.99225,158.188,-22.804244995117188,22.804244995117188,-12.599569970361275
231.05019,185.26526,-45.78492736816406,45.78492736816406,-19.81600972916249
212.5691,196.16554,-16.403564453125,16.403564453125,-7.716814865684837
229.10837,182.17293,-46.93544006347656,46.93544006347656,-20.486130860083414
16.697662,137.45087,120.75320434570312,120.75320434570312,723.1743090090633
268.43054,132.98108,-135.449462890625,135.449462890625,-50.459780725908296
189.32617,153.6332,-35.69297790527344,35.69297790527344,-18.852638043534327
20.563879,97.6233,77.05941963195801,77.05941963195801,374.73192476483797
288.95663,175.8612,-113.09542846679688,113.09542846679688,-39.139239233625574
213.55225,200.72157,-12.830673217773438,12.830673217773438,-6.008212721930697
170.13167,175.86116,5.7294921875,5.7294921875,3.3676811917470073
164.86008,149.43996,-15.420120239257812,15.420120239257812,-9.353459326729155
222.15308,218.8289,-3.3241729736328125,3.3241729736328125,-1.4963434362083612
113.972176,232.02612,118.05394744873047,118.05394744873047,103.58137574295141
233.01572,230.37292,-2.642791748046875,2.642791748046875,-1.1341688823160467
130.10654,184.62036,54.513824462890625,54.513824462890625,41.89937398714761
14.364503,108.522064,94.15756130218506,94.15756130218506,655.4877806291255
93.751175,112.01016,18.258987426757812,18.258987426757812,19.47600917110902
190.08577,162.87727,-27.20849609375,27.20849609375,-14.313799577618585
11.509344,143.0924,131.58306312561035,131.58306312561035,1143.2716058487183
35.968616,109.490616,73.52199935913086,73.52199935913086,204.40596982253712
411.80298,225.61952,-186.18345642089844,186.18345642089844,-45.21177993709779
186.74507,201.98904,15.243972778320312,15.243972778320312,8.162985327071686
274.6408,191.1975,-83.44331359863281,83.44331359863281,-30.38270757147953
290.65854,165.00148,-125.65705871582031,125.65705871582031,-43.23184834915409
290.65854,169.48083,-121.17770385742188,121.17770385742188,-41.690742804273576
198.6708,174.81715,-23.853652954101562,23.853652954101562,-12.006622074040962
272.81137,165.44731,-107.36405944824219,107.36405944824219,-39.3546863951752
227.96419,186.26537,-41.698822021484375,41.698822021484375,-18.29183015825917
243.3634,172.22632,-71.1370849609375,71.1370849609375,-29.23080627176617
88.182076,113.99586,25.81378173828125,25.81378173828125,29.273275313346776
37.373154,105.183205,67.81005096435547,67.81005096435547,181.44053759318527
149.93504,149.43668,-0.4983673095703125,0.4983673095703125,-0.33238881217177485
181.07683,162.43661,-18.640213012695312,18.640213012695312,-10.294090755993212
96.69914,165.6387,68.93955993652344,68.93955993652344,71.29283485409739
71.02398,167.40851,96.38452911376953,96.38452911376953,135.70702489082103
39.78319,84.323906,44.540714263916016,44.540714263916016,111.95862469046428
12.599703,102.65636,90.05665397644043,90.05665397644043,714.7522061050826
179.6231,167.27454,-12.348556518554688,12.348556518554688,-6.874704324639462
240.6627,191.4083,-49.25440979003906,49.25440979003906,-20.466158185567387
182.5292,166.25146,-16.277740478515625,16.277740478515625,-8.917882729931549
203.07736,146.71992,-56.35743713378906,56.35743713378906,-27.751708295770687
387.1012,186.66089,-200.4403076171875,200.4403076171875,-51.77982128154196
131.41089,160.55818,29.147293090820312,29.147293090820312,22.18027241532422
130.12656,122.97007,-7.156486511230469,7.156486511230469,-5.499635669620944
116.85805,171.68553,54.827484130859375,54.827484130859375,46.91802174576991
70.412895,150.55626,80.14336395263672,80.14336395263672,113.81915730349861
208.39023,170.60832,-37.78190612792969,37.78190612792969,-18.130363617006353
66.38055,166.20227,99.82172393798828,99.82172393798828,150.37797833283585
17.521067,124.199615,106.67854881286621,106.67854881286621,608.8587575664715
218.84633,184.81956,-34.026763916015625,34.026763916015625,-15.548245251655016
227.00452,193.60335,-33.40116882324219,33.40116882324219,-14.713878526861118
282.9283,198.19327,-84.73504638671875,84.73504638671875,-29.949298861664797
227.92036,145.72673,-82.19363403320312,82.19363403320312,-36.0624353408843
167.21005,191.8503,24.640243530273438,24.640243530273438,14.73610178533525
319.97687,206.56776,-113.40910339355469,113.40910339355469,-35.442906925530394
302.47385,194.64902,-107.8248291015625,107.8248291015625,-35.64765363095236
199.65527,179.17276,-20.482513427734375,20.482513427734375,-10.258939358366716
62.48033,138.93698,76.45664978027344,76.45664978027344,122.36914888498846
11.155252,93.92032,82.76506614685059,82.76506614685059,741.9380822475257
139.18886,183.11386,43.92500305175781,43.92500305175781,31.557844264795825
223.56094,195.4134,-28.147537231445312,28.147537231445312,-12.590543221791393
269.87955,162.20886,-107.67068481445312,107.67068481445312,-39.89582981140878
186.00703,154.25464,-31.752395629882812,31.752395629882812,-17.07053485857483
220.43614,162.39008,-58.04606628417969,58.04606628417969,-26.332372616404122
121.092705,177.78802,56.69532012939453,56.69532012939453,46.819765266371064
173.59535,150.66328,-22.93206787109375,22.93206787109375,-13.210070191429974
243.62546,132.23903,-111.38642883300781,111.38642883300781,-45.720356918141896
158.52792,170.5639,12.035980224609375,12.035980224609375,7.592340801860686
29.745056,150.56586,120.82080078125,120.82080078125,406.1878389553148
84.85598,151.52621,66.67023468017578,66.67023468017578,78.56869338316021
245.27798,180.06322,-65.21476745605469,65.21476745605469,-26.588104740553042
93.487305,173.59499,80.10768127441406,80.10768127441406,85.68829911418455
277.7567,158.59764,-119.15907287597656,119.15907287597656,-42.90051938508814
176.3202,226.73862,50.41841125488281,50.41841125488281,28.59480061177011
332.04916,193.07109,-138.9780731201172,138.9780731201172,-41.85466739983789
62.451817,148.16798,85.71616744995117,85.71616744995117,137.2516800519248
91.98397,168.50906,76.52509307861328,76.52509307861328,83.19394405833258
36.877968,160.96391,124.08594512939453,124.08594512939453,336.4771770677719
11.572286,118.22598,106.65369701385498,106.65369701385498,921.6303522022188
17.342407,142.86823,125.52581787109375,125.52581787109375,723.8085015027908
84.37175,156.00009,71.62834167480469,71.62834167480469,84.89611958793985
124.2746,162.99518,38.7205810546875,38.7205810546875,31.157277462225856
159.86641,145.33458,-14.531829833984375,14.531829833984375,-9.089983253802018
173.56543,174.61545,1.050018310546875,1.050018310546875,0.6049697295350839
299.9212,184.36026,-115.56094360351562,115.56094360351562,-38.530434731290306
203.79713,199.01198,-4.78515625,4.78515625,-2.347999771489308
11.273701,111.55093,100.27722549438477,100.27722549438477,889.4792228151616
217.6744,234.21257,16.538177490234375,16.538177490234375,7.597667913566912
211.1403,162.93019,-48.210113525390625,48.210113525390625,-22.83321207886717
336.07794,211.31851,-124.75942993164062,124.75942993164062,-37.1221714904434
281.05423,215.5772,-65.47703552246094,65.47703552246094,-23.296940090134356
245.4174,214.97311,-30.444290161132812,30.444290161132812,-12.405106420019056
106.58498,116.114006,9.529029846191406,9.529029846191406,8.940312402605926
178.91946,199.80179,20.88232421875,20.88232421875,11.671354104747653
55.144543,137.63962,82.49507522583008,82.49507522583008,149.59789526855326
32.472088,93.32696,60.8548698425293,60.8548698425293,187.40670481275293
194.86699,227.84969,32.982696533203125,32.982696533203125,16.925748521843147
171.77658,164.44196,-7.334625244140625,7.334625244140625,-4.269863336161065
149.0271,153.75786,4.7307586669921875,4.7307586669921875,3.174428462603311
356.26398,195.46129,-160.8026885986328,160.8026885986328,-45.13582594844055
295.51935,195.25014,-100.26921081542969,100.26921081542969,-33.92982944940393
272.69165,193.81615,-78.87550354003906,78.87550354003906,-28.924795983687645
218.44861,200.66519,-17.783416748046875,17.783416748046875,-8.140778226250342
56.962387,86.407936,29.44554901123047,29.44554901123047,51.69296884856956
47.9863,59.125896,11.139595031738281,11.139595031738281,23.214114656903977
24.746069,132.8315,108.08542823791504,108.08542823791504,436.77817449223903
109.93306,141.63556,31.702499389648438,31.702499389648438,28.838003307066217
186.84023,145.1674,-41.672821044921875,41.672821044921875,-22.303987803436915
131.28055,172.74318,41.46263122558594,41.46263122558594,31.58322525844408
15.429639,100.64222,85.21258068084717,85.21258068084717,552.2655548817802
21.716143,120.90378,99.18763542175293,99.18763542175293,456.7461035791712
176.08685,179.34465,3.2577972412109375,3.2577972412109375,1.8501081626491722
215.0763,180.60704,-34.46925354003906,34.46925354003906,-16.026523847767045
227.87573,138.99394,-88.88179016113281,88.88179016113281,-39.00450004767624
285.17715,165.45375,-119.72340393066406,119.72340393066406,-41.98211603708418
154.62349,201.40399,46.78050231933594,46.78050231933594,30.25446037141514
296.16708,202.12978,-94.03730773925781,94.03730773925781,-31.751437922026852
246.74265,201.9886,-44.75404357910156,44.75404357910156,-18.13794430682094
34.402798,117.57507,83.17227554321289,83.17227554321289,241.76020878003152
101.05752,140.05812,39.00060272216797,39.00060272216797,38.59248029433607
191.923,187.38939,-4.5336151123046875,4.5336151123046875,-2.362205162624566
73.34961,145.6088,72.25918579101562,72.25918579101562,98.51338869657835
78.93896,131.38235,52.443397521972656,52.443397521972656,66.43538168304501
183.72626,173.78192,-9.9443359375,9.9443359375,-5.412582873198898
176.907,179.79161,2.884613037109375,2.884613037109375,1.6305816473785892
192.5266,167.40457,-25.122024536132812,25.122024536132812,-13.048599543662759
218.12956,173.21509,-44.91447448730469,44.91447448730469,-20.5907324058562
191.94095,182.47565,-9.465301513671875,9.465301513671875,-4.931361227667417
189.98566,180.07549,-9.910171508789062,9.910171508789062,-5.216273522395971
168.15155,186.3805,18.22894287109375,18.22894287109375,10.840781925194056
274.79202,218.37834,-56.41368103027344,56.41368103027344,-20.529591971023006
261.2197,206.42346,-54.796234130859375,54.796234130859375,-20.977068330037444
283.7597,183.2306,-100.52909851074219,100.52909851074219,-35.42754551991463
31.872427,121.52239,89.64996528625488,89.64996528625488,281.2774983332167
252.88222,165.19238,-87.68983459472656,87.68983459472656,-34.676156945237494
117.81446,143.18231,25.36785125732422,25.36785125732422,21.532035282330984
18.335966,106.41347,88.07750129699707,88.07750129699707,480.35375266023925
74.46172,170.40764,95.94591522216797,95.94591522216797,128.85266541575908
256.441,178.24266,-78.19834899902344,78.19834899902344,-30.49369878278851
269.4247,160.51361,-108.91110229492188,108.91110229492188,-40.42357548709527
155.31862,200.16618,44.847564697265625,44.847564697265625,28.874558022179276
325.26096,221.84123,-103.41972351074219,103.41972351074219,-31.79592313901351
46.417473,126.0866,79.66912841796875,79.66912841796875,171.6360748326233
263.81967,164.37128,-99.44839477539062,99.44839477539062,-37.69559493445977
59.866497,118.02781,58.161312103271484,58.161312103271484,97.15168746988829
212.7659,224.58241,11.816513061523438,11.816513061523438,5.5537626473537465
144.51488,175.55829,31.043411254882812,31.043411254882812,21.4811179518119
277.58228,222.8237,-54.758575439453125,54.758575439453125,-19.726971170041256
263.42703,211.72823,-51.69880676269531,51.69880676269531,-19.62547513738741
276.502,195.28075,-81.22126770019531,81.22126770019531,-29.374566383140383
82.54513,111.320114,28.774986267089844,28.774986267089844,34.8597028196228
251.75493,211.49825,-40.256683349609375,40.256683349609375,-15.990425123057376
175.17915,193.90033,18.721176147460938,18.721176147460938,10.68687442516864
21.395283,94.03384,72.63855361938477,72.63855361938477,339.50733198481987
215.44882,223.0393,7.590484619140625,7.590484619140625,3.5231033281693733
263.16602,219.25409,-43.91192626953125,43.91192626953125,-16.68601706236409
302.5575,230.6377,-71.9197998046875,71.9197998046875,-23.770622432219472
182.62413,223.25487,40.6307373046875,40.6307373046875,22.24828517966605
284.69424,207.30148,-77.39276123046875,77.39276123046875,-27.18451909616833
18.092266,51.696087,33.60382080078125,33.60382080078125,185.73583124999078
78.18259,122.84473,44.662139892578125,44.662139892578125,57.125431371485156
109.22519,158.68176,49.456573486328125,49.456573486328125,45.27945782881743
46.974045,127.55976,80.5857162475586,80.5857162475586,171.55370926859945
14.4032345,90.38486,75.98162269592285,75.98162269592285,527.5316651400269
17.693443,69.6927,51.99925994873047,51.99925994873047,293.88999683068755
229.0289,233.5127,4.483795166015625,4.483795166015625,1.9577420854520275
169.44078,230.29512,60.854339599609375,60.854339599609375,35.914813051427664
106.792435,209.93427,103.14183044433594,103.14183044433594,96.58158908113435
221.92274,196.32326,-25.5994873046875,25.5994873046875,-11.535314838239378
249.4353,188.87862,-60.55668640136719,60.55668640136719,-24.277512339884915
233.6028,218.9234,-14.679397583007812,14.679397583007812,-6.283913411851143
14.769605,64.744644,49.9750394821167,49.9750394821167,338.36409677167114
73.08924,83.16399,10.074745178222656,10.074745178222656,13.784169922336782
48.11348,92.40942,44.295936584472656,44.295936584472656,92.0655436680288
36.355385,81.988266,45.63288116455078,45.63288116455078,125.51890560951303
194.03357,222.94533,28.911758422851562,28.911758422851562,14.900389928299246
195.68976,203.13327,7.443511962890625,7.443511962890625,3.803730980877249
160.89009,107.37998,-53.510108947753906,53.510108947753906,-33.25879712935006
16.381996,129.51018,113.12818145751953,113.12818145751953,690.5640825979253
76.152176,146.37668,70.22450256347656,70.22450256347656,92.2160158005606
209.58218,177.05623,-32.52595520019531,32.52595520019531,-15.519427560385457
265.51083,187.58939,-77.92144775390625,77.92144775390625,-29.347747003853563
263.81943,198.32498,-65.49444580078125,65.49444580078125,-24.825482499087606
144.36879,197.32062,52.95182800292969,52.95182800292969,36.67816854523872
69.18436,172.46432,103.27996826171875,103.27996826171875,149.28225570602635
75.662186,157.6432,81.98101806640625,81.98101806640625,108.35137439078028
164.42522,222.66753,58.2423095703125,58.2423095703125,35.421762396398364
248.15231,209.5517,-38.600616455078125,38.600616455078125,-15.555211213737271
21.504753,58.236008,36.73125457763672,36.73125457763672,170.80528376671134
26.194279,141.3103,115.11602401733398,115.11602401733398,439.47010437223383
74.92927,172.91608,97.98680877685547,97.98680877685547,130.77240915988375
276.5814,184.97699,-91.60440063476562,91.60440063476562,-33.1202328936969
214.51912,211.84616,-2.6729583740234375,2.6729583740234375,-1.246023376942077
259.27005,219.31082,-39.959228515625,39.959228515625,-15.412203803755778
168.79097,228.85645,60.06547546386719,60.06547546386719,35.585716177667734
262.65845,226.0153,-36.64314270019531,36.64314270019531,-13.950871590715796
252.37035,202.09636,-50.27398681640625,50.27398681640625,-19.920718737134845
200.65836,170.38605,-30.272308349609375,30.272308349609375,-15.086492781254575
167.08421,143.34387,-23.740341186523438,23.740341186523438,-14.208608176543061
270.23117,198.81543,-71.41574096679688,71.41574096679688,-26.427647407914346
267.14468,199.1626,-67.98208618164062,67.98208618164062,-25.447665738650326
198.47859,154.80428,-43.67431640625,43.67431640625,-22.004547686475785
16.620419,56.872326,40.25190734863281,40.25190734863281,242.1834758912384
62.149307,142.33746,80.18815612792969,80.18815612792969,129.02502002815112
257.81906,233.08945,-24.7296142578125,24.7296142578125,-9.591848692297722
193.7953,222.51775,28.722442626953125,28.722442626953125,14.821021010948407
310.47345,206.56952,-103.9039306640625,103.9039306640625,-33.466285365820575
199.9554,160.70822,-39.24717712402344,39.24717712402344,-19.627965739735203
168.02061,131.80376,-36.21685791015625,36.21685791015625,-21.555008587010608
325.3674,193.69937,-131.66802978515625,131.66802978515625,-40.46749284983294
313.4995,196.09087,-117.40864562988281,117.40864562988281,-37.450981976397365
271.46558,229.62697,-41.83860778808594,41.83860778808594,-15.412122736916137
218.47572,232.33917,13.863449096679688,13.863449096679688,6.345532990758153
190.14177,151.53114,-38.610626220703125,38.610626220703125,-20.306230630269436
121.056305,147.34544,26.289138793945312,26.289138793945312,21.716455668121164
255.90967,206.6127,-49.296966552734375,49.296966552734375,-19.263424842063486
210.3562,231.71106,21.3548583984375,21.3548583984375,10.151760813073992
207.44641,215.135,7.6885833740234375,7.6885833740234375,3.7062985722616384
252.36942,214.00682,-38.36259460449219,38.36259460449219,-15.200968216153518
155.7125,165.58112,9.868621826171875,9.868621826171875,6.33771997302439
302.79135,178.9893,-123.80204772949219,123.80204772949219,-40.886916746616336
259.80252,219.50638,-40.296142578125,40.296142578125,-15.510296998464387
171.27058,145.28511,-25.9854736328125,25.9854736328125,-15.172175518863432
83.62873,143.80782,60.17908477783203,60.17908477783203,71.95982077082412
216.34572,233.56139,17.215667724609375,17.215667724609375,7.957480209554892
209.5844,234.72168,25.137283325195312,25.137283325195312,11.993871567490624
241.83607,216.72621,-25.10986328125,25.10986328125,-10.383009771802822
194.35074,227.3622,33.01145935058594,33.01145935058594,16.985507542217654
187.05061,223.47758,36.426971435546875,36.426971435546875,19.474392931822518
275.11835,216.66531,-58.453033447265625,58.453033447265625,-21.246505021919944
282.1992,192.32724,-89.8719482421875,89.8719482421875,-31.84699034930183
252.7067,219.9767,-32.72999572753906,32.72999572753906,-12.951772273166027
285.87387,149.52927,-136.3446044921875,136.3446044921875,-47.69397220073841
230.41962,189.16945,-41.25016784667969,41.25016784667969,-17.90219445618041
335.22018,183.80919,-151.41099548339844,151.41099548339844,-45.16762491129542
225.57112,182.57172,-42.99940490722656,42.99940490722656,-19.062460068230944
23.043348,86.49276,63.449411392211914,63.449411392211914,275.3480550312626
341.17667,219.82079,-121.35588073730469,121.35588073730469,-35.569806712662626
218.34372,216.65039,-1.693328857421875,1.693328857421875,-0.7755335768007741
185.27798,204.60297,19.324981689453125,19.324981689453125,10.43026333062601
249.18048,202.357,-46.823486328125,46.823486328125,-18.790992837115223
233.12276,207.61034,-25.512420654296875,25.512420654296875,-10.943770993104891
180.92465,194.17093,13.24627685546875,13.24627685546875,7.321432818439753
233.64093,178.97438,-54.66654968261719,54.66654968261719,-23.397676786121533
205.24077,157.33319,-47.90757751464844,47.90757751464844,-23.34213513256116
301.16852,179.60254,-121.56597900390625,121.56597900390625,-40.3647697921406
238.52011,198.96884,-39.55126953125,39.55126953125,-16.58194327996257
286.77136,222.13927,-64.63209533691406,64.63209533691406,-22.537848555548603
14.332586,74.61342,60.280832290649414,60.280832290649414,420.5858669012029
30.419376,60.986305,30.56692886352539,30.56692886352539,100.4850608652317
200.03688,211.63974,11.602859497070312,11.602859497070312,5.800360147821252
251.11626,194.73369,-56.382568359375,56.382568359375,-22.452775099948926
170.37257,185.27605,14.903472900390625,14.903472900390625,8.747577478808228
164.36053,212.22014,47.85960388183594,47.85960388183594,29.118671327346934
224.42668,188.16504,-36.26164245605469,36.26164245605469,-16.157456061237855
206.82845,183.54865,-23.279800415039062,23.279800415039062,-11.255608659691624
163.20729,181.55351,18.346221923828125,18.346221923828125,11.241055378609087
165.05377,171.09616,6.042388916015625,6.042388916015625,3.66086084783124
302.26624,190.82135,-111.44488525390625,111.44488525390625,-36.86977644866154
382.2388,193.03609,-189.2027130126953,189.2027130126953,-49.4985629372335
182.55118,170.82387,-11.727310180664062,11.727310180664062,-6.42412188764087
51.14506,115.52037,64.37530899047852,64.37530899047852,125.8680840561509
132.64558,123.91245,-8.733131408691406,8.733131408691406,-6.583808626213481
312.5813,238.53331,-74.04798889160156,74.04798889160156,-23.689193553552084
308.2524,224.57042,-83.68199157714844,83.68199157714844,-27.147230198751288
312.40338,196.69574,-115.7076416015625,115.7076416015625,-37.037896677820505
127.45454,189.34189,61.887351989746094,61.887351989746094,48.556413698037936
88.89021,158.03189,69.14167785644531,69.14167785644531,77.78322889896832
140.12767,156.17738,16.049713134765625,16.049713134765625,11.453635889164012
269.08008,190.55157,-78.52850341796875,78.52850341796875,-29.184064448460827
417.94287,198.69334,-219.24952697753906,219.24952697753906,-52.45920965316778
158.56282,140.50757,-18.055252075195312,18.055252075195312,-11.386813141764005
59.604576,98.393906,38.789329528808594,38.789329528808594,65.07777096959215
86.2717,127.23285,40.961151123046875,40.961151123046875,47.479245307046355
179.8997,160.03911,-19.860595703125,19.860595703125,-11.039815666060809
179.8997,174.2886,-5.6110992431640625,5.6110992431640625,-3.1190152729788285
211.15628,202.82608,-8.3302001953125,8.3302001953125,-3.945040220870454
178.56287,212.63318,34.0703125,34.0703125,19.08028988499351
189.61372,202.02658,12.412857055664062,12.412857055664062,6.546391690355913
162.92369,160.66386,-2.25982666015625,2.25982666015625,-1.3870460760597625
224.70042,176.95912,-47.741302490234375,47.741302490234375,-21.24664546647429
156.02869,155.63324,-0.39544677734375,0.39544677734375,-0.25344491846654676
100.471664,120.91737,20.445709228515625,20.445709228515625,20.349726805832656
289.60825,187.91234,-101.69590759277344,101.69590759277344,-35.1149903534111
200.49641,186.05849,-14.43792724609375,14.43792724609375,-7.201090006927842
208.4835,166.01833,-42.465179443359375,42.465179443359375,-20.36860392990648
116.41053,94.12627,-22.284263610839844,22.284263610839844,-19.14282461693778
236.29376,232.67137,-3.6223907470703125,3.6223907470703125,-1.5330031200301077
218.18808,230.6552,12.467117309570312,12.467117309570312,5.713931448068259
237.19336,201.59654,-35.59681701660156,35.59681701660156,-15.007509953229087
164.8317,189.91768,25.085983276367188,25.085983276367188,15.219150171119223
96.804344,150.46439,53.66004180908203,53.66004180908203,55.43143984409622
185.99614,148.27335,-37.72279357910156,37.72279357910156,-20.28149276386132
130.57036,158.29178,27.721420288085938,27.721420288085938,21.23102107862059
282.3174,156.77364,-125.54377746582031,125.54377746582031,-44.469016623865784
52.744907,80.40753,27.66262435913086,27.66262435913086,52.44605732318654
129.36366,143.45917,14.095504760742188,14.095504760742188,10.89603097531404
23.169603,74.5211,51.35149955749512,51.35149955749512,221.6330542508795
18.944912,86.90095,67.95603561401367,67.95603561401367,358.703359345347
156.11017,228.69386,72.58369445800781,72.58369445800781,46.4951740014208
195.345,214.83098,19.485977172851562,19.485977172851562,9.975160383467438
271.17432,209.24437,-61.92994689941406,61.92994689941406,-22.837688952310643
30.220173,133.3653,103.14512252807617,103.14512252807617,341.3121524173644
256.1756,152.95186,-103.22373962402344,103.22373962402344,-40.29413432491951
18.331774,55.994396,37.66262245178223,37.66262245178223,205.44996326654234
37.749844,121.31122,83.56137466430664,83.56137466430664,221.3555519738235
227.8239,164.17595,-63.64794921875,63.64794921875,-27.93734533092192
240.34729,181.38774,-58.95954895019531,58.95954895019531,-24.5309813730843
238.92668,168.64323,-70.283447265625,70.283447265625,-29.416324212483108
100.391975,89.25553,-11.136444091796875,11.136444091796875,-11.092962407713234
139.65405,143.88437,4.230316162109375,4.230316162109375,3.0291395625700366
304.97205,172.95842,-132.0136260986328,132.0136260986328,-43.28712348363767
233.66948,224.72464,-8.944839477539062,8.944839477539062,-3.827987934774751
185.81754,200.28044,14.462905883789062,14.462905883789062,7.783391299763552
161.82585,211.03511,49.209259033203125,49.209259033203125,30.408774985693633
200.49205,203.3958,2.90374755859375,2.90374755859375,1.4483105719746043
145.2845,163.75018,18.465682983398438,18.465682983398438,12.710015843316583
238.57906,161.42082,-77.15823364257812,77.15823364257812,-32.34074063556709
16.36243,41.632156,25.269725799560547,25.269725799560547,154.43748217954715
83.79953,82.31373,-1.4858016967773438,1.4858016967773438,-1.7730429947016382
75.43622,150.82283,75.38661193847656,75.38661193847656,99.93424070773261
215.51202,177.22058,-38.29144287109375,38.29144287109375,-17.767659629181843
196.42232,164.85707,-31.56524658203125,31.56524658203125,-16.070091720227552
124.78791,154.19737,29.409461975097656,29.409461975097656,23.567557038458993
65.41293,121.69838,56.28544616699219,56.28544616699219,86.0463570195913
274.96875,231.5518,-43.41694641113281,43.41694641113281,-15.789774805730763
135.40933,206.90166,71.49232482910156,71.49232482910156,52.797191764968645
266.0246,208.64507,-57.37953186035156,57.37953186035156,-21.569258057788524
91.15325,163.74974,72.59648895263672,72.59648895263672,79.64223726545471
179.0351,144.73389,-34.30120849609375,34.30120849609375,-19.158929960034925
71.698784,156.66272,84.96393585205078,84.96393585205078,118.50122311803216
46.009556,38.046215,-7.963340759277344,7.963340759277344,-17.308014863285187
60.03677,158.54813,98.51135635375977,98.51135635375977,164.08503750632454
110.28876,141.16524,30.876480102539062,30.876480102539062,27.996035907604494
144.37616,157.02914,12.652984619140625,12.652984619140625,8.763901636003837
144.37616,177.55435,33.178192138671875,33.178192138671875,22.98038139743703
274.96817,227.57532,-47.392852783203125,47.392852783203125,-17.2357595988616
216.58937,238.68323,22.093856811523438,22.093856811523438,10.200803823986655
183.76599,223.17236,39.4063720703125,39.4063720703125,21.443778476442645
142.41852,207.02077,64.60224914550781,64.60224914550781,45.3608491526259
204.3773,207.00171,2.6244049072265625,2.6244049072265625,1.284098016204334
239.53278,203.86284,-35.66993713378906,35.66993713378906,-14.891464019029153
221.96938,210.25755,-11.711822509765625,11.711822509765625,-5.276323581828125
58.450275,171.14424,112.69396591186523,112.69396591186523,192.803139249369
163.57861,183.01901,19.440399169921875,19.440399169921875,11.884438179272795
141.37541,131.87704,-9.498367309570312,9.498367309570312,-6.718542620709217
247.29063,80.1606,-167.13003540039062,167.13003540039062,-67.58445825143944
73.18513,27.478548,-45.70657920837402,45.70657920837402,-62.453371225353585
9.707791,30.08971,20.381918907165527,20.381918907165527,209.95423384797292
244.58089,181.04031,-63.54057312011719,63.54057312011719,-25.97936982764768
175.06918,143.44106,-31.628128051757812,31.628128051757812,-18.066073906677868
119.53433,163.40997,43.875640869140625,43.875640869140625,36.70547200452603
144.42606,177.74876,33.32270812988281,33.32270812988281,23.07250441780578
163.56575,190.48741,26.921661376953125,26.921661376953125,16.459228999262553
255.286,201.77362,-53.51237487792969,53.51237487792969,-20.961735396648372
137.77333,196.88928,59.11595153808594,59.11595153808594,42.90812397629756
93.058075,156.86923,63.8111572265625,63.8111572265625,68.5713273781395
295.2713,199.32603,-95.94526672363281,95.94526672363281,-32.493935682578076
132.38333,169.47107,37.087738037109375,37.087738037109375,28.015413778485026
25.676529,121.62968,95.9531478881836,95.9531478881836,373.6998413893556
238.45857,173.94061,-64.51795959472656,64.51795959472656,-27.056255075548606
199.39758,229.84052,30.44293212890625,30.44293212890625,15.267452929814842
274.75043,206.07133,-68.67909240722656,68.67909240722656,-24.996901040561713
132.38411,153.93208,21.5479736328125,21.5479736328125,16.276858087178027
42.07891,109.35345,67.2745361328125,67.2745361328125,159.87708524201562
159.33418,169.51517,10.180984497070312,10.180984497070312,6.389705160587524
268.47546,160.55336,-107.92210388183594,107.92210388183594,-40.19812549247482
184.01909,140.4356,-43.58349609375,43.58349609375,-23.684225582769308
201.20747,220.44212,19.234649658203125,19.234649658203125,9.559609938562904
214.70482,203.85481,-10.850006103515625,10.850006103515625,-5.0534525344692005
180.2417,226.27885,46.03715515136719,46.03715515136719,25.541900321020766
180.2417,199.31612,19.074417114257812,19.074417114257812,10.582688244138323
131.7694,192.73796,60.96856689453125,60.96856689453125,46.269141171834534
98.4699,115.15446,16.684555053710938,16.684555053710938,16.943811975333332
33.336945,106.16123,72.82428741455078,72.82428741455078,218.44919602521088
109.882256,158.14452,48.26226043701172,48.26226043701172,43.92179628421119
144.30125,162.54836,18.247100830078125,18.247100830078125,12.645143607431885
308.74115,180.08548,-128.65567016601562,128.65567016601562,-41.671047156075566
128.49919,129.18074,0.681549072265625,0.681549072265625,0.5303917211108041
254.90645,144.30841,-110.59803771972656,110.59803771972656,-43.38769710591373
255.21825,194.5674,-60.650848388671875,60.650848388671875,-23.764307305585568
205.18802,236.03789,30.849868774414062,30.849868774414062,15.034926968450387
265.5067,214.29729,-51.20942687988281,51.20942687988281,-19.287431995222136
222.33421,205.61829,-16.715927124023438,16.715927124023438,-7.518378246497556
193.69687,201.11719,7.420318603515625,7.420318603515625,3.8308923865368194
247.11206,212.85716,-34.25489807128906,34.25489807128906,-13.86209074356013
223.17827,216.20697,-6.9712982177734375,6.9712982177734375,-3.123645624967396
25.741707,62.90509,37.16338348388672,37.16338348388672,144.37031585792246
10.755521,40.965492,30.20997142791748,30.20997142791748,280.87874061855575
10.664251,35.355465,24.691213607788086,24.691213607788086,231.5325553523173
34.020058,104.67399,70.6539306640625,70.6539306640625,207.68315954176168
73.849365,152.49487,78.6455078125,78.6455078125,106.49449397825362
178.18185,154.84833,-23.333526611328125,23.333526611328125,-13.095343916920706
242.34189,160.70647,-81.63542175292969,81.63542175292969,-33.6860549707539
131.51262,171.2056,39.69297790527344,39.69297790527344,30.181877755527996
224.5728,174.59053,-49.982269287109375,49.982269287109375,-22.256599800932257
208.67484,185.77928,-22.895553588867188,22.895553588867188,-10.971880517536416
52.729256,107.52279,54.79353332519531,54.79353332519531,103.91486210539247
206.83046,164.886,-41.9444580078125,41.9444580078125,-20.27963293704441
139.88353,192.00995,52.12641906738281,52.12641906738281,37.2641576838467
233.3709,192.66232,-40.70857238769531,40.70857238769531,-17.44372292886288
259.58817,227.44243,-32.14573669433594,32.14573669433594,-12.383359872845464
174.84743,178.46555,3.6181182861328125,3.6181182861328125,2.0693002697228096
222.3156,214.55453,-7.7610626220703125,7.7610626220703125,-3.491011295722108
192.6081,206.28545,13.677352905273438,13.677352905273438,7.1011309408937695
198.35832,195.43253,-2.9257965087890625,2.9257965087890625,-1.4750056751698186
22.253515,97.21333,74.95981788635254,74.95981788635254,336.84484031414087
12.661415,41.006897,28.345481872558594,28.345481872558594,223.87293717540283
19.676266,65.219154,45.54288864135742,45.54288864135742,231.46103685235505
22.709324,56.619106,33.90978240966797,33.90978240966797,149.32096870998416
207.45427,183.75737,-23.6968994140625,23.6968994140625,-11.422709921348059
127.52006,151.85597,24.335914611816406,24.335914611816406,19.083989652219543
239.7034,172.98274,-66.72065734863281,66.72065734863281,-27.834672951560492
139.14502,228.65196,89.50694274902344,89.50694274902344,64.32637190361056
132.69635,218.30978,85.61343383789062,85.61343383789062,64.51830346116112
210.25241,190.98933,-19.263076782226562,19.263076782226562,-9.161881521742128
210.25241,163.16237,-47.09004211425781,47.09004211425781,-22.396909464782247
100.55869,137.12978,36.571083068847656,36.571083068847656,36.36789819208464
138.70117,147.78516,9.083984375,9.083984375,6.549320566077589
240.72188,209.02034,-31.7015380859375,31.7015380859375,-13.169363060187377
192.78688,211.88768,19.100799560546875,19.100799560546875,9.907727907462128
214.90305,208.19296,-6.7100830078125,6.7100830078125,-3.122376878086062
230.57675,191.61057,-38.9661865234375,38.9661865234375,-16.899442912014617
133.51826,176.54442,43.026153564453125,43.026153564453125,32.224919668037025
63.039562,101.155754,38.11619186401367,38.11619186401367,60.46392220771328
31.543104,60.333076,28.78997230529785,28.78997230529785,91.27184232894705
58.683014,91.448044,32.76502990722656,32.76502990722656,55.833924880065524
69.08252,151.30801,82.22549438476562,82.22549438476562,119.02503693075394
129.90479,139.96494,10.060150146484375,10.060150146484375,7.744249093198519
150.8374,157.0015,6.164093017578125,6.164093017578125,4.086581260217212
244.74069,181.46208,-63.27861022949219,63.27861022949219,-25.85536948373018
167.21942,230.587,63.367584228515625,63.367584228515625,37.894871123832594
253.66962,202.71391,-50.95570373535156,50.95570373535156,-20.08742883692326
189.85086,185.19876,-4.652099609375,4.652099609375,-2.4503969035367597
14.845512,37.53316,22.68764877319336,22.68764877319336,152.82496270231073
41.36412,57.966576,16.602455139160156,16.602455139160156,40.13733386600975
42.225,91.04108,48.816078186035156,48.816078186035156,115.60942557748963
38.095257,124.04756,85.95230484008789,85.95230484008789,225.6246893914079
94.64096,173.22298,78.58201599121094,78.58201599121094,83.03171841822265
180.05495,153.00299,-27.051956176757812,27.051956176757812,-15.024278223174909
138.40234,231.41844,93.01609802246094,93.01609802246094,67.20702518627756
171.26762,186.09398,14.82635498046875,14.82635498046875,8.656834632684125
66.54563,168.77463,102.22899627685547,102.22899627685547,153.62240031808236
55.681118,135.5198,79.83868789672852,79.83868789672852,143.38556901870322
40.97958,61.301064,20.321483612060547,20.321483612060547,49.58929215230163
53.92826,89.14355,35.21528625488281,35.21528625488281,65.30024467760772
47.8643,79.271736,31.40743637084961,31.40743637084961,65.61766602464475
17.650396,65.300735,47.650339126586914,47.650339126586914,269.96753041504377
219.50409,181.6032,-37.90089416503906,37.90089416503906,-17.266600488550214
215.14688,188.94093,-26.205947875976562,26.205947875976562,-12.180491644388677
178.03255,196.05391,18.0213623046875,18.0213623046875,10.122509961610591
18.774622,158.17798,139.40335655212402,139.40335655212402,742.5095260140671
196.29282,231.70667,35.413848876953125,35.413848876953125,18.041337207015477
128.98805,219.07135,90.08329772949219,90.08329772949219,69.83848199550451
171.97409,198.25117,26.277084350585938,26.277084350585938,15.279676294579456
123.79063,128.71907,4.928443908691406,4.928443908691406,3.981273903368682
128.83516,171.66473,42.82957458496094,42.82957458496094,33.243700568294
237.5336,184.6616,-52.87199401855469,52.87199401855469,-22.25874320566028
47.186825,160.29247,113.10564041137695,113.10564041137695,239.69750220356235
183.45284,170.2082,-13.24462890625,13.24462890625,-7.219637080155854
120.99859,198.91153,77.9129409790039,77.9129409790039,64.39161142699905
116.234795,183.37314,67.13834381103516,67.13834381103516,57.76096910777311
69.02466,194.21295,125.18829345703125,125.18829345703125,181.36749491555398
21.535904,83.60889,62.07298278808594,62.07298278808594,288.23021772354235
129.31464,113.10585,-16.208786010742188,16.208786010742188,-12.534378538446617
177.33536,175.30627,-2.029083251953125,2.029083251953125,-1.1442068173311477
47.16044,138.71336,91.55292510986328,91.55292510986328,194.13077560098316
107.20754,145.10019,37.89264678955078,37.89264678955078,35.34513144728328
150.79025,171.8954,21.105148315429688,21.105148315429688,13.996361130478164
232.2099,183.08694,-49.122955322265625,49.122955322265625,-21.154548252647437
309.92075,227.39168,-82.52906799316406,82.52906799316406,-26.62908795179904
135.86043,184.81244,48.95201110839844,48.95201110839844,36.03110330266498
82.14452,173.32864,91.18412017822266,91.18412017822266,111.00450298959387
43.27424,148.96123,105.6869888305664,105.6869888305664,244.22610837968205
91.21412,200.81941,109.60529327392578,109.60529327392578,120.1626398704475
135.7205,196.51096,60.79045104980469,60.79045104980469,44.7909114079486
167.34976,184.85445,17.504684448242188,17.504684448242188,10.459939854664272
166.62616,180.50084,13.874679565429688,13.874679565429688,8.326831508976364
162.13347,200.63269,38.49922180175781,38.49922180175781,23.745388368953822
78.42941,83.20375,4.7743377685546875,4.7743377685546875,6.087432757127988
107.64163,124.00362,16.361984252929688,16.361984252929688,15.200423792122988
31.541595,79.90913,48.367530822753906,48.367530822753906,153.34522594346694
76.79535,138.96356,62.168212890625,62.168212890625,80.95309625143557
145.32361,108.6445,-36.679107666015625,36.679107666015625,-25.23960701928868
218.50781,192.73419,-25.77362060546875,25.77362060546875,-11.795285628731811
12.88423,123.68666,110.80243110656738,110.80243110656738,859.9849120220777
86.688614,137.27742,50.58880615234375,50.58880615234375,58.35692126257981
115.65521,151.10938,35.45416259765625,35.45416259765625,30.65504948823022
53.349102,103.83047,50.48136520385742,50.48136520385742,94.62458278057427
81.40926,123.59225,42.1829833984375,42.1829833984375,51.81595008657065
243.44524,229.00108,-14.44415283203125,14.44415283203125,-5.9332246780157005
127.9775,163.6358,35.658302307128906,35.658302307128906,27.8629462616757
127.9775,178.3962,50.41869354248047,50.41869354248047,39.396529219428785
138.7429,195.60715,56.86424255371094,56.86424255371094,40.985333766650115
130.20573,201.96254,71.75680541992188,71.75680541992188,55.110326616285185
35.408108,57.386368,21.978260040283203,21.978260040283203,62.071263990619286
119.36229,155.45709,36.09480285644531,36.09480285644531,30.23970387062902
144.50719,159.06567,14.558486938476562,14.558486938476562,10.074576394317338
20.79824,88.57149,67.77324676513672,67.77324676513672,325.86047958469106
120.544716,149.22812,28.68340301513672,28.68340301513672,23.79482402477918
148.47923,156.17354,7.694305419921875,7.694305419921875,5.182075146430357
260.94086,232.57744,-28.363418579101562,28.363418579101562,-10.86967327095109
303.4688,231.74983,-71.71897888183594,71.71897888183594,-23.633064181191074
181.116,238.40955,57.293548583984375,57.293548583984375,31.633621233640376
106.90543,203.7173,96.8118667602539,96.8118667602539,90.55841546172012
33.713253,145.45442,111.74116897583008,111.74116897583008,331.4458231171884
152.26547,177.73534,25.469863891601562,25.469863891601562,16.727274731507677
98.35087,228.81808,130.46721649169922,130.46721649169922,132.65487010556555
98.35087,225.35574,127.00487518310547,127.00487518310547,129.13447280651025
138.22993,206.13843,67.90849304199219,67.90849304199219,49.12719751558582
45.146694,191.63545,146.4887580871582,146.4887580871582,324.47283402908425
136.05309,155.53197,19.4788818359375,19.4788818359375,14.317118784259296
224.01904,189.5219,-34.49714660644531,34.49714660644531,-15.399202741553344
152.08324,167.28569,15.20245361328125,15.20245361328125,9.996140234597886
152.08324,185.82864,33.74540710449219,33.74540710449219,22.188774935343663
72.53482,95.98295,23.44812774658203,23.44812774658203,32.32671917658082
97.01521,129.56825,32.55303955078125,32.55303955078125,33.55457205100544
148.1565,163.02654,14.870040893554688,14.870040893554688,10.036712180460048
148.26352,156.90198,8.638458251953125,8.638458251953125,5.826421963736691
172.46625,162.5506,-9.9156494140625,9.9156494140625,-5.749327508673112
159.4682,154.0207,-5.4474945068359375,5.4474945068359375,-3.4160381088418346
209.03642,222.05519,13.018768310546875,13.018768310546875,6.227990385864034
295.41025,225.99011,-69.42013549804688,69.42013549804688,-23.499569163356664
86.46289,146.98378,60.52088928222656,60.52088928222656,69.99637514400597
116.1247,119.53759,3.4128875732421875,3.4128875732421875,2.9389849886637913
177.6111,183.66568,6.0545806884765625,6.0545806884765625,3.4088977064363237
126.91964,134.79088,7.871238708496094,7.871238708496094,6.201749968786839
168.46179,156.61438,-11.847412109375,11.847412109375,-7.0326998005128845
121.47966,134.04434,12.564682006835938,12.564682006835938,10.343033560762947
103.56354,130.33138,26.767837524414062,26.767837524414062,25.846777876985005
144.03242,136.82295,-7.20947265625,7.20947265625,-5.005451140544292
107.44856,179.10304,71.65447998046875,71.65447998046875,66.68723920719128
208.33878,178.11624,-30.2225341796875,30.2225341796875,-14.506437453904402
26.576824,161.50986,134.93303298950195,134.93303298950195,507.70939384566145
112.94886,223.69923,110.75037384033203,110.75037384033203,98.05355598556189
189.02373,209.49168,20.46795654296875,20.46795654296875,10.828247237880252
134.00826,219.58267,85.57441711425781,85.57441711425781,63.8575713944934
233.91534,202.93631,-30.979034423828125,30.979034423828125,-13.243694860936905
244.0943,210.7732,-33.32110595703125,33.32110595703125,-13.650915261170807
119.4184,191.67484,72.25643157958984,72.25643157958984,60.50694816369799
43.600956,85.0877,41.48674392700195,41.48674392700195,95.15099614347811
75.490654,168.44368,92.9530258178711,92.9530258178711,123.13183275388235
130.53154,135.20221,4.6706695556640625,4.6706695556640625,3.5781923346910958
160.74977,121.09647,-39.653297424316406,39.653297424316406,-24.667716257690987
177.57402,133.58714,-43.98687744140625,43.98687744140625,-24.77100948993215
99.36862,115.19238,15.823760986328125,15.823760986328125,15.924303563361322
184.92937,114.46509,-70.46427917480469,70.46427917480469,-38.10334739850907
220.59329,182.66779,-37.925506591796875,37.925506591796875,-17.19250218685986
94.42417,222.35449,127.9303207397461,127.9303207397461,135.48471623130055
54.838207,156.57655,101.73834609985352,101.73834609985352,185.52456619443058
34.599716,126.65544,92.05572509765625,92.05572509765625,266.0591913569276
106.0103,163.49529,57.4849853515625,57.4849853515625,54.22584930300738
145.66364,173.63763,27.9739990234375,27.9739990234375,19.20451798053511
159.93121,171.8823,11.951080322265625,11.951080322265625,7.472637810826417
272.90424,213.16692,-59.73731994628906,59.73731994628906,-21.88948066799023
99.0319,188.90356,89.87166595458984,89.87166595458984,90.75022019891821
200.62157,197.60995,-3.0116119384765625,3.0116119384765625,-1.5011406734213395
273.40408,224.04225,-49.36183166503906,49.36183166503906,-18.0545334502375
52.88441,70.807884,17.923473358154297,17.923473358154297,33.89178978702882
157.55803,126.13478,-31.423248291015625,31.423248291015625,-19.94392063393527
201.7884,172.75075,-29.03765869140625,29.03765869140625,-14.390152146731744
76.6344,178.37085,101.7364501953125,101.7364501953125,132.75559144871926
78.65496,152.16347,73.50850677490234,73.50850677490234,93.45692399303435
105.78422,151.43407,45.64984893798828,45.64984893798828,43.15374246980729
178.48686,232.2937,53.80683898925781,53.80683898925781,30.146106179067587
218.46204,205.91203,-12.550003051757812,12.550003051757812,-5.744706619931036
150.43884,202.66505,52.22621154785156,52.22621154785156,34.715908860389725
298.39716,188.35393,-110.04322814941406,110.04322814941406,-36.87810893120164
50.653965,69.892265,19.238300323486328,19.238300323486328,37.979850787351374
64.79695,68.39558,3.5986251831054688,3.5986251831054688,5.553695214425509
21.199251,45.40235,24.203100204467773,24.203100204467773,114.16959969366178
76.173874,89.98856,13.814689636230469,13.814689636230469,18.135732015045278
235.67725,158.64526,-77.031982421875,77.031982421875,-32.68537107363876
144.7054,172.6035,27.898101806640625,27.898101806640625,19.279240501283663
88.873245,129.58995,40.716705322265625,40.716705322265625,45.814356404620085
101.03202,132.39467,31.362648010253906,31.362648010253906,31.04228524152105
79.33125,106.844284,27.513031005859375,27.513031005859375,34.68120059557
209.13179,153.00066,-56.131134033203125,56.131134033203125,-26.84007724983129
179.45651,158.29071,-21.165802001953125,21.165802001953125,-11.794390581234607
99.446266,220.59322,121.1469497680664,121.1469497680664,121.82151671306744
136.19653,166.69904,30.50250244140625,30.50250244140625,22.395946302035814
138.70946,223.64279,84.93333435058594,84.93333435058594,61.2311056103523
141.40253,224.72928,83.32675170898438,83.32675170898438,58.92875718844463
233.88977,198.23546,-35.65431213378906,35.65431213378906,-15.244066491825524
180.50043,196.3281,15.827667236328125,15.827667236328125,8.768769956842668
187.53542,189.2975,1.7620849609375,1.7620849609375,0.9396011707098618
184.97293,225.34352,40.37059020996094,40.37059020996094,21.82513409488858
219.26323,228.16026,8.89703369140625,8.89703369140625,4.057695272009345
147.98444,194.19998,46.215545654296875,46.215545654296875,31.23000424403927
284.48947,217.37595,-67.113525390625,67.113525390625,-23.590864383123595
44.508553,46.303802,1.7952499389648438,1.7952499389648438,4.033494319764476
69.020096,70.13511,1.1150131225585938,1.1150131225585938,1.6154905455108999
17.315958,44.317097,27.00113868713379,27.00113868713379,155.93210985588115
67.769775,94.22801,26.458236694335938,26.458236694335938,39.041352198425706
126.03484,162.46484,36.43000030517578,36.43000030517578,28.904705484181587
221.37683,168.30737,-53.0694580078125,53.0694580078125,-23.97245355576644
147.2552,164.96239,17.707183837890625,17.707183837890625,12.024827270912015
171.95992,169.76903,-2.190887451171875,2.190887451171875,-1.2740686974164486
214.16862,160.96407,-53.204559326171875,53.204559326171875,-24.842368650635464
171.32416,163.9431,-7.3810577392578125,7.3810577392578125,-4.308241078028839
233.7181,197.66972,-36.048370361328125,36.048370361328125,-15.423868030114873
158.06976,202.66772,44.59796142578125,44.59796142578125,28.214100234958867
122.81171,202.5443,79.73258972167969,79.73258972167969,64.92262990725827
133.84142,155.96947,22.1280517578125,22.1280517578125,16.533037767725702
65.22495,144.30785,79.08289337158203,79.08289337158203,121.24637903233824
180.85805,229.45491,48.59686279296875,48.59686279296875,26.870168880323007
206.2108,220.30057,14.089767456054688,14.089767456054688,6.832701024571801
66.698654,183.8723,117.17364501953125,117.17364501953125,175.6761758827113
264.84915,216.19638,-48.65277099609375,48.65277099609375,-18.369993145189586
247.07143,211.02701,-36.04441833496094,36.04441833496094,-14.58866323045851
223.20935,213.07634,-10.133010864257812,10.133010864257812,-4.539689236879221
35.375397,65.089874,29.7144775390625,29.7144775390625,83.99758105075912
69.107735,55.343517,-13.764217376708984,13.764217376708984,-19.91704320856198
92.71845,77.87676,-14.841690063476562,14.841690063476562,-16.007266806897803
78.28939,129.93265,51.64325714111328,51.64325714111328,65.96456655122273
207.20428,151.7815,-55.42279052734375,55.42279052734375,-26.747897909618583
171.36823,176.34067,4.972442626953125,4.972442626953125,2.9016129589482054
225.71124,168.83426,-56.876983642578125,56.876983642578125,-25.19900336744768
206.73186,181.98108,-24.750778198242188,24.750778198242188,-11.97240644065242
281.8714,178.59386,-103.27754211425781,103.27754211425781,-36.63995088109366
96.36663,183.7793,87.41266632080078,87.41266632080078,90.70843902925247
188.6928,171.81274,-16.880050659179688,16.880050659179688,-8.945784430766807
162.63411,162.70746,0.0733489990234375,0.0733489990234375,0.04510062449400186
194.49046,183.46335,-11.027114868164062,11.027114868164062,-5.669745798076545
149.18275,190.67624,41.49348449707031,41.49348449707031,27.81386134846624
119.8197,177.6942,57.87449645996094,57.87449645996094,48.301318916870336
78.43867,171.9658,93.52713775634766,93.52713775634766,119.23601073152295
196.58849,211.7103,15.121810913085938,15.121810913085938,7.692114244572354
310.3938,230.75957,-79.63423156738281,79.63423156738281,-25.655870661088446
93.78325,144.64252,50.85926818847656,50.85926818847656,54.23065289832919
56.299595,67.85023,11.55063247680664,11.55063247680664,20.51636872627697
171.45482,152.17316,-19.281661987304688,19.281661987304688,-11.24591430595197
307.00195,159.79358,-147.2083740234375,147.2083740234375,-47.95030537265006
181.9191,174.1011,-7.8179931640625,7.8179931640625,-4.29751095640504
106.940605,185.17744,78.2368392944336,78.2368392944336,73.15915145118554
174.96117,190.61491,15.65374755859375,15.65374755859375,8.946983997826665
155.20781,154.25848,-0.9493255615234375,0.9493255615234375,-0.6116480639075144
172.76495,204.98158,32.21662902832031,32.21662902832031,18.64766456073859
141.09625,205.29701,64.20075988769531,64.20075988769531,45.50139268536299
145.21815,176.48865,31.270492553710938,31.270492553710938,21.533459486307528
48.85372,140.11075,91.25702667236328,91.25702667236328,186.7964684138237
102.842896,172.78189,69.93899536132812,69.93899536132812,68.00566535586815
128.78233,147.96461,19.182281494140625,19.182281494140625,14.895118757034313
75.10383,207.95033,132.84650421142578,132.84650421142578,176.88379805422773
169.12799,170.41536,1.2873687744140625,1.2873687744140625,0.7611801978568694
164.99268,141.541,-23.451675415039062,23.451675415039062,-14.213767553010461
127.14477,149.41852,22.27375030517578,22.27375030517578,17.51841676018035
164.07384,180.18729,16.113449096679688,16.113449096679688,9.820852223474512
274.8346,161.39607,-113.43852233886719,113.43852233886719,-41.275197706361915
251.50981,187.10464,-64.40516662597656,64.40516662597656,-25.60741716878663
90.16276,217.81113,127.64836883544922,127.64836883544922,141.5754928598041
241.26178,225.25131,-16.010467529296875,16.010467529296875,-6.636139194344917
75.9483,222.39134,146.4430389404297,146.4430389404297,192.81936886872288
76.63844,107.73313,31.094688415527344,31.094688415527344,40.57322565686897
139.49677,119.17098,-20.325782775878906,20.325782775878906,-14.570791484632567
134.84732,137.67383,2.826507568359375,2.826507568359375,2.0960798899761173
92.38806,123.73922,31.351158142089844,31.351158142089844,33.93420927457874
67.77775,127.088905,59.3111572265625,59.3111572265625,87.50830306744945
71.45046,133.74274,62.292274475097656,62.292274475097656,87.18246521280214
124.1492,149.2891,25.139892578125,25.139892578125,20.24974183412932
188.46144,174.24284,-14.218597412109375,14.218597412109375,-7.544565792155118
161.04459,144.07838,-16.966201782226562,16.966201782226562,-10.53509601564038
177.9663,179.41772,1.4514312744140625,1.4514312744140625,0.8155652664419085
49.710526,111.29167,61.581146240234375,61.581146240234375,123.87949152641222
17.632399,38.37561,20.74321174621582,20.74321174621582,117.64259764366855
291.55978,220.89346,-70.66632080078125,70.66632080078125,-24.237334740377968
198.19707,236.6158,38.418731689453125,38.418731689453125,19.384107050842776
89.689445,209.80466,120.1152114868164,120.1152114868164,133.92346314896295
142.72055,140.41096,-2.3095855712890625,2.3095855712890625,-1.6182571904307064
61.849174,124.043144,62.1939697265625,62.1939697265625,100.55747749236896
143.2337,176.4173,33.18359375,33.18359375,23.167447962940948
161.68098,164.70396,3.022979736328125,3.022979736328125,1.8697187834002222
125.22862,150.06143,24.832809448242188,24.832809448242188,19.82997893379333
164.32664,201.9157,37.58905029296875,37.58905029296875,22.87459244142917
36.425304,70.87381,34.44850540161133,34.44850540161133,94.57300620243123
148.54968,121.3757,-27.173980712890625,27.173980712890625,-18.292856796549316
95.38632,207.36354,111.97721862792969,111.97721862792969,117.39337072112757
140.64252,231.82092,91.17840576171875,91.17840576171875,64.82990183080493
107.282295,179.54951,72.26721954345703,72.26721954345703,67.361738850303
145.2354,145.1343,-0.101104736328125,0.101104736328125,-0.0696143902799568
126.99813,124.5543,-2.4438323974609375,2.4438323974609375,-1.9243058004857532
67.51161,131.4765,63.96488952636719,63.96488952636719,94.7465001793447
80.12414,152.47319,72.34905242919922,72.34905242919922,90.2962008015402
178.2259,182.67972,4.4538116455078125,4.4538116455078125,2.498969838991806
161.77896,160.29842,-1.4805450439453125,1.4805450439453125,-0.9151653794358342
78.87515,157.04494,78.16978454589844,78.16978454589844,99.10571578139745
77.90553,94.60085,16.69532012939453,16.69532012939453,21.430211079287773
52.06755,225.93579,173.8682403564453,173.8682403564453,333.928210863116
195.98834,226.48701,30.498672485351562,30.498672485351562,15.561472753811575
81.816055,227.1601,145.3440399169922,145.3440399169922,177.6473326511121
136.53355,124.492065,-12.041488647460938,12.041488647460938,-8.819435433913103
111.948524,127.5603,15.611778259277344,15.611778259277344,13.945497122429781
227.69627,180.13054,-47.56573486328125,47.56573486328125,-20.889992650598234
59.079037,227.97127,168.89223098754883,168.89223098754883,285.87505887921105
127.679825,168.0355,40.355682373046875,40.355682373046875,31.606937452383445
67.22106,118.13389,50.91282653808594,50.91282653808594,75.73939661998872
67.604164,133.78917,66.18500518798828,66.18500518798828,97.90078177291919
69.1617,130.44669,61.28498840332031,61.28498840332031,88.61116877999532
94.09426,146.0439,51.94963836669922,51.94963836669922,55.210209125458334
76.47079,118.68116,42.21037292480469,42.21037292480469,55.19803647126326
111.959236,216.09155,104.13231658935547,104.13231658935547,93.00913455185962
80.8107,104.20457,23.39386749267578,23.39386749267578,28.94897290601793
183.43759,228.34187,44.90428161621094,44.90428161621094,24.479323586900627
91.91266,106.02971,14.117050170898438,14.117050170898438,15.35920119370714
99.3657,117.4761,18.110397338867188,18.110397338867188,18.226004930413026
113.69015,177.31781,63.627662658691406,63.627662658691406,55.96585466186673
104.279915,210.70688,106.42696380615234,106.42696380615234,102.05892856084611
284.71973,228.2563,-56.46342468261719,56.46342468261719,-19.83123029946528
214.30823,227.68481,13.3765869140625,13.3765869140625,6.24175145661373
178.34177,215.73302,37.39125061035156,37.39125061035156,20.966064974042176
48.290825,204.86577,156.57494354248047,156.57494354248047,324.2333174028272
176.24956,238.46838,62.21882629394531,62.21882629394531,35.30155035746346
131.52606,144.07451,12.548446655273438,12.548446655273438,9.540654120820093
90.1789,146.43333,56.254432678222656,56.254432678222656,62.38092462315129
201.50526,217.22961,15.724349975585938,15.724349975585938,7.8034437619270065
162.10707,217.10149,54.994415283203125,54.994415283203125,33.9247479891704
143.25085,237.51135,94.260498046875,94.260498046875,65.8010022914144
117.52993,194.35123,76.82129669189453,76.82129669189453,65.3631773769395
79.960045,130.46248,50.50243377685547,50.50243377685547,63.15958659696659
261.96973,233.54068,-28.429046630859375,28.429046630859375,-10.852035082029547
39.521324,156.89835,117.37702178955078,117.37702178955078,296.99668290754363
212.01823,205.44037,-6.5778656005859375,6.5778656005859375,-3.1024999447636157
36.82288,136.92825,100.10537338256836,100.10537338256836,271.8564488981909
61.690926,154.51578,92.8248519897461,92.8248519897461,150.46759485245587
66.52588,139.79482,73.26893615722656,73.26893615722656,110.13599122903592
126.424324,132.41223,5.987907409667969,5.987907409667969,4.736357070004753
94.27637,158.47748,64.20111083984375,64.20111083984375,68.09883829333224
106.431366,142.55855,36.12718200683594,36.12718200683594,33.944111943566
161.12018,137.31946,-23.80072021484375,23.80072021484375,-14.772029473523112
107.2748,139.62378,32.348976135253906,32.348976135253906,30.15524166147075
116.62746,139.31386,22.6864013671875,22.6864013671875,19.45202443395828
352.64944,234.69522,-117.9542236328125,117.9542236328125,-33.448010608174364
65.61288,146.8532,81.24031829833984,81.24031829833984,123.81764395417633
120.61008,132.83464,12.224563598632812,12.224563598632812,10.13560716683143
103.51099,151.69165,48.1806640625,48.1806640625,46.54642542944141
93.39265,140.02092,46.628273010253906,46.628273010253906,49.927135179416396
51.96366,118.714005,66.7503433227539,66.7503433227539,128.45581275296468
216.82771,225.00565,8.177932739257812,8.177932739257812,3.7716270792281024
284.27786,223.07243,-61.20542907714844,61.20542907714844,-21.530142561359547
105.79484,207.22737,101.43253326416016,101.43253326416016,95.87663748821731
51.990555,153.95506,101.96450805664062,101.96450805664062,196.12121553638664
134.89708,128.85042,-6.046661376953125,6.046661376953125,-4.482425713595717
67.23062,141.07736,73.84674072265625,73.84674072265625,109.84093148792131
67.23062,115.68726,48.456642150878906,48.456642150878906,72.07525557043921
77.31718,116.44901,39.1318359375,39.1318359375,50.61208588769993
64.36126,97.66132,33.30006408691406,33.30006408691406,51.73929840104723
271.6079,235.31635,-36.29156494140625,36.29156494140625,-13.36174816135823
50.36094,180.20547,129.84453582763672,129.84453582763672,257.8278688586678
56.69756,103.081345,46.383785247802734,46.383785247802734,81.80913918357254
28.336882,208.45831,180.121431350708,180.121431350708,635.6430945876425
45.426247,176.3586,130.9323501586914,130.9323501586914,288.2306151936419
66.348595,108.59157,42.24297332763672,42.24297332763672,63.66822619316886
52.376892,129.74771,77.37081909179688,77.37081909179688,147.71937777270222
136.93633,192.09677,55.16044616699219,55.16044616699219,40.28182159663544
118.57083,187.93254,69.36170959472656,69.36170959472656,58.4981220380565
68.335106,202.70447,134.3693618774414,134.3693618774414,196.63298990411664
59.75655,188.39545,128.63889694213867,128.63889694213867,215.2716267871813
78.22946,201.19168,122.96221923828125,122.96221923828125,157.1814718054726
45.325485,175.7321,130.4066162109375,130.4066162109375,287.7114619968483
77.717804,131.00378,53.285980224609375,53.285980224609375,68.56341470406106
124.488434,217.75203,93.26359558105469,93.26359558105469,74.91747844020831
117.04427,174.05879,57.01451873779297,57.01451873779297,48.711925063099585
65.52734,177.20702,111.67967224121094,111.67967224121094,170.43216747391952
76.69506,178.24403,101.5489730834961,101.5489730834961,132.40614469426987
112.89026,111.72932,-1.1609420776367188,1.1609420776367188,-1.0283810933642734
167.55038,193.08138,25.530990600585938,25.530990600585938,15.23779887077024
149.55876,189.91307,40.35430908203125,40.35430908203125,26.982243401330187
83.22481,128.10112,44.876312255859375,44.876312255859375,53.92179744825155
42.1383,134.07486,91.93655776977539,91.93655776977539,218.1781271073227
68.216934,116.80859,48.59165954589844,48.59165954589844,71.2310808347304
81.46293,202.83313,121.37020111083984,121.37020111083984,148.98826121335978
321.5793,228.63232,-92.94699096679688,92.94699096679688,-28.903286554101822
111.75608,202.229,90.4729232788086,90.4729232788086,80.95570529214964
150.35976,203.56647,53.20671081542969,53.20671081542969,35.38627094420862
210.45953,217.6273,7.1677703857421875,7.1677703857421875,3.4057712948524275
82.3113,153.32735,71.01604461669922,71.01604461669922,86.27739172080584
81.18936,100.4496,19.260238647460938,19.260238647460938,23.722613744557705
59.504086,162.119,102.61491775512695,102.61491775512695,172.45020543138412
104.951416,130.1809,25.229476928710938,25.229476928710938,24.03919631246787
260.51157,173.56934,-86.94223022460938,86.94223022460938,-33.373654577205045
181.50934,211.1085,29.599166870117188,29.599166870117188,16.307241894258922
183.24356,214.11464,30.871078491210938,30.871078491210938,16.84701953943068
102.24573,177.14847,74.90274047851562,74.90274047851562,73.25757494355878
156.95477,147.23203,-9.722747802734375,9.722747802734375,-6.194617481228225
89.946304,151.44467,61.49836730957031,61.49836730957031,68.3723114291584
130.4531,131.64429,1.191192626953125,1.191192626953125,0.9131194868770509
72.11051,126.50085,54.39033508300781,54.39033508300781,75.42636120668213
35.448673,132.13712,96.68844223022461,96.68844223022461,272.75616650867454
105.40527,127.398705,21.993431091308594,21.993431091308594,20.865588954000092
206.70657,198.26021,-8.446365356445312,8.446365356445312,-4.086161951208565
250.4574,233.89832,-16.55908203125,16.55908203125,-6.611536412627873
333.61407,236.97896,-96.63511657714844,96.63511657714844,-28.966138992190356
102.480064,235.66699,133.18692779541016,133.18692779541016,129.96374327579997
194.54323,157.92624,-36.61698913574219,36.61698913574219,-18.822032246539788
68.598724,145.20398,76.60525512695312,76.60525512695312,111.67154467638531
182.93477,213.22241,30.287643432617188,30.287643432617188,16.556526488485556
323.10318,222.05186,-101.05131530761719,101.05131530761719,-31.27524629407756
114.30198,230.41812,116.11614227294922,116.11614227294922,101.58716692645986
185.96002,158.24454,-27.715484619140625,27.715484619140625,-14.904001583316623
189.22958,203.55394,14.324356079101562,14.324356079101562,7.569829091187653
238.7517,196.14832,-42.60337829589844,42.60337829589844,-17.844220340847293
250.67566,230.87157,-19.804092407226562,19.804092407226562,-7.900285361583806
169.30818,202.7521,33.44392395019531,33.44392395019531,19.753282801814493
216.39163,207.12997,-9.26165771484375,9.26165771484375,-4.280044300149449
124.06075,228.69315,104.63239288330078,104.63239288330078,84.33964042929752
233.60619,235.53188,1.925689697265625,1.925689697265625,0.824331637340325
128.26866,154.14133,25.872665405273438,25.872665405273438,20.170683238532444
111.941864,222.77737,110.83551025390625,110.83551025390625,99.01167112990855
149.6307,148.4173,-1.213409423828125,1.213409423828125,-0.8109361038804233
77.535645,135.67105,58.135406494140625,58.135406494140625,74.97894271158049
131.23126,170.88492,39.653656005859375,39.653656005859375,30.216623187927222
280.5373,185.19354,-95.34375,95.34375,-33.98612325548052
194.35509,198.99158,4.6364898681640625,4.6364898681640625,2.3855767981405727
83.33702,142.35777,59.020751953125,59.020751953125,70.82176844591532
90.138725,159.81477,69.6760482788086,69.6760482788086,77.29868384735138
363.9253,240.63033,-123.29496765136719,123.29496765136719,-33.87919719609992
121.37111,220.41075,99.03964233398438,99.03964233398438,81.60067345748027
141.15826,173.74306,32.58479309082031,32.58479309082031,23.083872052896634
166.46004,197.62462,31.164581298828125,31.164581298828125,18.721959827208874
242.17123,232.88557,-9.285659790039062,9.285659790039062,-3.8343364038940617
243.63847,235.02052,-8.617950439453125,8.617950439453125,-3.5371878321480104
172.26057,214.93304,42.67247009277344,42.67247009277344,24.772046799487192
98.02286,209.47002,111.44715881347656,111.44715881347656,113.69507221795179
195.45876,184.25194,-11.206817626953125,11.206817626953125,-5.733597146199506
182.89496,167.12602,-15.768936157226562,15.768936157226562,-8.621853924728796
90.3573,180.80515,90.44784545898438,90.44784545898438,100.1002084552024
71.72265,194.88144,123.1587905883789,123.1587905883789,171.71534090975575
98.88735,218.36046,119.47310638427734,119.47310638427734,120.81737854267334
94.280174,156.17908,61.898902893066406,61.898902893066406,65.65420925655539
92.96791,161.3431,68.37518310546875,68.37518310546875,73.54707935421555
270.31418,226.69936,-43.61482238769531,43.61482238769531,-16.134863008324437
219.0193,207.71416,-11.305145263671875,11.305145263671875,-5.161711840661563
71.12709,197.43062,126.30352783203125,126.30352783203125,177.57443334974477
219.72807,184.17291,-35.55516052246094,35.55516052246094,-16.181437363729234
165.35727,227.46814,62.110870361328125,62.110870361328125,37.56162074343716
178.29259,225.4599,47.16731262207031,47.16731262207031,26.45500485554341
83.62586,194.21533,110.58946990966797,110.58946990966797,132.2431447688803
102.17792,191.93645,89.75852966308594,89.75852966308594,87.84533084679792
195.9819,190.17929,-5.8026123046875,5.8026123046875,-2.9607898553940517
165.72412,232.72153,66.99740600585938,66.99740600585938,40.427069737156124
106.72656,231.21486,124.48829650878906,124.48829650878906,116.6422806026279
123.38567,219.59972,96.21404266357422,96.21404266357422,77.9782935217992
131.1568,197.30823,66.15142822265625,66.15142822265625,50.43690343729015
132.7629,181.05444,48.29154968261719,48.29154968261719,36.374282260067496
151.29964,180.29123,28.991592407226562,28.991592407226562,19.1617065398036
150.50009,195.72601,45.225921630859375,45.225921630859375,30.050427985960702
183.85266,236.80339,52.95072937011719,52.95072937011719,28.80063255209907
202.23209,227.4724,25.240310668945312,25.240310668945312,12.48086351948869
45.23428,201.65715,156.42287063598633,156.42287063598633,345.80603893018116
86.84608,176.47267,89.62659454345703,89.62659454345703,103.20166169306064
62.663807,166.96954,104.30573654174805,104.30573654174805,166.45292023633615
190.66295,225.12114,34.45819091796875,34.45819091796875,18.072830179891024
176.69756,225.18279,48.4852294921875,48.4852294921875,27.43967189781807
172.49518,200.11618,27.621002197265625,27.621002197265625,16.01262277697555
65.995026,140.3646,74.36956787109375,74.36956787109375,112.6896567669738
65.995026,135.47404,69.47901916503906,69.47901916503906,105.27917596328366
104.40146,218.86942,114.46795654296875,114.46795654296875,109.64210454930638
135.35684,179.78198,44.425140380859375,44.425140380859375,32.82075712685269
128.73393,150.82799,22.09405517578125,22.09405517578125,17.162573027604253
120.63339,188.41162,67.77822875976562,67.77822875976562,56.18529616751182
122.28132,178.8744,56.59308624267578,56.59308624267578,46.28105655118524
267.9122,220.8415,-47.07069396972656,47.07069396972656,-17.569447679772985
199.16776,229.07002,29.902267456054688,29.902267456054688,15.013608722453311
203.67267,222.73575,19.063079833984375,19.063079833984375,9.359665181588223
179.1784,134.0754,-45.10301208496094,45.10301208496094,-25.172124895977362
213.18895,230.49898,17.310028076171875,17.310028076171875,8.119570976765573
189.32492,115.45061,-73.87431335449219,73.87431335449219,-39.01985702631565
245.49236,225.6377,-19.854660034179688,19.854660034179688,-8.087689739316449
236.33241,223.74326,-12.589157104492188,12.589157104492188,-5.326885533649603
130.75732,223.35878,92.60145568847656,92.60145568847656,70.81932598556337
173.09175,220.77655,47.68479919433594,47.68479919433594,27.54885711865248
81.28959,124.995346,43.70575714111328,43.70575714111328,53.76550394381343
206.71373,137.40901,-69.30471801757812,69.30471801757812,-33.5269060574993
166.43433,143.7031,-22.731231689453125,22.731231689453125,-13.657778543819632
207.33342,232.56396,25.230545043945312,25.230545043945312,12.169068097322281
177.79918,222.70049,44.90130615234375,44.90130615234375,25.253944582534167
84.439606,194.96928,110.52967834472656,110.52967834472656,130.89790911689798
236.4544,227.15622,-9.298187255859375,9.298187255859375,-3.9323383243819356
233.58118,226.84123,-6.7399444580078125,6.7399444580078125,-2.8854827052250407
115.54061,175.12332,59.58271026611328,59.58271026611328,51.56862994984396
152.04095,149.91418,-2.12677001953125,2.12677001953125,-1.3988139085738922
56.441593,92.241646,35.800052642822266,35.800052642822266,63.4284941867047
164.44946,187.85262,23.403152465820312,23.403152465820312,14.231212467617302
166.14708,218.93112,52.78404235839844,52.78404235839844,31.769467466707198
228.01791,227.98917,-0.02874755859375,0.02874755859375,-0.012607587760254006
216.1759,168.46898,-47.70692443847656,47.70692443847656,-22.06856717410737
22.125452,90.6,68.47454643249512,68.47454643249512,309.48315227037955
154.47847,192.1975,37.719024658203125,37.719024658203125,24.417010794554393
178.54407,228.46387,49.9197998046875,49.9197998046875,27.95937189985458
183.95563,203.081,19.1253662109375,19.1253662109375,10.396727991933453
218.00438,229.61368,11.609298706054688,11.609298706054688,5.325259402952376
247.63924,212.00023,-35.639007568359375,35.639007568359375,-14.391502767990087
99.46181,207.3099,107.84809875488281,107.84809875488281,108.43167014122793
146.76886,189.61119,42.84233093261719,42.84233093261719,29.190341174909896
118.17781,148.63191,30.4541015625,30.4541015625,25.769729012675562
237.7079,206.53058,-31.177322387695312,31.177322387695312,-13.115812413642585
183.03107,235.49792,52.46685791015625,52.46685791015625,28.66554776757623
71.14845,146.38245,75.23399353027344,75.23399353027344,105.74227634342994
324.5404,211.08142,-113.458984375,113.458984375,-34.9598948332509
267.3334,226.30542,-41.027984619140625,41.027984619140625,-15.34712232823336
197.94025,188.07239,-9.86785888671875,9.86785888671875,-4.985271594389608
204.99345,168.4645,-36.528961181640625,36.528961181640625,-17.81957446567783
155.88303,154.2269,-1.6561279296875,1.6561279296875,-1.062417102667887
296.0559,234.59045,-61.4654541015625,61.4654541015625,-20.76143471502377
220.5829,191.54745,-29.035446166992188,29.035446166992188,-13.16305390636949
135.53075,178.29808,42.767333984375,42.767333984375,31.555447823796577
174.64111,160.10088,-14.540237426757812,14.540237426757812,-8.325781457509121
129.97,137.78494,7.81494140625,7.81494140625,6.012880920866795
145.43263,174.22719,28.7945556640625,28.7945556640625,19.799239812768196
175.8522,172.61049,-3.2417144775390625,3.2417144775390625,-1.8434312538775581
145.97571,153.3969,7.4211883544921875,7.4211883544921875,5.083851591317517
136.71031,157.37418,20.663864135742188,20.663864135742188,15.1150735084431
153.12192,204.12926,51.00733947753906,51.00733947753906,33.31158611092897
179.02452,164.66418,-14.360336303710938,14.360336303710938,-8.021435406502814
105.10749,171.73349,66.6259994506836,66.6259994506836,63.388440832019455
124.80168,148.54073,23.739044189453125,23.739044189453125,19.0214137346569
178.93724,108.641365,-70.2958755493164,70.2958755493164,-39.28521268874771
35.289635,74.36377,39.074134826660156,39.074134826660156,110.72411248727971
174.23975,128.3042,-45.935546875,45.935546875,-26.363414723001434
195.35258,157.39658,-37.95600891113281,37.95600891113281,-19.42948896347601
169.0369,194.24255,25.205657958984375,25.205657958984375,14.911335094541418
159.78337,193.05598,33.272613525390625,33.272613525390625,20.823577148893627
167.68051,174.67632,6.9958038330078125,6.9958038330078125,4.172103109350984
96.49636,181.98907,85.49271392822266,85.49271392822266,88.59682711163711
189.31462,148.94028,-40.37434387207031,40.37434387207031,-21.32658516539516
133.33041,92.12343,-41.20698547363281,41.20698547363281,-30.905915832355035
153.82784,163.2966,9.468765258789062,9.468765258789062,6.155430357372952
146.24054,172.69162,26.451080322265625,26.451080322265625,18.087378782598535
103.152855,78.633675,-24.519180297851562,24.519180297851562,-23.76975442609126
180.41797,229.74445,49.32647705078125,49.32647705078125,27.340113289453743
65.14366,173.6774,108.53373718261719,108.53373718261719,166.60674988961773
113.53304,168.77596,55.24291229248047,55.24291229248047,48.65800376493439
65.019775,177.5377,112.51792907714844,112.51792907714844,173.05185753282692
161.22122,172.84001,11.618789672851562,11.618789672851562,7.206737136839882
90.38201,80.51632,-9.865692138671875,9.865692138671875,-10.915548331324452
207.55563,211.70355,4.147918701171875,4.147918701171875,1.998461150067569
162.71367,103.09328,-59.620391845703125,59.620391845703125,-36.641292816321084
87.70799,75.980606,-11.727386474609375,11.727386474609375,-13.370943893656802
