{"type":"FeatureCollection","name":"amphoe","crs":{"type":"name","properties":{"name":"urn:ogc:def:crs:OGC:1.3:CRS84"}},"features":[{"type":"Feature","properties":{"AP_EN":"Mueang Chiang Mai","AP_TN":"\u0e40\u0e21\u0e37\u0e2d\u0e07\u0e40\u0e0a\u0e35\u0e22\u0e07\u0e43\u0e2b\u0e21\u0e48","PV_EN":"Chiang Mai","total_area_ha":17568.871104056416,"forest_2019_ha":8526.101865412318,"forest_2023_ha":8661.01336710274,"mean_agb_2019_Mg_ha":162.25731922812523,"mean_agb_2023_Mg_ha":168.89149456619506,"total_agb_2019_Mg":1074705.4389196602,"total_agb_2023_Mg":1129042.1268217552,"mean_co2_2019_Mg_ha":278.2538097036396,"mean_co2_2023_Mg_ha":289.0903227308996,"total_co2_2019_Mg":1843003.9601603209,"total_co2_2023_Mg":1932573.049607135,"delta_forest_ha":134.91150169042157,"delta_forest_pct":1.582335090760698,"delta_agb_Mg_ha":6.634175338069838,"delta_co2_Mg_ha":10.836513027259969},"geometry":{"type":"Polygon","coordinates":[[[98.99408834400003,18.849648190000043],[99.01006115400008,18.846574012000076],[99.00778412900007,18.840168539000047],[99.01080019000005,18.838860158000045],[99.01129500400003,18.834979495000024],[99.00872494800007,18.832576690000053],[99.00880201200005,18.825808450000064],[99.01469384600006,18.826452028000066],[99.01607915200003,18.828042579000055],[99.01560928600009,18.824431988000068],[99.01738254300007,18.823130377000044],[99.01487094900006,18.82002834200006],[99.01671862800004,18.81590126200007],[99.01909161300006,18.815725925000034],[99.01900489400003,18.80941522900002],[99.02145075000004,18.809307639000046],[99.02631988900004,18.803195140000067],[99.02749821700007,18.796328426000063],[99.03042378800008,18.79338613400006],[99.03377957500004,18.79357874300007],[99.04500605700008,18.800336725000026],[99.04944325700006,18.798489611000036],[99.04306382400006,18.795457846000033],[99.04198389800007,18.792345664000038],[99.04879212500003,18.770026005000034],[99.04579081500003,18.765426458000036],[99.03211526500007,18.75717541100005],[99.02751045300005,18.74927472100007],[99.02136858900008,18.74805653000004],[99.01037168900007,18.748916068000028],[99.00533558500007,18.75062106200005],[98.99948465100005,18.755472255000022],[98.98874829800008,18.752852043000075],[98.99000919800007,18.748172717000042],[98.98764738100004,18.737817338000067],[98.98844393000007,18.72936802200007],[98.98679006000003,18.726159433000078],[98.98637217900006,18.71766822500006],[98.98291724800004,18.71073806800007],[98.98413767000005,18.70303893700003],[98.98656601800008,18.69909743100004],[98.98587813900008,18.695172629000066],[98.98075286700004,18.69792763300006],[98.97612567700008,18.70475756600007],[98.98125641000007,18.727627632000065],[98.97765132000006,18.73556708900003],[98.97126499300003,18.73702133000006],[98.96862216900007,18.733638448000026],[98.96210437600007,18.731712156000068],[98.95154040700005,18.735841199000056],[98.94484576600007,18.732940421000023],[98.93719653300008,18.737243470000067],[98.93427412300008,18.741839396000042],[98.93017898500005,18.744375318000035],[98.92272592200004,18.74433171900006],[98.91784552600006,18.74866672400003],[98.91017232100006,18.751383618000034],[98.90503654200006,18.75021179800007],[98.90176924200006,18.744860780000067],[98.89770492400004,18.746003033000022],[98.89516673500003,18.75104253800004],[98.89521322100006,18.763147742000058],[98.89037815600005,18.76836436900004],[98.89058904700006,18.780195120000023],[98.88168372400008,18.78497074400008],[98.87315822500005,18.795871626000068],[98.86493555800007,18.79866195500006],[98.86281876900006,18.800810297000055],[98.86338333200008,18.823696853000055],[98.86613465600004,18.82813078600003],[98.86737292700008,18.837673381000055],[98.87250950200007,18.833870901000065],[98.88702512900005,18.831710049000037],[98.89209197100007,18.84138129300004],[98.89522293500006,18.84280767100006],[98.92364767400005,18.837660871000026],[98.94276533100003,18.840919092000032],[98.95019472000007,18.840123635000054],[98.95546496700007,18.83559474100002],[98.97550418000009,18.84201194400004],[98.98086269300006,18.84101614800005],[98.98485674200003,18.845530925000052],[98.99408834400003,18.849648190000043]]]}},{"type":"Feature","properties":{"AP_EN":"Chom Thong","AP_TN":"\u0e08\u0e2d\u0e21\u0e17\u0e2d\u0e07","PV_EN":"Chiang Mai","total_area_ha":111270.13270619552,"forest_2019_ha":70193.60380313089,"forest_2023_ha":84188.87933923991,"mean_agb_2019_Mg_ha":151.09301808062764,"mean_agb_2023_Mg_ha":154.098570756244,"total_agb_2019_Mg":8096434.62006651,"total_agb_2023_Mg":9937431.804589853,"mean_co2_2019_Mg_ha":258.6954975749344,"mean_co2_2023_Mg_ha":263.5444090043483,"total_co2_2019_Mg":13862394.305029668,"total_co2_2023_Mg":16995318.063235775,"delta_forest_ha":13995.275536109024,"delta_forest_pct":19.938106576435366,"delta_agb_Mg_ha":3.005552675616343,"delta_co2_Mg_ha":4.848911429413931},"geometry":{"type":"Polygon","coordinates":[[[98.63539444200008,18.58277472600002],[98.64474534800007,18.58050032100004],[98.65009999800009,18.57478251300006],[98.65847897600008,18.57097028100003],[98.65959957800004,18.56682047700002],[98.66678242400008,18.566822001000048],[98.66664676900007,18.564544184000052],[98.66869178800005,18.563253091000036],[98.66779520800009,18.558585643000068],[98.67169957200008,18.558382340000037],[98.67477243500008,18.54970325100004],[98.6899140450001,18.534931185000065],[98.68722489600003,18.52646487700002],[98.68365754100006,18.526228471000024],[98.68295183300006,18.524700987000077],[98.69117575900003,18.517423142000037],[98.69296258100007,18.511082455000068],[98.71009629900004,18.506467299000064],[98.72627046400004,18.49891858700005],[98.73105408000004,18.498743552000068],[98.73390402100007,18.494904122000033],[98.73987973900006,18.49151748300005],[98.74674683900008,18.474817540000064],[98.74705499000004,18.46127089500004],[98.74927008400005,18.45410544600003],[98.74774573900004,18.444886754000038],[98.74317768100009,18.43823079100003],[98.73964068300006,18.435886215000036],[98.72504031500006,18.446238050000034],[98.72242628300006,18.44417919300002],[98.72104404200007,18.435679036000064],[98.71636252000008,18.43348825300006],[98.71265829800006,18.436963504000058],[98.71096094800005,18.44186073700007],[98.70859862800006,18.442299994000052],[98.70331491600007,18.435421683000072],[98.69991006600009,18.425995184000044],[98.69284500500004,18.418111652000054],[98.69374192400005,18.413897925000075],[98.69750143300007,18.410882938000043],[98.70087708000005,18.41128031200003],[98.70677896100005,18.416427712000026],[98.70911560800005,18.41609124300004],[98.70950106000004,18.41367976900006],[98.69802895800008,18.395625068000072],[98.68974699400007,18.39166431100005],[98.68610004200008,18.37662216800004],[98.68109945100008,18.368227538000042],[98.69636384800003,18.351165730000044],[98.69825534500006,18.344879254000038],[98.70357346300005,18.337333885000078],[98.70365220600009,18.333125572000025],[98.69930160400008,18.33061403900007],[98.69216730400007,18.334451822000062],[98.68875310300007,18.33462817600002],[98.67878000100006,18.328213700000052],[98.6723071950001,18.32752369500003],[98.67068304900005,18.32530088200002],[98.67503200500005,18.318575978000066],[98.67522046200008,18.31425262700003],[98.67329303100007,18.31106448500004],[98.68090801600005,18.309415453000046],[98.69154105700005,18.298132826000028],[98.69957945500005,18.29486812700003],[98.70579293700007,18.29018353200007],[98.72076031000006,18.286241559000075],[98.72827790800005,18.273630382000025],[98.73618782700004,18.26615319700005],[98.74854164600004,18.262281083000058],[98.75099977400004,18.26294296600003],[98.76337254700007,18.256242036000053],[98.76999234100003,18.25607950500006],[98.77569090800006,18.249743591000023],[98.77740665000005,18.237657892000072],[98.77292807100008,18.229742919000046],[98.77553038500008,18.225327340000035],[98.78517830900006,18.220823712000026],[98.78359637900007,18.218253896000018],[98.78525900700004,18.21695875400007],[98.78284966700005,18.206913237000034],[98.78438885900005,18.20064795800005],[98.77997793000009,18.196299991000043],[98.78169928000005,18.193027786000073],[98.78183381600007,18.187500938000024],[98.78387227300004,18.186019809000072],[98.78346802000006,18.181470760000025],[98.78274419900004,18.179920980000077],[98.77382329200003,18.17620718500006],[98.77060089700007,18.172667076000035],[98.76222516700005,18.17071024300003],[98.75020617300004,18.160617141000046],[98.74644044100006,18.153504607000063],[98.74482719000008,18.152962426000045],[98.73850236600003,18.155459841000035],[98.72308544000003,18.149048091000054],[98.71422330500008,18.15164724000004],[98.69233817700007,18.163992717000045],[98.67235881400006,18.162725970000054],[98.66487317700006,18.168037806000033],[98.65741152900006,18.17627103600006],[98.64656247300007,18.181419068000025],[98.63462870400008,18.183106119000055],[98.63314116200007,18.188059683000063],[98.62849412300005,18.19040184600004],[98.62953974300007,18.195386245000066],[98.62814847800007,18.197324535000064],[98.62093766600003,18.197929557000062],[98.61276337200007,18.203635620000053],[98.60990650300005,18.19884405200003],[98.60728968500007,18.19830319700003],[98.60445665100008,18.205713304000025],[98.59520558700007,18.21005611500004],[98.59046486500006,18.208014700000042],[98.58955870300008,18.213459456000063],[98.58272319800005,18.215741558000044],[98.56735372900005,18.22794641900003],[98.55516434200007,18.233099683000038],[98.53207562700004,18.23595387100005],[98.52112110400009,18.231293606000065],[98.51000029100004,18.23039444300002],[98.49866917900005,18.22629005700003],[98.49281675400005,18.227190906000033],[98.47832944400005,18.22208388800004],[98.47099730700008,18.223637566000036],[98.46272023100005,18.222463318000052],[98.45370255300008,18.228981434000048],[98.44606489800003,18.226800537000035],[98.44251798500005,18.23213742100006],[98.43598360500005,18.233013073000052],[98.43033725700009,18.239823512000044],[98.42569862200008,18.240730416000076],[98.42424961800003,18.245142291000036],[98.42030448800006,18.246788875000046],[98.42603614100005,18.259019943000055],[98.42977628000006,18.261016105000067],[98.43460748400008,18.26059887100007],[98.44128927700007,18.26331522600003],[98.45577183900008,18.26591812700007],[98.45938108900003,18.268242109000024],[98.46307323000008,18.276905343000067],[98.46480061900007,18.286380961000077],[98.46179088400004,18.28882860700003],[98.46107074400005,18.29309819300005],[98.46355165300008,18.299380979000038],[98.46296842500004,18.307772305000068],[98.45536366700009,18.311338871000032],[98.45445820400005,18.321347038000056],[98.45195678300007,18.32460033900003],[98.45494911000009,18.326162320000034],[98.45544941100009,18.330156296000045],[98.46068823100006,18.33966449200005],[98.46352710600007,18.33949964800007],[98.46867462100005,18.351437472000043],[98.46863143400009,18.354436844000077],[98.46596121800007,18.35729329800006],[98.46575698500004,18.36166712100004],[98.46788659000003,18.37434435900008],[98.46997063100008,18.379081564000042],[98.47212445800007,18.380365296000033],[98.47094421300005,18.38954687500006],[98.47638378500005,18.39260207800004],[98.47796083600008,18.39725419800004],[98.48113189700007,18.398408441000072],[98.48088939300004,18.402029752000033],[98.48720383100004,18.410978678000046],[98.48463449200005,18.41711981200007],[98.48942080900008,18.421625739000035],[98.48676294900008,18.42356174000002],[98.48332102600007,18.430108322000024],[98.48176959900007,18.441157511000032],[98.48332240600007,18.444600684000022],[98.47455767700006,18.44927747200006],[98.47545198600005,18.464392489000033],[98.49003256900005,18.477129432000027],[98.49572090600009,18.478759058000037],[98.49886180400006,18.486771607000037],[98.50619097600008,18.486460974000067],[98.51008354400005,18.491334622000064],[98.50859206500007,18.496785147000022],[98.50342224400003,18.501005920000065],[98.50753356600006,18.50586663500007],[98.50255271100008,18.506672667000032],[98.50604074900008,18.510882174000077],[98.50745227900006,18.516689322000047],[98.50535604500004,18.524973864000057],[98.49755214600003,18.525270740000053],[98.49308536900008,18.53709052400006],[98.48452961600003,18.546010335000062],[98.48260427000008,18.550055156000038],[98.48162873300004,18.56010481800007],[98.48304977400005,18.571250102000015],[98.47909445600004,18.581358188000024],[98.47930821200003,18.58450506600008],[98.48708000400006,18.587628601000063],[98.48755786000004,18.59224596300004],[98.49830671900008,18.590784772000067],[98.50802599900004,18.59484917400005],[98.52069944000004,18.593209833000063],[98.53082839300005,18.588646348000058],[98.53652232800005,18.58927613900004],[98.54466920900006,18.584600818000066],[98.55114087400005,18.58499027900007],[98.55737802800007,18.583188409000055],[98.56037357300005,18.584105985000065],[98.57229864900006,18.580998390000044],[98.59515541900004,18.582301731000033],[98.60108787300004,18.58431853700006],[98.60927159300007,18.594072921000077],[98.62319850300008,18.600390558000072],[98.62599040000003,18.592051840000067],[98.63254347000009,18.58773216100008],[98.63539444200008,18.58277472600002]]]}},{"type":"Feature","properties":{"AP_EN":"Mae Chaem","AP_TN":"\u0e41\u0e21\u0e48\u0e41\u0e08\u0e48\u0e21","PV_EN":"Chiang Mai","total_area_ha":282227.5496957324,"forest_2019_ha":190444.4922607229,"forest_2023_ha":219464.6805750673,"mean_agb_2019_Mg_ha":187.47186572807303,"mean_agb_2023_Mg_ha":193.40118389450467,"total_agb_2019_Mg":28175375.94999301,"total_agb_2023_Mg":35314816.351934165,"mean_co2_2019_Mg_ha":320.3215276743449,"mean_co2_2023_Mg_ha":329.809884464161,"total_co2_2019_Mg":48141512.32366549,"total_co2_2023_Mg":60222870.11527704,"delta_forest_ha":29020.188314344385,"delta_forest_pct":15.238134728840086,"delta_agb_Mg_ha":5.929318166431642,"delta_co2_Mg_ha":9.488356789816066},"geometry":{"type":"Polygon","coordinates":[[[98.17282891600009,18.98851501200005],[98.19744559700007,18.958249929000036],[98.19936752600006,18.957182832000058],[98.20058126800006,18.958913017000043],[98.20381890000004,18.95604639200007],[98.20662230100004,18.957677174000025],[98.21526447700006,18.949405499000026],[98.22020344900007,18.949427465000046],[98.22191340700006,18.947039818000064],[98.22904741100007,18.952107798000043],[98.22945389500006,18.956082424000044],[98.23347824300004,18.960729494000077],[98.24032958700008,18.96012058700006],[98.24544893600007,18.957796365000036],[98.24689767600006,18.959456051000075],[98.25527054900004,18.956949316000077],[98.25712643800006,18.95348649900006],[98.26095795300006,18.951468452000025],[98.26180782900008,18.939154184000078],[98.26652017000004,18.932157765000056],[98.26798096400006,18.93438893900003],[98.27069206200008,18.93479160300006],[98.27901458500008,18.92885279500007],[98.28912959100008,18.92605977100004],[98.30230446100006,18.93206191100006],[98.31131607100009,18.93350538400006],[98.31785222500008,18.931554884000033],[98.32579594400005,18.933051341000066],[98.32747966700003,18.93421309200005],[98.32898736100003,18.940888058000045],[98.34104288200007,18.937834872000053],[98.34711274600005,18.933185176000052],[98.35024288600005,18.925660173000036],[98.35017192700008,18.908078940000053],[98.36816846100004,18.895164492000053],[98.37800645300007,18.882666200000074],[98.38402604000004,18.882259216000026],[98.39386951100005,18.878426928000064],[98.41914679600008,18.879899339000072],[98.42661760400006,18.88333415900007],[98.43773646900007,18.88567266000007],[98.46512886600004,18.887776733000067],[98.46689189300008,18.890586810000055],[98.46131982900005,18.897408742000042],[98.46185718400005,18.905393787000037],[98.46370639900005,18.907268762000058],[98.47128115500004,18.907677956000036],[98.47457120300004,18.90992858800007],[98.47713595100004,18.91575596900003],[98.47681640400003,18.92222477800004],[98.47780784400004,18.91956603000006],[98.48095877300005,18.91882249400004],[98.48320892800007,18.915016077000075],[98.49152120200006,18.916908654000054],[98.50334466700008,18.91135546400005],[98.50553955900006,18.907568947000076],[98.49805144000004,18.897174918000076],[98.49601944600005,18.888164649000036],[98.50332644400004,18.887356244000046],[98.50428291700007,18.883357422000074],[98.50690614000007,18.881290277000062],[98.51208766600007,18.882912626000067],[98.52299278800007,18.87788213200002],[98.52591673500007,18.87469030300002],[98.52408072100008,18.867589983000077],[98.51680759000004,18.86259944400007],[98.51667869500005,18.85995674600002],[98.52408290400008,18.85661383400003],[98.52870224700007,18.84900575100005],[98.53057623700005,18.837540618000048],[98.53312975900008,18.834666288000044],[98.53966434200004,18.83252932400006],[98.54053265300007,18.82669654000006],[98.54565514200004,18.821209681000024],[98.54611048200007,18.81543459800002],[98.55117494000008,18.808817721000025],[98.55957614400006,18.802662742000056],[98.55330821100006,18.797108879000064],[98.54501038400008,18.79549482300007],[98.54019657200007,18.789374692000024],[98.53010080400009,18.788185966000075],[98.52742706300006,18.78071071600004],[98.51513283100007,18.77738612000007],[98.51117043600004,18.77382060700007],[98.50831631400007,18.775645507000032],[98.50301801700004,18.77381605400006],[98.50188795700006,18.776264509000043],[98.49945890100008,18.776480571000036],[98.49605509100007,18.768754402000063],[98.49697078800006,18.763415614000056],[98.49518539900004,18.762100343000046],[98.49704693900009,18.760230044000025],[98.49719826000006,18.74897968600004],[98.48967678600008,18.738990776000037],[98.48873766800006,18.733762178000063],[98.49389400500007,18.73252107700006],[98.49486604800006,18.722230903000025],[98.49713832600008,18.721242868000047],[98.49711136200006,18.71853261600007],[98.49184790700008,18.716687153000066],[98.49344210100008,18.714754012000068],[98.49663603600006,18.714285879000045],[98.49750687500006,18.71157238500007],[98.49970502600007,18.69228047300004],[98.49735966400004,18.689246565000076],[98.49892085900007,18.67927308000003],[98.49572285100004,18.669015717000036],[98.49878603700006,18.65949925300004],[98.49537930000008,18.651212676000057],[98.49210561800004,18.647809049000042],[98.49213060500006,18.63701011300003],[98.48782356200007,18.629761437000067],[98.49040169900007,18.61301012200005],[98.48760912800009,18.58857110200006],[98.48053694900005,18.585612198000035],[98.47889254700004,18.582696356000035],[98.48304977400005,18.571250102000015],[98.48162873300004,18.56010481800007],[98.48260427000008,18.550055156000038],[98.48452961600003,18.546010335000062],[98.49308536900008,18.53709052400006],[98.49755214600003,18.525270740000053],[98.50535604500004,18.524973864000057],[98.50745227900006,18.516689322000047],[98.50604074900008,18.510882174000077],[98.50255271100008,18.506672667000032],[98.50747282200007,18.505989619000044],[98.50342224400003,18.501005920000065],[98.50859206500007,18.496785147000022],[98.51010359100007,18.491467984000053],[98.50619097600008,18.486460974000067],[98.49886180400006,18.486771607000037],[98.49572090600009,18.478759058000037],[98.49003256900005,18.477129432000027],[98.47545198600005,18.464392489000033],[98.47455767700006,18.44927747200006],[98.48332240600007,18.444600684000022],[98.48176959900007,18.441157511000032],[98.48332102600007,18.430108322000024],[98.48676294900008,18.42356174000002],[98.48942080900008,18.421625739000035],[98.48463449200005,18.41711981200007],[98.48720383100004,18.410978678000046],[98.48088939300004,18.402029752000033],[98.48113189700007,18.398408441000072],[98.47796083600008,18.39725419800004],[98.47638378500005,18.39260207800004],[98.47094421300005,18.38954687500006],[98.47212445800007,18.380365296000033],[98.46997063100008,18.379081564000042],[98.46788659000003,18.37434435900008],[98.46575698500004,18.36166712100004],[98.46596121800007,18.35729329800006],[98.46863143400009,18.354436844000077],[98.46867462100005,18.351437472000043],[98.46352710600007,18.33949964800007],[98.46068823100006,18.33966449200005],[98.45544941100009,18.330156296000045],[98.45494911000009,18.326162320000034],[98.45195678300007,18.32460033900003],[98.45445820400005,18.321347038000056],[98.45536366700009,18.311338871000032],[98.46296842500004,18.307772305000068],[98.46355165300008,18.299380979000038],[98.46107074400005,18.29309819300005],[98.46179088400004,18.28882860700003],[98.46480061900007,18.286380961000077],[98.46307323000008,18.276905343000067],[98.45938108900003,18.268242109000024],[98.45577183900008,18.26591812700007],[98.44128927700007,18.26331522600003],[98.43460748400008,18.26059887100007],[98.42977628000006,18.261016105000067],[98.42603614100005,18.259019943000055],[98.42030448800006,18.246788875000046],[98.41678906500005,18.24755547500007],[98.41519528900005,18.253096586000026],[98.40032870000005,18.256442118000056],[98.39878919900008,18.26312994000006],[98.39576041600009,18.263764359000053],[98.39712613800003,18.267293489000057],[98.38916471400006,18.269100691000066],[98.38454086300004,18.27702800100008],[98.37934363100004,18.276716341000057],[98.36892920700006,18.28277610200007],[98.36171948300006,18.278784511000026],[98.35771679600003,18.285989032000035],[98.34890653800005,18.288337331000037],[98.34662867700007,18.28740882100005],[98.34601862500006,18.28230934800007],[98.34153112200005,18.283976128000063],[98.33802123300006,18.282304421000045],[98.33706570900006,18.27575992300007],[98.33399599700006,18.278334099000066],[98.32673183000009,18.279216971000036],[98.32328343200004,18.275092558000043],[98.32035217900007,18.278505264000042],[98.31761727700008,18.278627704000034],[98.31598715500007,18.282758969000042],[98.30766626300004,18.28277307800005],[98.30771813900009,18.276776642000073],[98.30319450700006,18.276040574000028],[98.30521524400007,18.273580588000073],[98.30200716100006,18.27161785900006],[98.30097682500008,18.265723668000074],[98.29909178700007,18.263403078000067],[98.29983386700007,18.26117118200006],[98.30287032300004,18.26119695300002],[98.30193567500005,18.258067570000033],[98.30376134800008,18.25399022700004],[98.30258504500006,18.250458911000067],[98.30401621300007,18.24372976000006],[98.29700458600007,18.23314903200003],[98.28460446900004,18.23341156000004],[98.28003446100007,18.23023797100007],[98.27308489700005,18.228749866000044],[98.25927085800004,18.23089882300007],[98.25347295200004,18.217353473000063],[98.25120507200006,18.215260281000038],[98.23927407200006,18.21892900200004],[98.23179024700005,18.211416997000075],[98.22547433400007,18.209925219000073],[98.22050169400006,18.217397402000074],[98.21523467200007,18.22088596600003],[98.21531639200003,18.22619372800005],[98.21221630300005,18.232115430000018],[98.21321347200006,18.247504032000055],[98.21036533700004,18.248781316000077],[98.21026101100006,18.251918109000027],[98.20282106700006,18.25149300700002],[98.20042683700007,18.249731966000073],[98.19862845500008,18.251668686000073],[98.19891333900006,18.25471445700004],[98.19596584800007,18.25106894300006],[98.19325421200006,18.250209123000044],[98.18815439600007,18.257843621000063],[98.18725624000007,18.254690176000054],[98.18972025400006,18.246164518000057],[98.18746985800004,18.242628022000076],[98.17512561500007,18.234178127000067],[98.16932485200005,18.23375428200007],[98.16652959600003,18.228631342000025],[98.15878034000009,18.221962715000075],[98.15502877300008,18.22440672100004],[98.14897722100005,18.225558237000033],[98.14258249400007,18.23762208500006],[98.13929433000004,18.24032314400006],[98.14275413400009,18.24999986600005],[98.14100302000008,18.255303870000038],[98.13752419400004,18.25840958700007],[98.13585213000005,18.266147255000078],[98.13913171600007,18.280226773000035],[98.15158344700006,18.285753562000025],[98.15733669200006,18.282647480000037],[98.16236275700004,18.283421948000072],[98.16658188100008,18.28163286200004],[98.17730621600003,18.283472150000023],[98.18214459100005,18.285904832000025],[98.18592999200007,18.284217392000073],[98.19204131000004,18.284477167000038],[98.19733514400008,18.287315833000033],[98.20201159600003,18.29110751500002],[98.20228879400008,18.296629564000057],[98.20818199400009,18.305891718000055],[98.20723719900008,18.310197639000023],[98.20255436600007,18.313414752000025],[98.20257670800004,18.31660739800003],[98.20093629800004,18.317476061000036],[98.20185629500008,18.321849615000072],[98.19991652800007,18.322405216000053],[98.20093071100007,18.324427120000053],[98.19905179500006,18.32479769400004],[98.20047689400008,18.32923098700007],[98.19666919100008,18.333062763000044],[98.19606580300007,18.330651692000064],[98.19458564100006,18.330598001000055],[98.19363127100007,18.334247429000072],[98.18159555100004,18.34247686500004],[98.16959013300004,18.346418429000042],[98.16943301900005,18.349218261000033],[98.16582496300003,18.35127549400005],[98.16533443500003,18.353278554000042],[98.16332773900008,18.355169899000032],[98.16105375200004,18.354952037000032],[98.15659253500007,18.359252284000032],[98.15300885500005,18.35854275500003],[98.14836980200005,18.362195824000022],[98.14481583900005,18.362835120000057],[98.14532251200006,18.36517810900006],[98.13951240500006,18.372109686000044],[98.13552669000006,18.385207267000048],[98.12870071200007,18.387742769000056],[98.12795807600008,18.392061528000053],[98.12273074300003,18.395054865000077],[98.12679356200005,18.401542110000033],[98.12591873300005,18.405767609000065],[98.11869372400008,18.408449993000033],[98.11332480700008,18.408226200000062],[98.10393494000004,18.41281043400005],[98.10050014800004,18.41836009800005],[98.09457748400007,18.420495281000054],[98.08184369100007,18.416922026000062],[98.07392245900007,18.42847506300006],[98.08114835500004,18.43798918300007],[98.08271871500006,18.446631930000027],[98.09819435100007,18.45644271800006],[98.10537471300006,18.458429923000036],[98.11240566600009,18.483975387000044],[98.11937513300006,18.490016624000074],[98.11890133600008,18.49590450400007],[98.12127158700008,18.50156498600006],[98.12438008500004,18.50301181300006],[98.12944344100003,18.501845633000077],[98.13138020300005,18.505381359000072],[98.14192519800008,18.509819375000067],[98.14696603400006,18.514354081000025],[98.15404556300007,18.512112976000022],[98.16399134700004,18.525238829000045],[98.17513019100005,18.523090540000055],[98.17088005900007,18.52566342500006],[98.16997738000003,18.528545784000073],[98.17487818700005,18.541551731000027],[98.17372750200008,18.546250664000066],[98.17503680300007,18.547243723000065],[98.18081012300007,18.54661816100003],[98.18471798200005,18.54861878300005],[98.18832778700005,18.54346832000004],[98.19347046900003,18.540655985000058],[98.20045344700009,18.541850370000073],[98.20708496700007,18.537098638000035],[98.20909638900008,18.537196314000028],[98.22042427400004,18.549577289000073],[98.22341206000004,18.549620102000056],[98.22455090700004,18.55453213100003],[98.23151818400004,18.557035761000062],[98.23105881100008,18.564197222000075],[98.23687508300009,18.568593844000077],[98.23686145800008,18.572456182000053],[98.22717052400009,18.586832595000036],[98.21227296700005,18.59096203300004],[98.21469596400004,18.60059134500006],[98.21064527000004,18.607591959000043],[98.18242291200006,18.609805448000028],[98.1828836590001,18.624785710000026],[98.17362480000008,18.62843589100003],[98.16759632900005,18.625829166000067],[98.16312292000003,18.626194538000053],[98.15659022600005,18.629173656000034],[98.15413882500008,18.63337289100002],[98.14574276600007,18.63797783700005],[98.12466508000006,18.633987003000065],[98.11919161200007,18.63423143800003],[98.10578732200008,18.64841642300007],[98.10861580000005,18.66345188300005],[98.11245938100006,18.669592760000057],[98.10972444200007,18.67482475000003],[98.10513311700004,18.677073503000027],[98.10710729100003,18.688989330000027],[98.1041261380001,18.698060813000037],[98.10026886100007,18.70326579500005],[98.10080966300006,18.706475431000058],[98.10485133800006,18.708822957000056],[98.10755621800007,18.713535152000077],[98.10316966600006,18.718393114000037],[98.10396296800009,18.727362834000072],[98.10148978800004,18.733079365000037],[98.10214155200003,18.735782318000076],[98.10024121000004,18.737293683000075],[98.09396792000008,18.73764976200005],[98.10764468200006,18.74609056900005],[98.10748246600008,18.751404724000054],[98.11468788500008,18.75351297000004],[98.12020571400006,18.75832075300008],[98.11836625400008,18.76270072500006],[98.11992370400009,18.765423705000046],[98.11775835800006,18.766832322000027],[98.12164835500005,18.774455341000074],[98.11926251900007,18.776680789000075],[98.10806349900008,18.780108066000025],[98.09927574700004,18.77523109900005],[98.09208537700005,18.77793452200007],[98.08968692400003,18.783037800000045],[98.09115552200007,18.786681217000027],[98.08936019800007,18.791751267000052],[98.08548266200006,18.79559450100004],[98.08832764000005,18.804710920000048],[98.08167136900005,18.812009526000047],[98.07945291200008,18.817124807000027],[98.08126236800007,18.82010123900005],[98.07832377100004,18.821449060000074],[98.08131713100005,18.826997832000075],[98.08115802700007,18.835861160000036],[98.08356207300005,18.84381420800003],[98.08811283000007,18.852234116000034],[98.08887115400006,18.861216022000058],[98.10210286900008,18.88386138100003],[98.11045240700008,18.888057373000038],[98.11239556900006,18.894051379000075],[98.11955011400005,18.898254830000038],[98.12436474900005,18.907895161000056],[98.12928751500004,18.911825656000072],[98.13708853400004,18.91171295200007],[98.14011412200006,18.913081401000053],[98.14368165200005,18.911758150000026],[98.14977540400008,18.91896151900005],[98.15498089800008,18.91878194900005],[98.15689501800006,18.920296441000065],[98.15869626700004,18.929132636000073],[98.15659926100005,18.937368244000027],[98.16605962700004,18.939459020000072],[98.17259659300004,18.951371959000035],[98.17311239300005,18.961861699000053],[98.16350695700005,18.981322630000026],[98.16604715700004,18.98358655100003],[98.17133835200008,18.984371673000055],[98.17282891600009,18.98851501200005]]]}},{"type":"Feature","properties":{"AP_EN":"Chiang Dao","AP_TN":"\u0e40\u0e0a\u0e35\u0e22\u0e07\u0e14\u0e32\u0e27","PV_EN":"Chiang Mai","total_area_ha":207674.6718431312,"forest_2019_ha":143835.14333096216,"forest_2023_ha":156174.66197153128,"mean_agb_2019_Mg_ha":171.56214976084237,"mean_agb_2023_Mg_ha":174.73159376028624,"total_agb_2019_Mg":18367010.751871902,"total_agb_2023_Mg":21370299.877341997,"mean_co2_2019_Mg_ha":292.05821829984177,"mean_co2_2023_Mg_ha":296.2829724239019,"total_co2_2019_Mg":31267014.6576958,"total_co2_2023_Mg":36236466.98841047,"delta_forest_ha":12339.51864056912,"delta_forest_pct":8.578931653842137,"delta_agb_Mg_ha":3.169443999443871,"delta_co2_Mg_ha":4.224754124060155},"geometry":{"type":"Polygon","coordinates":[[[98.85306306500007,19.797199498000055],[98.86893151700008,19.79200432700003],[98.87474063600007,19.782589778000048],[98.88533985600009,19.779282599000055],[98.89235923300004,19.77350785100003],[98.89658795400004,19.766470579000043],[98.90548943900006,19.76332612900006],[98.91179170200007,19.758268659000073],[98.91384182900003,19.755526945000042],[98.91427056200007,19.749199028000074],[98.91692471200008,19.743208777000063],[98.92595267300004,19.75124884900003],[98.92919083100008,19.757865206000076],[98.92760932100003,19.77104268900007],[98.93398684100003,19.773528053000064],[98.94135752300008,19.76909348600003],[98.96539211100009,19.741259156000073],[98.97126133000006,19.737424001000022],[98.9809560830001,19.73413131700005],[98.98772143100007,19.75035552200006],[98.98949034300006,19.775559677000047],[98.99249114400004,19.782418858000028],[98.99398576900006,19.78331131100003],[99.00365064200008,19.781461064000037],[99.00582066200008,19.788139293000032],[99.01304432500007,19.793240252000032],[99.02434354400003,19.78873190800005],[99.02945313400005,19.784427306000055],[99.02699133500005,19.77788947800008],[99.02317394000005,19.773708173000045],[99.02251488500008,19.766842443000026],[99.01790272400007,19.76370488500004],[99.01680752600004,19.75954347700002],[99.02914900400003,19.744348511000055],[99.02935698300007,19.736676091000053],[99.02453390100004,19.73418487100002],[99.02398512200006,19.71814430100006],[99.02715842300006,19.707482453000065],[99.02632842000008,19.704904772000077],[99.02958788200004,19.696441106000066],[99.03096729000004,19.69514180300007],[99.03513652700008,19.695981477000025],[99.03737345500008,19.69222614600005],[99.04099625800006,19.69014910100003],[99.04069965500008,19.686884545000062],[99.04915564300006,19.685707617000045],[99.05172416100004,19.679850904000038],[99.05783260600003,19.68167452000006],[99.06355459200006,19.680744032000064],[99.06891591700008,19.672518360000023],[99.06988927900005,19.65867324000004],[99.07422291800003,19.656260871000033],[99.07486383200006,19.649182335000035],[99.07815296300004,19.647398377000062],[99.07649232400007,19.635420464000056],[99.07855459500007,19.63414534900005],[99.08557815800003,19.634853816000035],[99.09041871000005,19.63172462300002],[99.09155447600006,19.62045481700005],[99.08816101600007,19.60781136500003],[99.08875368800005,19.604419904000054],[99.09194217300006,19.60306951800004],[99.10107145400008,19.605884203000073],[99.10888696400008,19.60139273300007],[99.10962334800007,19.59747244500005],[99.11333345400004,19.59336052900005],[99.11822218200007,19.591310486000044],[99.12286884800005,19.58417710200007],[99.12657255600004,19.581467927000062],[99.12860989000006,19.575289618000056],[99.13649923600008,19.568088016000047],[99.13581602100004,19.564478201000046],[99.12856907600008,19.56101776800006],[99.12559777100006,19.55357777800003],[99.11653930300008,19.54877383000007],[99.11416678500007,19.545779531000047],[99.11684226700004,19.537592418000035],[99.11680417400004,19.529770778000053],[99.12136266300007,19.521284133000044],[99.12580895600007,19.52353586900006],[99.12676973100008,19.52263148100008],[99.12790621500005,19.52625232600008],[99.13047646100006,19.525882225000032],[99.13144243000005,19.52331271000003],[99.13686457000006,19.523634026000025],[99.14589848600008,19.517251241000054],[99.14575737800004,19.51899101000003],[99.14759573200007,19.515094499000035],[99.15152198700008,19.51266477200006],[99.15524447800004,19.512806211000058],[99.15816972400006,19.49370133700006],[99.15470649400004,19.48764263200007],[99.15631715300003,19.47668590000006],[99.15414398500008,19.473179065000068],[99.14856230900007,19.477980227000046],[99.14342168500008,19.47744665500005],[99.14125461000003,19.47413621900006],[99.13657583200006,19.47166812600005],[99.13246237800007,19.46191775400007],[99.12653650700008,19.455930300000034],[99.12329701000004,19.441915764000047],[99.12333460600007,19.429805813000034],[99.12501729500008,19.427696720000025],[99.12514675700004,19.423769938000074],[99.12965714500007,19.42193220800004],[99.13301037900004,19.412384162000023],[99.12606309900008,19.413862192000067],[99.11829633500008,19.408892390000066],[99.11325140900004,19.408310440000037],[99.10200383600005,19.39521979700004],[99.10055578600009,19.386305299000078],[99.09809651200004,19.383563817000038],[99.10176859100007,19.382090976000036],[99.10182768700008,19.37805578000007],[99.10602327600009,19.372305647000083],[99.10504016200008,19.361301006000076],[99.10017957000008,19.35116836500003],[99.09625484100007,19.348384717000044],[99.09570367400005,19.342551395000044],[99.09220075800005,19.34019445000007],[99.08563889800007,19.328209583000042],[99.08680494100008,19.31889149400007],[99.08334288000003,19.311963692000067],[99.08657919200006,19.303711045000053],[99.08705280200007,19.296512529000044],[99.09265672600009,19.290323667000052],[99.09206296100007,19.281114841000033],[99.07795877100006,19.26635876200003],[99.07652417800007,19.262541050000035],[99.06766677100006,19.261396786000034],[99.05623786200005,19.268409193000032],[99.04298081200005,19.259804625000076],[99.03641208900007,19.25867862900003],[99.03102162900007,19.260613637000066],[99.02841530900008,19.263544452000072],[99.02026236400008,19.262298370000057],[99.01498964500007,19.267362106000068],[99.00597242800006,19.266840711000043],[99.00283325300006,19.27130302200004],[98.99409281400006,19.268542011000022],[98.98975677700008,19.274009470000063],[98.98342969800007,19.278195597000035],[98.98340527500005,19.28148747800003],[98.98149894600004,19.283150182000043],[98.97859123600006,19.277316204000044],[98.98197278100008,19.26913543000006],[98.97756226500007,19.26591535300003],[98.96469198000005,19.266844177000056],[98.96129346600009,19.270381647000022],[98.95713021300008,19.26923070400005],[98.95372245600004,19.272101519000046],[98.94789096400008,19.271406327000022],[98.93693127100005,19.278318768000073],[98.91929981000004,19.272966195000038],[98.91600429400006,19.27415991000004],[98.90662733700003,19.270716620000027],[98.90196260600004,19.26481499500005],[98.89438579000006,19.268077807000054],[98.89204497200006,19.278591482000024],[98.88880428800007,19.28093474900004],[98.88646603100005,19.28608237700007],[98.87830745100008,19.290412820000025],[98.85806987400008,19.296270264000043],[98.83946199200005,19.297054663000043],[98.83107208100006,19.295230580000066],[98.82090610000007,19.295286415000078],[98.82003106000008,19.293082693000027],[98.81079766500005,19.288229326000074],[98.80251070200008,19.292971956000038],[98.80020381300005,19.296383314000025],[98.79595053500003,19.296986375000078],[98.7891132540001,19.303451617000068],[98.78122836400007,19.305882424000057],[98.77646477000008,19.313169791000064],[98.77008407000005,19.314390942000042],[98.76253677400007,19.32103727000003],[98.75687359900007,19.322398965000048],[98.75094358600006,19.321728981000035],[98.74677790600003,19.325376582000047],[98.73409394100008,19.318955595000027],[98.73065369900007,19.314876979000076],[98.72565194500004,19.31613701100002],[98.72406026600004,19.312874400000055],[98.71825651000006,19.30998262900005],[98.71430158000004,19.31142696900002],[98.70460381800007,19.29817864800003],[98.70285400600005,19.300622662000023],[98.70478595800006,19.306908987000046],[98.70085939700004,19.304997981000042],[98.70030228400005,19.30841542900004],[98.70463830500006,19.310948424000063],[98.70267031800006,19.318981647000047],[98.70340085100008,19.323149028000046],[98.70019700500006,19.326677370000024],[98.69493816300007,19.32893248800008],[98.69470953100006,19.334618812000034],[98.68599137000007,19.337859681000058],[98.68159585600006,19.333421537000053],[98.67236725400005,19.336075697000073],[98.66002381400006,19.335063516000055],[98.65517758100003,19.342198355000047],[98.63995315600005,19.350031299000026],[98.63358291400004,19.349230102000035],[98.63024808000006,19.35058120600007],[98.62363424200004,19.343916276000073],[98.61285081600005,19.34616654400003],[98.60505317300004,19.35112252500005],[98.59478182300006,19.353442857000065],[98.59417924800005,19.357555691000073],[98.58554389100006,19.364350266000034],[98.58131524000004,19.365639683000033],[98.57785526200007,19.37265807600005],[98.57762808600006,19.37674911500005],[98.57535151500008,19.37952951500005],[98.57606220800005,19.382384647000038],[98.57331941700005,19.38633649800005],[98.57559743500008,19.39487739200007],[98.57936168700007,19.399275921000026],[98.58704139200006,19.39757873300005],[98.59391148700007,19.402693409000054],[98.59611584100008,19.406993216000043],[98.59237000900004,19.408329125000023],[98.59108345700008,19.411484708000046],[98.58613880300004,19.415309767000053],[98.58646430700009,19.42018602800005],[98.58980874600007,19.424138309000057],[98.62065271700004,19.433233446000035],[98.63052581000005,19.43862638200005],[98.64018558600009,19.440335733000044],[98.65183710300005,19.43664871400006],[98.65877471600004,19.42916331200007],[98.68382909700006,19.432809982000038],[98.70774504500008,19.43080991500005],[98.71162045900009,19.43409435200004],[98.71539099400007,19.441619241000073],[98.72281688200007,19.44164880900008],[98.74168115700007,19.447910047000047],[98.75274952300003,19.453304859000067],[98.75960315500004,19.452516540000033],[98.76338032700005,19.457489705000054],[98.76696040400009,19.45948930100008],[98.77515389200005,19.459461238000078],[98.78462388200006,19.46184048000004],[98.78893886600008,19.467975034000062],[98.78963273300008,19.472512511000048],[98.78694057800004,19.474859035000065],[98.78616409500006,19.477966912000056],[98.79088365700005,19.487111270000067],[98.78664397500006,19.493753164000054],[98.77910082800008,19.49891337500003],[98.79004127400003,19.501151796000045],[98.79897053000008,19.495938450000043],[98.80605809900004,19.493847298000052],[98.80923127000005,19.494526198000077],[98.80675795700006,19.501102636000038],[98.80297350400008,19.50563295400008],[98.80217734200005,19.51696694000003],[98.80366293200007,19.521450985000058],[98.80882312900007,19.528107853000044],[98.80794234600006,19.533147385000056],[98.81064570900008,19.537863104000056],[98.81101528300007,19.54664984000004],[98.80369784700008,19.570673972000066],[98.79224092400005,19.58497815000004],[98.79560070400004,19.591204017000056],[98.79156968600006,19.596257902000044],[98.80721827700006,19.606270315000074],[98.80922885300004,19.61139421000007],[98.80464610900003,19.61693579100006],[98.78011794500009,19.633330065000052],[98.78235559800004,19.63897866500002],[98.78054051400005,19.64567063000004],[98.76823635100004,19.651504399000032],[98.75865014700008,19.660219264000034],[98.75028678500007,19.663101935000043],[98.74866937300004,19.668942086000076],[98.75086006300006,19.674866612000077],[98.75509482000007,19.678548222000067],[98.74929614600006,19.687649477000036],[98.75365387600004,19.69787178300004],[98.75342729200008,19.70174606200004],[98.75080209900007,19.702316281000037],[98.74855764200004,19.69889718700006],[98.74666828500006,19.69896230700005],[98.74279992700008,19.700703194000027],[98.73572544300004,19.70896170600003],[98.73186655200004,19.71124909900004],[98.73118898900003,19.714849298000043],[98.72710503500008,19.715383086000028],[98.72609998000007,19.712986772000026],[98.72348061400004,19.723709564000046],[98.71730959400008,19.732971795000022],[98.71294062700008,19.736335609000037],[98.70928242900004,19.745018670000032],[98.70875439000008,19.750672634000065],[98.70429217100009,19.757664371000033],[98.71179888200004,19.767933445000033],[98.71784945300004,19.76214142300006],[98.72279182600005,19.760454733000074],[98.72877526100007,19.76115747900008],[98.73402772800006,19.755862974000024],[98.73968179300005,19.753406474000034],[98.74667817000005,19.755705099000068],[98.75191885800007,19.759659297000038],[98.77818792500005,19.751822632000028],[98.78673287200007,19.76018537100003],[98.78876197600005,19.764624894000065],[98.79498087100006,19.76958208600007],[98.79680463200003,19.77507859700006],[98.80308339200009,19.77506302600006],[98.81342099600005,19.780514316000048],[98.82868557600005,19.793432007000035],[98.82966444000004,19.80328314100007],[98.83347121700007,19.810608855000062],[98.83749001600007,19.812833366000064],[98.84148431700004,19.812188560000035],[98.84984632800007,19.806848215000052],[98.85306306500007,19.797199498000055]]]}},{"type":"Feature","properties":{"AP_EN":"Doi Saket","AP_TN":"\u0e14\u0e2d\u0e22\u0e2a\u0e30\u0e40\u0e01\u0e47\u0e14","PV_EN":"Chiang Mai","total_area_ha":65476.9434382095,"forest_2019_ha":54286.28884117506,"forest_2023_ha":52897.94459995197,"mean_agb_2019_Mg_ha":155.63139397828945,"mean_agb_2023_Mg_ha":162.79712273862307,"total_agb_2019_Mg":6545528.524321163,"total_agb_2023_Mg":6696166.352277959,"mean_co2_2019_Mg_ha":265.0418290698719,"mean_co2_2023_Mg_ha":275.4169242854778,"total_co2_2019_Mg":11147099.949843343,"total_co2_2023_Mg":11328439.159809783,"delta_forest_ha":-1388.3442412230943,"delta_forest_pct":-2.55744916600389,"delta_agb_Mg_ha":7.1657287603336215,"delta_co2_Mg_ha":10.375095215605938},"geometry":{"type":"Polygon","coordinates":[[[99.34556011600006,19.085623897000062],[99.35166743900005,19.08719390600004],[99.36057811800003,19.083057857000032],[99.36517345100003,19.07866337300004],[99.36379843500004,19.072547713000063],[99.36567754700008,19.069051006000052],[99.37129948000006,19.067062825000047],[99.37619212500005,19.06812159400004],[99.38353891000008,19.06401926500007],[99.38247429600005,19.059834860000024],[99.38415135800005,19.05524259100002],[99.38189189000008,19.05167521100003],[99.38319545300004,19.04301910400005],[99.38801972100003,19.032304106000026],[99.38991814700006,19.020689164000036],[99.39502392900005,19.018226897000027],[99.39668003700007,19.006612395000047],[99.40156588600007,19.00007224000007],[99.39496326600005,18.998565887000037],[99.39002995800007,18.993750303000073],[99.37694587200008,18.987749363000034],[99.37338065400007,18.982060661000048],[99.37476913100005,18.977938982000065],[99.37337557800004,18.973384599000042],[99.37751286200006,18.96847671600005],[99.37503925400006,18.95987343800004],[99.38417931600009,18.951773986000035],[99.38662762500007,18.94409146200007],[99.38484662300004,18.934179786000072],[99.37788516800003,18.920750633000065],[99.36978265100004,18.91338771500005],[99.35610739500004,18.913860671000062],[99.34849498100004,18.909264774000064],[99.33021468900006,18.91350181500007],[99.32408125700005,18.916543627000067],[99.32105819800006,18.91610490200003],[99.31704707600005,18.91920041900005],[99.30186337100008,18.90633571600005],[99.29038653800006,18.90223620200004],[99.27953091600006,18.903079799000068],[99.27444139200009,18.898070321000038],[99.27092320800007,18.897607780000047],[99.2675768430001,18.892846355000074],[99.25835055400006,18.890110803000024],[99.25549232100009,18.887200080000063],[99.25683913900008,18.88275278400005],[99.25120624900006,18.879784797000067],[99.24879425100005,18.874263709000047],[99.24025386200003,18.872663950000064],[99.23964580000006,18.87026068800003],[99.23477688300005,18.867439201000025],[99.23651404200007,18.865193374000057],[99.23791472600004,18.850316529000054],[99.23455255700009,18.833672037000046],[99.21916462900003,18.82978868600003],[99.21684964400004,18.827064231000065],[99.21988414400005,18.821301324000046],[99.21892495500003,18.818324487000044],[99.21225179500004,18.816779952000047],[99.19224530600007,18.805194784000037],[99.17748175000008,18.802852783000052],[99.16471375800006,18.806206237000026],[99.16246743500007,18.802703773000076],[99.16180262200004,18.79751661200004],[99.15783630200008,18.79763072100007],[99.15263826100005,18.78905696400005],[99.13937424500006,18.79368343300007],[99.12964711900008,18.800622497000063],[99.12466140500004,18.802329533000037],[99.1157715940001,18.795382864000036],[99.11474870000006,18.78606090600005],[99.10823870700006,18.77933268300006],[99.10701400100004,18.774067675000023],[99.09958917100005,18.769352856000072],[99.0968367600001,18.77101502000005],[99.09175047800005,18.782054008000046],[99.08410987600007,18.782170578000034],[99.08189841900008,18.777379207000028],[99.06661481000003,18.780298878000057],[99.05949731200008,18.779496905000034],[99.05791199500004,18.782685528000055],[99.05800113400005,18.789275267000054],[99.04948211400006,18.798512196000047],[99.05314453900007,18.802087937000064],[99.04928500400007,18.81006493600006],[99.04981946800007,18.817222798000046],[99.06119860700005,18.828269344000034],[99.06871500700004,18.830475354000043],[99.07360160000007,18.841776462000038],[99.07641836400006,18.844247180000025],[99.09623650600008,18.854241760000036],[99.09649067900006,18.860364762000074],[99.10582585600008,18.87499870300007],[99.11962632700005,18.881062620000026],[99.11927660200007,18.884119882000046],[99.12294712800008,18.88609112100005],[99.12258002600004,18.890071384000066],[99.11622181800004,18.893324555000046],[99.11505008100005,18.895535024000026],[99.11740493600007,18.898547655000076],[99.11853132400006,18.906117216000045],[99.12682441600003,18.913881968000055],[99.12788259100006,18.919251937000066],[99.12742921900009,18.924072766000048],[99.12194887000004,18.92892294600006],[99.12119133700008,18.934499738000056],[99.11907721500006,18.93695824600007],[99.10221600300008,18.943387364000046],[99.09821295000006,18.94805300500007],[99.08762965400008,18.950038704000068],[99.08327005800005,18.953351917000074],[99.08210356200004,18.959513917000034],[99.07806133600008,18.963678671000025],[99.06759703700004,18.96418663700007],[99.06066572800006,18.97028272700004],[99.06170621300004,18.972675122000062],[99.07024927100008,18.97666901400004],[99.06875747400005,18.98241304500004],[99.06392807200007,18.987789956000025],[99.06503169600006,18.993347764000077],[99.07041476600006,18.996773344000083],[99.07769685600005,18.995168497000062],[99.08638686800003,19.002496477000022],[99.07865476100005,19.012421052000036],[99.07916526100007,19.014449794000026],[99.08317544100004,19.016892727000027],[99.07604082800003,19.03001850500004],[99.08222164700004,19.035578542000053],[99.07832237600007,19.040065176000038],[99.08548237000008,19.04298116400002],[99.09213166900008,19.042460561000038],[99.09697903000006,19.044369542000027],[99.09874249400008,19.046759066000043],[99.09860241400008,19.052965744000062],[99.10282357500006,19.055539169000042],[99.10291096100008,19.06046011400002],[99.10835610800007,19.065757567000045],[99.10970381600004,19.069500607000073],[99.11373056400004,19.07142770100007],[99.12302226800006,19.065402681000023],[99.12529066800005,19.057877329000068],[99.12435283100007,19.054872950000057],[99.12736666300003,19.04990697300007],[99.13558463600003,19.046923219000064],[99.13407969700006,19.04462649800007],[99.13451260100004,19.04043497500004],[99.14261819500007,19.03904839400007],[99.14560346300004,19.02951586400008],[99.15208172800006,19.025904622000045],[99.15279243000003,19.01201766900005],[99.15836986200009,19.00744895400004],[99.17245858900009,19.008523133000033],[99.17625952300006,19.010749593000064],[99.18124611700006,19.00986812000008],[99.18992194900005,19.004244769000024],[99.19988571200008,19.002790505000064],[99.20984642600007,18.996676796000028],[99.21909859400006,18.99985184600007],[99.22839640300003,19.000534242000068],[99.24229033300008,18.997409880000077],[99.25004338700006,18.997966677000022],[99.25221418700005,18.99981418800007],[99.25126548100008,19.003125512000054],[99.25297749400005,19.00940659100007],[99.25280771400008,19.022807354000065],[99.25107737400003,19.025769531000034],[99.25288863800006,19.029190056000065],[99.26381467200008,19.028557963000026],[99.26594662300005,19.03214509300005],[99.27024660200004,19.033912482000062],[99.27461324600006,19.031375517000075],[99.28288301400005,19.03409917000005],[99.29022186400005,19.04134270100008],[99.29282007900008,19.047556447000034],[99.29648722400003,19.04747603500004],[99.30174515500005,19.052047299000037],[99.30210556100008,19.055571355000037],[99.30483906300003,19.057107762000037],[99.30406601200008,19.066108173000032],[99.31311471400005,19.070573393000075],[99.31731136400003,19.07095935300004],[99.31824490600007,19.076072982000028],[99.32119614600003,19.07905476500003],[99.33176966100007,19.081306715000036],[99.34089578500004,19.097584662000035],[99.34556011600006,19.085623897000062]]]}},{"type":"Feature","properties":{"AP_EN":"Mae Taeng","AP_TN":"\u0e41\u0e21\u0e48\u0e41\u0e15\u0e07","PV_EN":"Chiang Mai","total_area_ha":142008.15489191347,"forest_2019_ha":114530.06362280056,"forest_2023_ha":123074.526925444,"mean_agb_2019_Mg_ha":171.5121164335835,"mean_agb_2023_Mg_ha":174.2307695779814,"total_agb_2019_Mg":14723129.764615918,"total_agb_2023_Mg":16898993.945924122,"mean_co2_2019_Mg_ha":292.36212267362026,"mean_co2_2023_Mg_ha":295.09661152038586,"total_co2_2019_Mg":25097265.781710647,"total_co2_2023_Mg":28622011.955278885,"delta_forest_ha":8544.463302643446,"delta_forest_pct":7.4604545150557495,"delta_agb_Mg_ha":2.718653144397905,"delta_co2_Mg_ha":2.7344888467656006},"geometry":{"type":"Polygon","coordinates":[[[98.58992100400008,19.352923639000036],[98.60491976300005,19.35116968100004],[98.61258489600006,19.34626312800003],[98.62306389000008,19.34391509800002],[98.63024808000006,19.35058120600007],[98.63358291400004,19.349230102000035],[98.64023266100008,19.349977628000037],[98.65517758100003,19.342198355000047],[98.66029945200006,19.33499399100003],[98.67236725400005,19.336075697000073],[98.68159585600006,19.333421537000053],[98.68599137000007,19.337859681000058],[98.69470953100006,19.334618812000034],[98.69493816300007,19.32893248800008],[98.70019700500006,19.326677370000024],[98.70340085100008,19.323149028000046],[98.70267031800006,19.318981647000047],[98.70463830500006,19.310948424000063],[98.70030228400005,19.30841542900004],[98.70085939700004,19.304997981000042],[98.70478595800006,19.306908987000046],[98.70285400600005,19.300622662000023],[98.70460381800007,19.29817864800003],[98.71430158000004,19.31142696900002],[98.71825651000006,19.30998262900005],[98.72406026600004,19.312874400000055],[98.72565194500004,19.31613701100002],[98.73065369900007,19.314876979000076],[98.73421132500005,19.319030324000035],[98.74734561300005,19.32531862600007],[98.75067748900005,19.321823510000062],[98.76240313700004,19.321082283000067],[98.77008407000005,19.314390942000042],[98.77646477000008,19.313169791000064],[98.78122836400007,19.305882424000057],[98.7891132540001,19.303451617000068],[98.79595053500003,19.296986375000078],[98.80020381300005,19.296383314000025],[98.80251070200008,19.292971956000038],[98.81079766500005,19.288229326000074],[98.82003106000008,19.293082693000027],[98.82090610000007,19.295286415000078],[98.83107208100006,19.295230580000066],[98.83946199200005,19.297054663000043],[98.85806987400008,19.296270264000043],[98.87830745100008,19.290412820000025],[98.88646603100005,19.28608237700007],[98.88880428800007,19.28093474900004],[98.89204497200006,19.278591482000024],[98.89438579000006,19.268077807000054],[98.90196260600004,19.26481499500005],[98.90662733700003,19.270716620000027],[98.91600429400006,19.27415991000004],[98.91929981000004,19.272966195000038],[98.93693127100005,19.278318768000073],[98.94789096400008,19.271406327000022],[98.95372245600004,19.272101519000046],[98.95713021300008,19.26923070400005],[98.96129346600009,19.270381647000022],[98.96469198000005,19.266844177000056],[98.97756226500007,19.26591535300003],[98.98197278100008,19.26913543000006],[98.97859123600006,19.277316204000044],[98.98149894600004,19.283150182000043],[98.98340527500005,19.28148747800003],[98.98342969800007,19.278195597000035],[98.98975677700008,19.274009470000063],[98.99409281400006,19.268542011000022],[99.00283325300006,19.27130302200004],[99.00597242800006,19.266840711000043],[99.01498964500007,19.267362106000068],[99.02026236400008,19.262298370000057],[99.02841530900008,19.263544452000072],[99.03102162900007,19.260613637000066],[99.03641208900007,19.25867862900003],[99.04298081200005,19.259804625000076],[99.05652247300009,19.268427180000064],[99.06753088400006,19.261437505000057],[99.07715507600005,19.262224474000053],[99.08073318900007,19.25618139900007],[99.08497815800007,19.25964533600006],[99.09209686100007,19.256081138000074],[99.09690881000006,19.257933587000025],[99.09924797900004,19.25599832100005],[99.10329607000006,19.25597800500003],[99.11060699400008,19.24988023500003],[99.11876949800006,19.236226308000028],[99.12286299700008,19.233553039000068],[99.1228281450001,19.22586670000004],[99.12720571000006,19.224171446000067],[99.13034028100009,19.21738662200005],[99.13584221700006,19.21496284300002],[99.13671525700006,19.211222938000052],[99.14207339900008,19.20994683800006],[99.14603003300005,19.20493922600002],[99.15185011700004,19.20458655500005],[99.15486499500008,19.200657248000024],[99.15355781100004,19.18998733400002],[99.14652126600004,19.183922148000022],[99.14035555400005,19.181050781000064],[99.13839477000005,19.175449014000044],[99.13980555700005,19.169993806000036],[99.13447897800006,19.167939488000055],[99.12845543700007,19.16225015900005],[99.12868108900005,19.15774931100003],[99.13462652500004,19.149419222000063],[99.13413725800007,19.146708318000037],[99.12765126100004,19.140678114000018],[99.12180509700005,19.140982579000024],[99.11500217500009,19.133752396000027],[99.10851715600008,19.130568336000074],[99.11387987400008,19.126868730000073],[99.12192152000006,19.11051008900006],[99.12423846300004,19.109033155000073],[99.12922816200006,19.109151728000036],[99.12957766400007,19.10585276500007],[99.13583442700008,19.09907910500004],[99.13460424700008,19.088867527000048],[99.13274450700006,19.087278258000023],[99.12906895700007,19.087366726000027],[99.12728945500004,19.08261418400002],[99.12399258700003,19.079681467000054],[99.11581666400008,19.07911063700004],[99.11386756100006,19.07151799200005],[99.10942410400008,19.069193494000043],[99.10835610800007,19.065757567000045],[99.10264780100005,19.059976747000064],[99.10268828900007,19.05530200600003],[99.09860241400008,19.052965744000062],[99.09874249400008,19.046759066000043],[99.09697903000006,19.044369542000027],[99.09213166900008,19.042460561000038],[99.08548237000008,19.04298116400002],[99.07832237600007,19.040065176000038],[99.06940468900007,19.049711921000032],[99.05881149400005,19.05799182700002],[99.05196891400004,19.05632191600006],[99.04324414500007,19.059720062000057],[99.03621171900005,19.057423755000055],[99.02782625900005,19.06198018300006],[99.02380663600007,19.06816475200003],[99.02039054300008,19.068958213000027],[99.01564847900005,19.07329448200005],[99.00955086800008,19.07493974800008],[98.99706847300007,19.087018759000053],[98.98398597700003,19.08934301400006],[98.98123834200004,19.092130860000054],[98.98038348800009,19.09856329100006],[98.97409596300008,19.105858120000054],[98.97260850500004,19.10507389300005],[98.97185254700008,19.098846870000045],[98.96623623000005,19.101046583000024],[98.96101756900003,19.09947526800005],[98.96085479500005,19.104391690000053],[98.95962104800009,19.105186733000043],[98.95014752500003,19.103828772000043],[98.94680373500006,19.101832786000045],[98.93862170600005,19.09070494700006],[98.94191770400005,19.085708214000025],[98.94069978100005,19.081410438000024],[98.94870763000006,19.07926866400004],[98.95047618300003,19.074628325000045],[98.94312989700006,19.07564745800005],[98.94100340800009,19.071243205000034],[98.94274214600006,19.067298826000066],[98.94889710300004,19.064887584000076],[98.94588905100005,19.060453764000048],[98.94577412800005,19.055808380000027],[98.94916471200008,19.054209681000035],[98.95312090200008,19.055170979000025],[98.95562499000005,19.04515787700007],[98.95872807400008,19.041152653000044],[98.93346312500006,19.044258753000065],[98.92954368900007,19.040832026000036],[98.91949896400007,19.036697710000055],[98.91313394900004,19.04161809100003],[98.90790015800007,19.038915555000077],[98.90328390100007,19.040917296000032],[98.89565992200005,19.03864921400003],[98.89316426600004,19.033731301000042],[98.88829972100007,19.029046916000027],[98.88147293700007,19.028870947000026],[98.87428915200007,19.02562393900007],[98.87224857700005,19.02702111800005],[98.86677549400008,19.026777755000065],[98.86408026700008,19.02899227800003],[98.85903069800008,19.027226152000026],[98.85600994000004,19.029035873000055],[98.85356085500007,19.02838549600006],[98.84418505600007,19.031990629000063],[98.84213859300007,19.03424378400007],[98.83634180700005,19.03199288600007],[98.83473032900008,19.035721738000063],[98.83101898800004,19.03341152300004],[98.82657511800006,19.03397451700005],[98.82137394700004,19.03175082100006],[98.81339946200006,19.03547096300002],[98.81037019700005,19.03479457500003],[98.79970815700005,19.044783452000047],[98.79277318200008,19.04520960500003],[98.79371484500007,19.047451988000034],[98.79264313200008,19.04900977500006],[98.7831386590001,19.051468381000067],[98.77956779300007,19.05821523800006],[98.77561283500006,19.058590051000063],[98.7741588680001,19.07071219900007],[98.77033953600005,19.075047779000037],[98.76681646200007,19.075350636000053],[98.75983707700004,19.07247450900007],[98.75669435700007,19.07331540200005],[98.75253210500006,19.07118829500007],[98.73986449600007,19.072621392000027],[98.73823308700008,19.07398827400005],[98.73547870400006,19.071123956000065],[98.73000565400008,19.07103016900004],[98.72668798700005,19.06961994200003],[98.72438188700005,19.06472267400005],[98.72497971300004,19.063334041000076],[98.72741587100006,19.063348953000062],[98.72553712400008,19.05653410400003],[98.72070143600007,19.05585806900007],[98.71882544100004,19.05714081400004],[98.71353963400009,19.053443101000028],[98.71156046200008,19.054262437000034],[98.71098757700008,19.057325273000057],[98.70597061000007,19.058921514000076],[98.70258691200007,19.06231421100006],[98.69338823300006,19.067459589000066],[98.69055987000007,19.06684483300006],[98.68744176700005,19.070752827000028],[98.67732057300003,19.073830749000027],[98.67014431200005,19.073560483000055],[98.66558043300006,19.07512027200005],[98.66115251900004,19.07229474500002],[98.65011167700004,19.072561070000063],[98.64504682000006,19.069523830000033],[98.64031283600008,19.069058265000024],[98.64058463000003,19.074978354000052],[98.64561965000007,19.07588055100007],[98.64857489500008,19.080689635000056],[98.64917334200004,19.08836134300003],[98.65169338700008,19.094310528000047],[98.64909312400006,19.099644483000077],[98.64349701900005,19.10542223500005],[98.64361410800007,19.110677745000036],[98.64108751500004,19.11357386100007],[98.64232993600007,19.115966685000046],[98.64057649900008,19.118516349000057],[98.64143917000007,19.128097723000057],[98.63950505900006,19.129901431000064],[98.63896935800005,19.135352212000047],[98.63481177700004,19.138129790000047],[98.63221103100005,19.142313451000064],[98.63342070200008,19.155804206000028],[98.62179637800006,19.15784795200005],[98.61922016900007,19.16103057100003],[98.62073582500007,19.16871548500006],[98.61626557300008,19.16855934100005],[98.60774351700007,19.17254037200007],[98.60694454100008,19.17432128500008],[98.60842726000004,19.178013957000076],[98.60515005600007,19.180758813000075],[98.58238856400004,19.188638698000034],[98.57680284000008,19.201752605000024],[98.56938997800006,19.205836024000064],[98.5682504250001,19.208951212000045],[98.56901460200004,19.216758974000076],[98.57331627400004,19.217514617000067],[98.57729535900006,19.214921097000055],[98.58207950800005,19.216744048000063],[98.58922990300005,19.22086089400005],[98.59845497300006,19.229509714000073],[98.59704454000007,19.237660520000077],[98.59213220400007,19.242403256000046],[98.59163104300006,19.24751046300003],[98.58730425300007,19.255263775000056],[98.58953859400003,19.25803194700006],[98.58892784600005,19.26159351800004],[98.59134164500006,19.267111658000033],[98.59685873700005,19.271000892000078],[98.59864423400006,19.27651529000007],[98.60392263800009,19.279933853000045],[98.59810698000007,19.282306991000038],[98.59745091800005,19.285337544000072],[98.59385156500008,19.289319521000035],[98.59962116900005,19.298430502000027],[98.59822947600009,19.303411479000037],[98.60196185200004,19.30895947900007],[98.60061391800008,19.312447163000055],[98.60147376400005,19.314588605000033],[98.59387827000006,19.321885223000034],[98.59320513400007,19.325823946000067],[98.59017160200005,19.327739819000044],[98.58874411600004,19.332537616000025],[98.59356670400007,19.340207453000065],[98.59006051200004,19.34698200800005],[98.58992100400008,19.352923639000036]]]}},{"type":"Feature","properties":{"AP_EN":"Mae Rim","AP_TN":"\u0e41\u0e21\u0e48\u0e23\u0e34\u0e21","PV_EN":"Chiang Mai","total_area_ha":46035.3822859716,"forest_2019_ha":31040.187000605245,"forest_2023_ha":34027.23322151404,"mean_agb_2019_Mg_ha":150.54309815974526,"mean_agb_2023_Mg_ha":153.93295868426824,"total_agb_2019_Mg":3379036.4341503223,"total_agb_2023_Mg":3817398.66573761,"mean_co2_2019_Mg_ha":257.21474853103564,"mean_co2_2023_Mg_ha":261.69705745217635,"total_co2_2019_Mg":5773349.99454283,"total_co2_2023_Mg":6489851.175170692,"delta_forest_ha":2987.0462209087964,"delta_forest_pct":9.62315794312242,"delta_agb_Mg_ha":3.3898605245229874,"delta_co2_Mg_ha":4.482308921140714},"geometry":{"type":"Polygon","coordinates":[[[98.7741588680001,19.07071219900007],[98.77571780000005,19.05850206200006],[98.77984472200006,19.057906031000076],[98.78207776100004,19.052153990000015],[98.78790351700009,19.049332005000053],[98.79241068000005,19.04916993200004],[98.79371484500007,19.047451988000034],[98.79289770300005,19.04514422200003],[98.79685951400006,19.043971474000045],[98.79958867700003,19.044857883000073],[98.81049974100006,19.03473822300003],[98.81339946200006,19.03547096300002],[98.82137394700004,19.03175082100006],[98.82657511800006,19.03397451700005],[98.83101898800004,19.03341152300004],[98.83473032900008,19.035721738000063],[98.83634180700005,19.03199288600007],[98.84213859300007,19.03424378400007],[98.84418505600007,19.031990629000063],[98.85888815300007,19.027230562000053],[98.86408026700008,19.02899227800003],[98.86677549400008,19.026777755000065],[98.87224857700005,19.02702111800005],[98.87428915200007,19.02562393900007],[98.88147293700007,19.028870947000026],[98.88737967500003,19.028682591000067],[98.89316426600004,19.033731301000042],[98.89565992200005,19.03864921400003],[98.9034246610001,19.040937705000033],[98.90790015800007,19.038915555000077],[98.91313394900004,19.04161809100003],[98.91949896400007,19.036697710000055],[98.92954368900007,19.040832026000036],[98.93346312500006,19.044258753000065],[98.95872807400008,19.041152653000044],[98.95831345100004,19.037704691000048],[98.95599803600004,19.034927330000073],[98.96094615400006,19.032727770000065],[98.95776192500006,19.02844095300003],[98.96083806900003,19.025070576000076],[98.95558239600008,19.017692380000028],[98.95886130400004,19.010252860000037],[98.96307697000003,19.00695725000003],[98.96390498500006,19.00058357500006],[98.96892923900003,18.99805844900004],[98.96437637400004,18.995518032000064],[98.96111387400003,18.98958411800004],[98.96050389600003,18.981436486000067],[98.96265475000007,18.977629791000027],[98.96590349200005,18.975888396000077],[98.96432144000005,18.971848233000056],[98.96506988500005,18.96874165500003],[98.97267535400005,18.965239680000025],[98.97666106900004,18.948957594000035],[98.97448612300008,18.945876562000027],[98.97469875400009,18.943184469000073],[98.97772613300003,18.939517785000078],[98.97730273700006,18.936239284000063],[98.98088931400008,18.933241408000075],[98.98080149700007,18.92515033100005],[98.98487366300009,18.92141584500007],[98.98695904300007,18.914419628000072],[98.99409704900006,18.90603517900007],[98.99420805100004,18.89689344600004],[98.99193584800008,18.89350757200003],[98.99984268200006,18.88523362900003],[99.00056397000009,18.880648064000066],[98.99902915000007,18.87701259800002],[99.00090451300008,18.867486725000045],[99.00511944100003,18.858003704000055],[99.00595511600005,18.848937587000023],[99.00282725600005,18.847751442000064],[98.99408834400003,18.849648190000043],[98.98485674200003,18.845530925000052],[98.98086269300006,18.84101614800005],[98.97550418000009,18.84201194400004],[98.95546496700007,18.83559474100002],[98.95019472000007,18.840123635000054],[98.94276533100003,18.840919092000032],[98.92364767400005,18.837660871000026],[98.89536323000004,18.84283034400005],[98.89226506700004,18.841597172000032],[98.88764023300007,18.832271898000045],[98.88560295700006,18.831561187000034],[98.87250950200007,18.833870901000065],[98.86808895200005,18.836951991000035],[98.86230731300009,18.84693349200006],[98.86254535700004,18.851502292000074],[98.86509423900009,18.856620696000046],[98.85523773200003,18.86043064400008],[98.84602207100005,18.859168124000064],[98.83668354600009,18.848898853000033],[98.83556692700006,18.84559454600003],[98.83269833400004,18.84418661000007],[98.82857682600007,18.848310889000057],[98.82045952500005,18.850754751000068],[98.81564253500005,18.850766991000054],[98.80221421400006,18.844131890000025],[98.79622869100007,18.849042009000073],[98.78955859400008,18.84811612600004],[98.79078018800004,18.851215209000035],[98.78862599000007,18.854242700000043],[98.79003154300005,18.858292093000042],[98.78927336200007,18.86345068700007],[98.78528886400005,18.873175308000043],[98.78285835100007,18.87528845700007],[98.78325890200006,18.88081213300006],[98.78510272400007,18.890486942000056],[98.78758045200004,18.893204507000064],[98.78908495700006,18.904241320000036],[98.79657938600008,18.913155247000073],[98.79988847700008,18.923679903000053],[98.79939045800008,18.936384154000056],[98.79545745000009,18.942580865000025],[98.78695729900005,18.94781542900006],[98.78655105100007,18.953108797000024],[98.78447676800006,18.953376398000046],[98.78637653400006,18.961256080000055],[98.78349029100008,18.96381830600007],[98.78160522000007,18.97095473500008],[98.76309406500008,18.987457359000075],[98.75918779700004,19.001155652000016],[98.75606143400006,19.002084693000025],[98.75492720700004,19.007365692000064],[98.75204808500007,19.009869797000018],[98.75137280600006,19.016305939000063],[98.74777369900006,19.02372094700008],[98.75033485500006,19.026944074000028],[98.75127627300009,19.03528479600004],[98.74912067800005,19.039940764000054],[98.75057765900004,19.04551667400005],[98.75747848600008,19.049247097000034],[98.75783134500006,19.05393806900003],[98.76126636000004,19.061527339000065],[98.76664024000007,19.06203128100004],[98.76972436300008,19.06579479100003],[98.77033953600005,19.075047779000037],[98.7741588680001,19.07071219900007]]]}},{"type":"Feature","properties":{"AP_EN":"Samoeng","AP_TN":"\u0e2a\u0e30\u0e40\u0e21\u0e34\u0e07","PV_EN":"Chiang Mai","total_area_ha":105968.50968037343,"forest_2019_ha":89528.02363655483,"forest_2023_ha":93909.79607905589,"mean_agb_2019_Mg_ha":181.79999063373967,"mean_agb_2023_Mg_ha":186.2096362890296,"total_agb_2019_Mg":12642900.988664052,"total_agb_2023_Mg":14374256.635172028,"mean_co2_2019_Mg_ha":309.83907991352714,"mean_co2_2023_Mg_ha":315.30148551593845,"total_co2_2019_Mg":21547111.00642042,"total_co2_2023_Mg":24339362.94690643,"delta_forest_ha":4381.772442501053,"delta_forest_pct":4.894302660236486,"delta_agb_Mg_ha":4.409645655289921,"delta_co2_Mg_ha":5.462405602411309},"geometry":{"type":"Polygon","coordinates":[[[98.76681646200007,19.075350636000053],[98.77033953600005,19.075047779000037],[98.76987523300005,19.06602543800005],[98.76664024000007,19.06203128100004],[98.76126636000004,19.061527339000065],[98.75783134500006,19.05393806900003],[98.75747848600008,19.049247097000034],[98.75057765900004,19.04551667400005],[98.74912067800005,19.039940764000054],[98.75127627300009,19.03528479600004],[98.75033485500006,19.026944074000028],[98.74777369900006,19.02372094700008],[98.75137280600006,19.016305939000063],[98.75204808500007,19.009869797000018],[98.75492720700004,19.007365692000064],[98.75606143400006,19.002084693000025],[98.75918779700004,19.001155652000016],[98.76309406500008,18.987457359000075],[98.78160522000007,18.97095473500008],[98.78349029100008,18.96381830600007],[98.78637653400006,18.961256080000055],[98.78447676800006,18.953376398000046],[98.78655105100007,18.953108797000024],[98.78695729900005,18.94781542900006],[98.79545745000009,18.942580865000025],[98.79944509000006,18.936118730000032],[98.79995804000004,18.924079898000056],[98.79708451100004,18.914103633000025],[98.78908495700006,18.904241320000036],[98.78758045200004,18.893204507000064],[98.78520922300004,18.89073786300003],[98.78403625200009,18.886141931000058],[98.78281753600005,18.875418327000034],[98.78528886400005,18.873175308000043],[98.78924086100005,18.86358169800008],[98.79003154300005,18.858292093000042],[98.78862599000007,18.854242700000043],[98.79076026300004,18.850537352000064],[98.78346248700007,18.842862694000075],[98.78037434600009,18.82885159900007],[98.78074256400004,18.82097669900003],[98.78540610600004,18.81616834800008],[98.78139792200005,18.81188766900004],[98.78059778600004,18.80453896600006],[98.77734467800008,18.802560345000078],[98.77679542200008,18.79965176300004],[98.77780133300007,18.793786269000073],[98.78179302800004,18.787675735000047],[98.78270304900008,18.783321676000067],[98.79145208900007,18.77928155100005],[98.79407697900007,18.77067701200008],[98.79956323000005,18.764681818000046],[98.79626419400006,18.761643781000036],[98.79518196300006,18.75675874700005],[98.79662918500009,18.735639866000046],[98.78988365000004,18.739630564000045],[98.78663415300008,18.73945065000004],[98.78622214800004,18.742698178000065],[98.78189826600004,18.746186339000076],[98.77545863000006,18.740225007000046],[98.77367535400003,18.733402630000054],[98.77013376300005,18.729232969000066],[98.75487799200005,18.726798245000055],[98.74010381600004,18.72995740800008],[98.73815158500008,18.732590364000032],[98.73447681400006,18.72847746900004],[98.73073930100009,18.727221515000053],[98.72183172600006,18.727843410000048],[98.71788752000003,18.72616663200006],[98.71202698300004,18.728351659000054],[98.70380689100006,18.725983345000035],[98.69985823400005,18.73048243800002],[98.70025617200008,18.73444844000005],[98.69719083900009,18.737009131000036],[98.69254600200009,18.745749073000066],[98.68102743800006,18.748969861000038],[98.67450820300009,18.74768656000004],[98.66983990700004,18.750358099000035],[98.66140233400006,18.743539797000036],[98.66134190500009,18.740095144000065],[98.64798498400006,18.736803331000036],[98.63415061400008,18.72860888100007],[98.6222522610001,18.729904782000066],[98.61612489800007,18.72876598700003],[98.61283934800008,18.73133047900006],[98.60156599000004,18.728140217000032],[98.59790609000004,18.733357368000036],[98.59701385400007,18.738339788000076],[98.59328674600005,18.74200558400003],[98.59310697800004,18.74502493900008],[98.59012921100003,18.74876798600007],[98.58779648400008,18.748704116000056],[98.58557825800006,18.75966653400008],[98.58246534900007,18.75827118600006],[98.57777482300008,18.759302257000055],[98.57524707200008,18.762002207000027],[98.57211831000006,18.77102602800005],[98.56383153600008,18.773142038000064],[98.56417134500003,18.778558681000053],[98.56173794200004,18.78906836000004],[98.56369452800004,18.796186739000063],[98.55997713700003,18.799906063000037],[98.55914533000004,18.803199467000073],[98.55117494000008,18.808817721000025],[98.54603395200009,18.815549642000068],[98.54565514200004,18.821209681000024],[98.54053265300007,18.82669654000006],[98.53975153700009,18.83242334700003],[98.53312975900008,18.834666288000044],[98.53057623700005,18.837540618000048],[98.52870224700007,18.84900575100005],[98.52416479500006,18.856503332000045],[98.51667869500005,18.85995674600002],[98.51680759000004,18.86259944400007],[98.52408072100008,18.867589983000077],[98.52591673500007,18.87469030300002],[98.52299278800007,18.87788213200002],[98.51208766600007,18.882912626000067],[98.50690614000007,18.881290277000062],[98.50428291700007,18.883357422000074],[98.50332644400004,18.887356244000046],[98.49608300500006,18.88804394400006],[98.49805144000004,18.897174918000076],[98.50580622000007,18.908919638000036],[98.49152120200006,18.916908654000054],[98.48295896800005,18.915143036000075],[98.48095877300005,18.91882249400004],[98.47780784400004,18.91956603000006],[98.47677890000006,18.922355716000023],[98.47975588400004,18.928645132000042],[98.47881755200007,18.93149156400006],[98.47469539400004,18.933059240000034],[98.47063947900006,18.932323588000028],[98.45957953600004,18.936945997000066],[98.45984061400009,18.943622039000047],[98.46621398200006,18.94750625800003],[98.47150603000006,18.953846499000065],[98.47361876300005,18.961240620000073],[98.46796178600005,18.961773491000027],[98.46447821400005,18.959049970000024],[98.45518283000007,18.961381648000042],[98.44896163100003,18.960705784000027],[98.43519917900005,18.950951410000073],[98.43060897300006,18.95155417400002],[98.42764793700007,18.961042225000025],[98.41744836600009,18.96330029100005],[98.40960236500007,18.970732410000036],[98.41116170100008,18.971919007000054],[98.41190310300004,18.979148984000062],[98.40921959400004,18.983909900000068],[98.40170693100004,18.98699235800007],[98.39934524300008,18.99983125800003],[98.40100490300006,19.00041502700003],[98.40246359900006,19.005315708000072],[98.40462611900006,19.00561413400004],[98.40838805300008,19.00290371200003],[98.41467196700006,19.007600518000057],[98.41349667200006,19.011019680000064],[98.41975681300005,19.013111235000054],[98.42064984400008,19.020002735000052],[98.41939701100006,19.025064219000054],[98.42345592100008,19.030585170000055],[98.42562781100008,19.037421883000043],[98.42954652300006,19.04292193500003],[98.43823090900008,19.047993640000065],[98.44295332100006,19.046207262000056],[98.45621486700009,19.046660254000074],[98.46892901300004,19.041649899000053],[98.47875272900006,19.043169054000035],[98.48146958400008,19.040847320000076],[98.48596672800007,19.04093219100002],[98.50883124200004,19.033463997000066],[98.51328601000007,19.033459971000074],[98.52853383100006,19.02465412400005],[98.54137734200003,19.02545914400002],[98.54630083300003,19.026754615000073],[98.54929012200007,19.030440174000038],[98.55313963500004,19.031653765000048],[98.55535331300008,19.037856541000046],[98.56386489900007,19.037729976000033],[98.56697055000006,19.045326491000026],[98.58010326300007,19.048300777000065],[98.58608115100009,19.046974471000052],[98.59095073300006,19.043164729000065],[98.59492235600004,19.043629877000058],[98.60276081600007,19.053057187000036],[98.63256445400003,19.06233039500006],[98.63798202000004,19.067695822000076],[98.64997272500005,19.072531435000034],[98.66031880900005,19.072112461000078],[98.66558043300006,19.07512027200005],[98.67014431200005,19.073560483000055],[98.67745876200007,19.073797100000032],[98.68744176700005,19.070752827000028],[98.69055987000007,19.06684483300006],[98.69338823300006,19.067459589000066],[98.70258691200007,19.06231421100006],[98.70597061000007,19.058921514000076],[98.71098757700008,19.057325273000057],[98.71156046200008,19.054262437000034],[98.71353963400009,19.053443101000028],[98.71882544100004,19.05714081400004],[98.72070143600007,19.05585806900007],[98.72553712400008,19.05653410400003],[98.72741587100006,19.063348953000062],[98.72497971300004,19.063334041000076],[98.72438188700005,19.06472267400005],[98.72668798700005,19.06961994200003],[98.73000565400008,19.07103016900004],[98.73547870400006,19.071123956000065],[98.73823308700008,19.07398827400005],[98.73986449600007,19.072621392000027],[98.75253210500006,19.07118829500007],[98.75669435700007,19.07331540200005],[98.75983707700004,19.07247450900007],[98.76681646200007,19.075350636000053]]]}},{"type":"Feature","properties":{"AP_EN":"Fang","AP_TN":"\u0e1d\u0e32\u0e07","PV_EN":"Chiang Mai","total_area_ha":84202.49701264432,"forest_2019_ha":41109.79392126732,"forest_2023_ha":44455.61760296207,"mean_agb_2019_Mg_ha":187.8198498883469,"mean_agb_2023_Mg_ha":190.4041477866537,"total_agb_2019_Mg":5741111.588676259,"total_agb_2023_Mg":6430420.792785403,"mean_co2_2019_Mg_ha":321.4350708474793,"mean_co2_2023_Mg_ha":325.5135700655815,"total_co2_2019_Mg":9825344.417627005,"total_co2_2023_Mg":10993402.349627722,"delta_forest_ha":3345.8236816947465,"delta_forest_pct":8.138750800119803,"delta_agb_Mg_ha":2.584297898306801,"delta_co2_Mg_ha":4.078499218102195},"geometry":{"type":"Polygon","coordinates":[[[99.13171832300009,20.10580007400005],[99.13774519900005,20.094745991000025],[99.13588385600008,20.089594318000024],[99.13592587500005,20.08251411200007],[99.14234645100004,20.074836978000057],[99.14155565200008,20.06289798800003],[99.14329928000006,20.049149616000026],[99.14596992700007,20.04393103500007],[99.14577817100007,20.036254566000025],[99.15044581000006,20.023296621000043],[99.16509480100007,20.008517666000046],[99.17300220100003,20.004305811000048],[99.18081489500008,20.006213784000067],[99.18358516200004,20.00048169000007],[99.19262197100005,19.996428190000074],[99.20620523800005,19.987096103000056],[99.21364172400007,19.985935124000044],[99.22100169000004,19.971103698000032],[99.22708609300008,19.965789224000048],[99.24579878000009,19.961365692000076],[99.24668586200005,19.956394286000034],[99.24552978300005,19.954288081000076],[99.24905699700008,19.949785157000065],[99.25088985800005,19.931865064000082],[99.24854572700008,19.922298478000073],[99.24344365600008,19.922111247000036],[99.24601759100005,19.90206197800006],[99.25236061400005,19.899357888000054],[99.25883938700008,19.900222888000027],[99.27316703900004,19.887405457000057],[99.27850548100008,19.88681205900002],[99.28645143200004,19.890660397000033],[99.28903425700008,19.889621517000023],[99.29218102900006,19.88291564600007],[99.30360813100003,19.873078123000028],[99.31258297100004,19.854548584000042],[99.31895778000006,19.848957103000036],[99.31852808400004,19.844209057000054],[99.32593825900005,19.839989063000075],[99.32945459800004,19.831659752000064],[99.34050992800007,19.81790764600004],[99.34171867200007,19.809356553000047],[99.34598716800008,19.805701999000068],[99.35149849800007,19.791731679000065],[99.3626092410001,19.776557061000066],[99.36607014900005,19.76706363800002],[99.36458440700007,19.759100728000078],[99.36529495600007,19.752561147000055],[99.35982113400007,19.749154053000037],[99.36154206700007,19.737725780000062],[99.36104544900007,19.72828554600005],[99.35681702600004,19.725006860000068],[99.34959742700005,19.724643795000077],[99.34691596700009,19.72057338100006],[99.34634045600006,19.713116821000025],[99.34494528200008,19.711639722000026],[99.34089728400005,19.71265281300003],[99.32168418600008,19.73591758300006],[99.31409754100008,19.74238110300007],[99.29828563500007,19.753568657000077],[99.29165173400008,19.756089574000047],[99.28135086400005,19.75441164400008],[99.25893438300005,19.758037623000057],[99.25212626800004,19.760692887000065],[99.24093927400008,19.75921494800002],[99.23161761300008,19.76823476900006],[99.22550722200003,19.768111539000074],[99.21206723000006,19.766246037000037],[99.20869522100008,19.76006424300005],[99.20120376800008,19.751856010000036],[99.19263406100004,19.750683856000016],[99.18670491100005,19.743975701000068],[99.18254971700009,19.74257474100006],[99.17718095600009,19.74412092800003],[99.17443546700008,19.742765823000067],[99.16959196000005,19.743839091000044],[99.16579497600009,19.749804762000057],[99.16975758800004,19.760003736000044],[99.16309869300005,19.76810700400006],[99.15929252000006,19.760528458000067],[99.15006075700006,19.762253451000046],[99.13314704200008,19.762266831000037],[99.12004175400006,19.765579097000057],[99.09199315700005,19.76656266300006],[99.08070533700004,19.763698882000025],[99.06713069700004,19.766074425000056],[99.04857905700004,19.762845197000047],[99.04125370600008,19.777791869000055],[99.03990842100006,19.789241957000062],[99.03423274900007,19.80085104700003],[99.03028828100008,19.80071394600003],[99.01688918100007,19.795621157000028],[99.02510793700009,19.825053366000077],[99.03108881400004,19.83300035900004],[99.02899526600004,19.839215819000064],[99.03385552700007,19.849783573000025],[99.03220178700008,19.854372342000033],[99.02453049900004,19.863875808000042],[99.02743570200005,19.89179918500003],[99.02259779300006,19.903854968000076],[99.02695733400009,19.91408175600003],[99.02406040800008,19.91741674700006],[99.02265599100008,19.926767743000024],[99.02438432800005,19.928796271000063],[99.03069562500009,19.92674394500005],[99.03437453200007,19.929949068000035],[99.04350926800004,19.931880936000027],[99.04073979100008,19.94070599700007],[99.04381756900005,19.94535015900004],[99.04331667400004,19.950546417000062],[99.03759230000009,19.96627391800007],[99.03060722900005,19.971636303000025],[99.03537744200008,19.97898001800008],[99.03596966800006,19.987745518000054],[99.03788936800005,19.992028520000073],[99.05452807500006,20.00294504100003],[99.04636257200008,20.008667594000034],[99.04650712300008,20.012571407000053],[99.04361962000007,20.01717633400005],[99.04347466700005,20.020266915000033],[99.04562930800006,20.02382682500007],[99.04464872100004,20.03876243300005],[99.04831952000008,20.046076644000046],[99.05361796800008,20.05017775800007],[99.05686891000005,20.06314206600007],[99.06691765200009,20.067620718000057],[99.06980967800007,20.082150489000067],[99.06744376900008,20.087433309000062],[99.06928626000007,20.092242330000033],[99.07609898800007,20.10051253300002],[99.08110614600008,20.101739279000068],[99.08290865900005,20.098776698000055],[99.09059481400004,20.097358693000047],[99.09380586700007,20.104859646000023],[99.09534725900005,20.10543942100003],[99.10012719900004,20.09769241500004],[99.10450563200004,20.09776217000007],[99.10848969400007,20.09813478500007],[99.11184613500006,20.100769115000052],[99.11879781800008,20.10076457300005],[99.12532297200005,20.104202998000062],[99.13077880500003,20.104070268000044],[99.13171832300009,20.10580007400005]]]}},{"type":"Feature","properties":{"AP_EN":"Mae Ai","AP_TN":"\u0e41\u0e21\u0e48\u0e2d\u0e32\u0e22","PV_EN":"Chiang Mai","total_area_ha":76080.07333184085,"forest_2019_ha":41899.47245020064,"forest_2023_ha":45591.86572979862,"mean_agb_2019_Mg_ha":187.6228584607566,"mean_agb_2023_Mg_ha":189.0279197995702,"total_agb_2019_Mg":5727899.590504741,"total_agb_2023_Mg":6616184.296786495,"mean_co2_2019_Mg_ha":318.726290148096,"mean_co2_2023_Mg_ha":319.75084414479267,"total_co2_2019_Mg":9730329.942064952,"total_co2_2023_Mg":11191631.95605946,"delta_forest_ha":3692.393279597978,"delta_forest_pct":8.812505417548035,"delta_agb_Mg_ha":1.4050613388136242,"delta_co2_Mg_ha":1.0245539966966817},"geometry":{"type":"Polygon","coordinates":[[[99.51273101700008,20.147086941000058],[99.52018156000008,20.13798138200008],[99.53968528600006,20.133025077000074],[99.54410816800004,20.12965676800007],[99.55724972700006,20.129570533000052],[99.56219339800003,20.124826623000047],[99.57052246300003,20.12246851900005],[99.57301877400005,20.11884819000005],[99.57150478600005,20.110266414000023],[99.55946402600006,20.099653510000056],[99.5527931810001,20.104043570000048],[99.54346354000006,20.101946764000044],[99.52972062000003,20.094090818000037],[99.51893674700005,20.09234946900005],[99.50895874800005,20.08814047300007],[99.49231964900008,20.077454708000065],[99.49113862300004,20.070400588000044],[99.49683144600004,20.054641042000075],[99.49611031600006,20.049017913000057],[99.49249587300005,20.044087363000074],[99.48435864300006,20.039465114000055],[99.47989898100008,20.038404191000037],[99.47680154900007,20.03959407700006],[99.47247979400004,20.034472978000053],[99.46759464800006,20.033340585000072],[99.46922455300006,20.030408465000047],[99.46816578700003,20.022992347000073],[99.47195944400005,20.021312792000057],[99.47428089900006,20.016320729000032],[99.47876751000007,20.01406536000007],[99.47840086200006,20.012362980000038],[99.46724480600005,20.006957326000077],[99.46513394600004,20.00007483000007],[99.46069781000006,19.997023050000053],[99.45684850300007,19.98525620500004],[99.44860370400005,19.97559237300004],[99.43802886700007,19.97234079800006],[99.43391440900008,19.96368261000003],[99.42171551400008,19.962745102000042],[99.42176801200009,19.95642616400005],[99.41727258100008,19.947985336000045],[99.41764954300004,19.943472940000056],[99.41543053000004,19.93974603500004],[99.41468673000008,19.932563686000044],[99.41743597900006,19.923104973000015],[99.42061927900005,19.920513004000043],[99.42006072700008,19.91840427900007],[99.41275767100007,19.91552288800005],[99.40287108300004,19.91478648200006],[99.39624117600005,19.906989211000056],[99.39538806700006,19.903216054000044],[99.38344717300005,19.890373992000033],[99.38534888800007,19.87978569300003],[99.38806050600004,19.877308277000058],[99.38657057100005,19.869022627000042],[99.38934385000005,19.862783539000084],[99.40331799900008,19.849529548000074],[99.40788057300006,19.84758306200007],[99.41044426300004,19.844563447000038],[99.41417038000009,19.84492082000003],[99.41306235900004,19.839076655000046],[99.41072219900009,19.837051062000057],[99.40869916700007,19.831579469000076],[99.41472512500007,19.82822425100006],[99.42021524400008,19.822506997000062],[99.42013672900003,19.814428371000073],[99.40892234700004,19.81266061100007],[99.40590491200005,19.814714310000056],[99.39216223500006,19.813965596000063],[99.39094340200006,19.807771327000072],[99.38663191000006,19.80705325200006],[99.38270299400006,19.800354185000067],[99.37798266600004,19.79621635900003],[99.37971192700007,19.789920849000055],[99.37677801900008,19.782311317000048],[99.3626092410001,19.776557061000066],[99.35149849800007,19.791731679000065],[99.34577429000008,19.806052586000074],[99.34171867200007,19.809356553000047],[99.33997666600004,19.81887785500004],[99.32945459800004,19.831659752000064],[99.32593825900005,19.839989063000075],[99.31852808400004,19.844209057000054],[99.31895778000006,19.848957103000036],[99.31258297100004,19.854548584000042],[99.30360813100003,19.873078123000028],[99.29218102900006,19.88291564600007],[99.28913379400007,19.88952647000007],[99.28645143200004,19.890660397000033],[99.27850548100008,19.88681205900002],[99.27316703900004,19.887405457000057],[99.25883938700008,19.900222888000027],[99.25236061400005,19.899357888000054],[99.24601759100005,19.90206197800006],[99.24344365600008,19.922111247000036],[99.24854572700008,19.922298478000073],[99.25088985800005,19.931865064000082],[99.24905699700008,19.949785157000065],[99.24552978300005,19.954288081000076],[99.24668586200005,19.956394286000034],[99.24589120200005,19.961259383000023],[99.22708609300008,19.965789224000048],[99.22100169000004,19.971103698000032],[99.21364172400007,19.985935124000044],[99.20620523800005,19.987096103000056],[99.19262197100005,19.996428190000074],[99.18358516200004,20.00048169000007],[99.18081489500008,20.006213784000067],[99.17300220100003,20.004305811000048],[99.16509480100007,20.008517666000046],[99.15028318400005,20.023520416000054],[99.14577817100007,20.036254566000025],[99.14596992700007,20.04393103500007],[99.14329928000006,20.049149616000026],[99.14155565200008,20.06289798800003],[99.14234645100004,20.074836978000057],[99.13541974000003,20.08448447900002],[99.13772020400006,20.09487704100007],[99.13156690300008,20.106331086000065],[99.12835656400006,20.109281634000066],[99.12609686600007,20.117563022000066],[99.12950137100006,20.119614115000044],[99.14471149900004,20.122649869000043],[99.15017486100004,20.128500987000052],[99.15987191200009,20.132972326000072],[99.16492451100004,20.130030795000042],[99.17118597300004,20.132277183000042],[99.17309698100007,20.129424288000052],[99.18123664900008,20.126874581000045],[99.19099283000008,20.12671517900003],[99.20000895800007,20.130981719000033],[99.21260759000006,20.130625845000058],[99.22114727200005,20.124226517000064],[99.22196464900009,20.119971544000062],[99.22606393700005,20.119650058000044],[99.23148706000006,20.12523889000004],[99.23568825600006,20.122816055000047],[99.24255357700008,20.113697931000047],[99.24932725200006,20.111768226000038],[99.25301338200006,20.114031144000023],[99.25829804700004,20.113128870000022],[99.26275211600006,20.105393808000024],[99.26871200900007,20.103076001000037],[99.27728368100009,20.095946480000062],[99.28222561100006,20.094366293000068],[99.29446075400006,20.082108598000044],[99.30613073400008,20.07868424700007],[99.31574645300003,20.070267873000034],[99.3225657660001,20.069512303000064],[99.33211652200004,20.073795992000043],[99.33896236300006,20.072002799000078],[99.34201055400007,20.074054990000032],[99.34798755300007,20.074608100000034],[99.35426999500004,20.07992714500005],[99.36762247100006,20.08321398900006],[99.38129675500005,20.089320755000074],[99.38558752700004,20.087474778000058],[99.39619106700007,20.08757781600007],[99.39984913900008,20.08620280800005],[99.40444727600004,20.088010921000034],[99.41345515100005,20.087829662000047],[99.41530314100005,20.091751655000053],[99.42055902100009,20.092812288000058],[99.42767996400005,20.088943408000034],[99.43463146800008,20.090959627000075],[99.43893422400004,20.090198961000056],[99.44140235800006,20.092248590000054],[99.44329782900007,20.09811975900004],[99.45394720900003,20.09812206000004],[99.46194822500007,20.10406530900007],[99.46503667800005,20.104228888000023],[99.46957006300005,20.107361537000035],[99.48466201200006,20.10903311400006],[99.49225121100005,20.11486086900004],[99.49868626100005,20.115746425000054],[99.49919053600007,20.12241832100006],[99.49512957900004,20.13140735100006],[99.50859851500007,20.142976117000046],[99.51012209100008,20.14698156200006],[99.51273101700008,20.147086941000058]]]}},{"type":"Feature","properties":{"AP_EN":"Phrao","AP_TN":"\u0e1e\u0e23\u0e49\u0e32\u0e27","PV_EN":"Chiang Mai","total_area_ha":128479.24581628355,"forest_2019_ha":98159.00977929472,"forest_2023_ha":101028.93998639396,"mean_agb_2019_Mg_ha":180.41421990405527,"mean_agb_2023_Mg_ha":180.24142973093623,"total_agb_2019_Mg":13904511.832132967,"total_agb_2023_Mg":14591127.379183987,"mean_co2_2019_Mg_ha":306.7631189563508,"mean_co2_2023_Mg_ha":303.99873552667987,"total_co2_2019_Mg":23642212.200661663,"total_co2_2023_Mg":24609680.52153924,"delta_forest_ha":2869.9302070992417,"delta_forest_pct":2.9237562741842305,"delta_agb_Mg_ha":-0.17279017311904,"delta_co2_Mg_ha":-2.764383429670943},"geometry":{"type":"Polygon","coordinates":[[[99.15966404100004,19.58274527300005],[99.16517285100008,19.578691692000064],[99.16525230700006,19.572164569000055],[99.16752930700005,19.57082271900003],[99.17432495600008,19.572092773000065],[99.18144073500008,19.576317381000024],[99.19603646800005,19.581435180000028],[99.20133668200003,19.57885377200006],[99.20845231000004,19.57848194800005],[99.20948602500005,19.57648807300006],[99.20820241800006,19.57205912600006],[99.20975730800006,19.571074542000073],[99.22471154500006,19.572084508000042],[99.22881207800003,19.574776924000044],[99.23074805600004,19.578477401000043],[99.23631478400007,19.581147427000072],[99.24549338400004,19.58011398100006],[99.25596723000007,19.57106235800006],[99.26463931900008,19.567532172000035],[99.27257850900008,19.57061329100003],[99.29317137700008,19.571172938000075],[99.29540967000008,19.569951546000027],[99.29845901700008,19.56198714800007],[99.30693313300009,19.55503700400004],[99.31684143800004,19.554312742000032],[99.31718191600004,19.549264952000044],[99.32009079000005,19.543611662000046],[99.32589527100004,19.539353869000028],[99.32287891500005,19.53515705000007],[99.31742608600007,19.534884301000034],[99.31794182300007,19.532965277000073],[99.31345287500005,19.52769546500002],[99.31146487800004,19.528279533000042],[99.30877904400006,19.52654902100005],[99.30903049800008,19.52094108100005],[99.30005405300005,19.514551155000053],[99.29857483000006,19.50569949900006],[99.29490120200006,19.498629462000057],[99.29476492600008,19.493760936000054],[99.29939662300006,19.48648522900004],[99.30795356200008,19.48825119500003],[99.3067699090001,19.48243103700003],[99.30789075400008,19.478337575000065],[99.30615819400003,19.477000756000052],[99.30600409900006,19.473273199000058],[99.31068819300003,19.47124542900008],[99.31735835500007,19.45461231400002],[99.30914077200003,19.42928855500003],[99.31289283700005,19.424670907000063],[99.31447207900004,19.418061999000024],[99.31801801900008,19.414800180000043],[99.32036905200005,19.40636887100004],[99.32315905000007,19.405729069000078],[99.32502896500006,19.401909780000036],[99.32978461200008,19.398412858000025],[99.32377101000009,19.396107884000063],[99.33180762100005,19.377431568000077],[99.33008987100004,19.36468091400008],[99.33297234700007,19.362179131000065],[99.31949342700005,19.35662956100003],[99.31641804100008,19.35049863800003],[99.31947372400003,19.341614204000052],[99.32311223200008,19.338496714000033],[99.32446873600009,19.331180901000042],[99.32902739500008,19.32599212000002],[99.32732057300008,19.321309366000037],[99.33306291500008,19.302942002000073],[99.3382785300001,19.29807035300007],[99.33641121400007,19.291097013000066],[99.33945592900007,19.286586288000027],[99.33720482700005,19.28415716300003],[99.34270833600004,19.26818478100006],[99.34216483900008,19.266240517000032],[99.33584407600006,19.261790057000045],[99.33721247100004,19.254740683000023],[99.33189441100006,19.249124665000064],[99.32952428900006,19.249318732000063],[99.32801535500005,19.24594825400004],[99.32211339800006,19.243419241000023],[99.32245746200005,19.23719415600005],[99.31823065500004,19.228900730000074],[99.31091281800008,19.224665731000073],[99.30986294100006,19.217805876000057],[99.31123316500003,19.216371128000045],[99.31108279300008,19.21260957000004],[99.31487974400005,19.209159841000027],[99.30969320400004,19.205589867000075],[99.30728689300008,19.194938814000068],[99.30375649800004,19.193552933000035],[99.30663303000006,19.18857305000006],[99.30501923900005,19.182577151000032],[99.30616601500009,19.17648627500006],[99.31017187700007,19.17292332200003],[99.31646383800008,19.170357252000034],[99.31957700100008,19.16488421500003],[99.31830521200004,19.157265605000077],[99.32344290200007,19.142559489000067],[99.32410711200004,19.135427767000067],[99.32046197300008,19.13157967700005],[99.32086929500008,19.123698295000057],[99.32369575400008,19.123171430000067],[99.32503261600006,19.11971676000007],[99.32959330800009,19.117849189000026],[99.33103510000007,19.111366733000064],[99.33602830500008,19.10696321500006],[99.34089637900007,19.09758466100004],[99.33176966100007,19.081306715000036],[99.32119614600003,19.07905476500003],[99.31824490600007,19.076072982000028],[99.31731136400003,19.07095935300004],[99.31311471400005,19.070573393000075],[99.30406601200008,19.066108173000032],[99.30483906300003,19.057107762000037],[99.30210556100008,19.055571355000037],[99.30174515500005,19.052047299000037],[99.29648722400003,19.04747603500004],[99.29282007900008,19.047556447000034],[99.29022186400005,19.04134270100008],[99.28288301400005,19.03409917000005],[99.27461324600006,19.031375517000075],[99.27024660200004,19.033912482000062],[99.26594662300005,19.03214509300005],[99.26381467200008,19.028557963000026],[99.25269234600006,19.02899375600003],[99.25107737400003,19.025769531000034],[99.25280771400008,19.022807354000065],[99.25297749400005,19.00940659100007],[99.25126548100008,19.003125512000054],[99.25221418700005,18.99981418800007],[99.2499032140001,18.997944273000034],[99.24229033300008,18.997409880000077],[99.22839640300003,19.000534242000068],[99.21909859400006,18.99985184600007],[99.20984642600007,18.996676796000028],[99.19988571200008,19.002790505000064],[99.18992194900005,19.004244769000024],[99.18124611700006,19.00986812000008],[99.17625952300006,19.010749593000064],[99.17245858900009,19.008523133000033],[99.15849629200005,19.00738558200004],[99.15289493700004,19.01176452900006],[99.15231647000007,19.025411876000078],[99.14560346300004,19.02951586400008],[99.14305192100005,19.03851031800008],[99.13514265500004,19.03988547800003],[99.13404859400003,19.04435765000005],[99.13558463600003,19.046923219000064],[99.12928851700008,19.04831953200005],[99.1270432730001,19.050354559000027],[99.12435283100007,19.054872950000057],[99.12529066800005,19.057877329000068],[99.12302226800006,19.065402681000023],[99.11373056400004,19.07142770100007],[99.11591861900007,19.07920546700006],[99.12399258700003,19.079681467000054],[99.12728945500004,19.08261418400002],[99.12906895700007,19.087366726000027],[99.13431690000004,19.08840004100006],[99.13610188900009,19.098453054000064],[99.12957766400007,19.10585276500007],[99.12933534700005,19.109061277000027],[99.12409854600008,19.109060362000033],[99.12192152000006,19.11051008900006],[99.11387987400008,19.126868730000073],[99.10851715600008,19.130568336000074],[99.11500217500009,19.133752396000027],[99.12180509700005,19.140982579000024],[99.12765126100004,19.140678114000018],[99.13413725800007,19.146708318000037],[99.13462652500004,19.149419222000063],[99.12868108900005,19.15774931100003],[99.12845543700007,19.16225015900005],[99.13447897800006,19.167939488000055],[99.13980555700005,19.169993806000036],[99.13839477000005,19.175449014000044],[99.14035555400005,19.181050781000064],[99.14652126600004,19.183922148000022],[99.15363520100006,19.190100237000024],[99.15483747400003,19.20079057400005],[99.15173276500009,19.20466573000004],[99.14641008700005,19.204753654000058],[99.14207339900008,19.20994683800006],[99.13715912500004,19.210881442000076],[99.13594649100008,19.21487013100005],[99.13034028100009,19.21738662200005],[99.12720571000006,19.224171446000067],[99.1228281450001,19.22586670000004],[99.12286299700008,19.233553039000068],[99.11876949800006,19.236226308000028],[99.11060699400008,19.24988023500003],[99.10352643000004,19.25581746000006],[99.09924797900004,19.25599832100005],[99.09690881000006,19.257933587000025],[99.09209686100007,19.256081138000074],[99.08497815800007,19.25964533600006],[99.08073318900007,19.25618139900007],[99.07652417800007,19.262541050000035],[99.07795877100006,19.26635876200003],[99.09206296100007,19.281114841000033],[99.09265672600009,19.290323667000052],[99.08705280200007,19.296512529000044],[99.08657919200006,19.303711045000053],[99.08334288000003,19.311963692000067],[99.08680494100008,19.31889149400007],[99.08563889800007,19.328209583000042],[99.09220075800005,19.34019445000007],[99.09570367400005,19.342551395000044],[99.09625484100007,19.348384717000044],[99.10017957000008,19.35116836500003],[99.10504016200008,19.361301006000076],[99.10602327600009,19.372305647000083],[99.10182768700008,19.37805578000007],[99.10176859100007,19.382090976000036],[99.09809651200004,19.383563817000038],[99.10055578600009,19.386305299000078],[99.10200383600005,19.39521979700004],[99.11325140900004,19.408310440000037],[99.11829633500008,19.408892390000066],[99.12606309900008,19.413862192000067],[99.13301037900004,19.412384162000023],[99.12965714500007,19.42193220800004],[99.12514675700004,19.423769938000074],[99.12501729500008,19.427696720000025],[99.12333460600007,19.429805813000034],[99.12329701000004,19.441915764000047],[99.12653650700008,19.455930300000034],[99.13246237800007,19.46191775400007],[99.13657583200006,19.47166812600005],[99.14125461000003,19.47413621900006],[99.14342168500008,19.47744665500005],[99.14856230900007,19.477980227000046],[99.15414398500008,19.473179065000068],[99.15640818900005,19.477221276000023],[99.15470649400004,19.48764263200007],[99.15816972400006,19.49370133700006],[99.15524447800004,19.512806211000058],[99.15152198700008,19.51266477200006],[99.14759573200007,19.515094499000035],[99.14575737800004,19.51899101000003],[99.14589848600008,19.517251241000054],[99.13686457000006,19.523634026000025],[99.13144243000005,19.52331271000003],[99.13047646100006,19.525882225000032],[99.12790621500005,19.52625232600008],[99.12676973100008,19.52263148100008],[99.12580895600007,19.52353586900006],[99.12136266300007,19.521284133000044],[99.11694498500003,19.52924427200003],[99.11681823400005,19.537725731000027],[99.11395462800004,19.545278103000047],[99.11642425400004,19.54869257000007],[99.12569318100009,19.55367938000006],[99.12875216700009,19.561225492000062],[99.13601282200005,19.56467686900004],[99.13658095100004,19.567828137000053],[99.13470213000005,19.57066494600002],[99.15966404100004,19.58274527300005]]]}},{"type":"Feature","properties":{"AP_EN":"San Pa Tong","AP_TN":"\u0e2a\u0e31\u0e19\u0e1b\u0e48\u0e32\u0e15\u0e2d\u0e07","PV_EN":"Chiang Mai","total_area_ha":17774.14622610169,"forest_2019_ha":4454.697422310034,"forest_2023_ha":6700.129752866433,"mean_agb_2019_Mg_ha":56.658621094290105,"mean_agb_2023_Mg_ha":75.17034583923964,"total_agb_2019_Mg":168596.2210513831,"total_agb_2023_Mg":327265.3423237179,"mean_co2_2019_Mg_ha":96.68239084081412,"mean_co2_2023_Mg_ha":127.59770368235024,"total_co2_2019_Mg":287692.9523649964,"total_co2_2023_Mg":555515.6905504175,"delta_forest_ha":2245.4323305563985,"delta_forest_pct":50.4059449539898,"delta_agb_Mg_ha":18.51172474494954,"delta_co2_Mg_ha":30.91531284153612},"geometry":{"type":"Polygon","coordinates":[[[98.82446468600006,18.716652209000078],[98.83499392500005,18.713876956000032],[98.83386135300003,18.705062817000055],[98.83664210300005,18.70137212200007],[98.85135171200005,18.69130136600006],[98.86358132500004,18.686984850000044],[98.87385246900004,18.68003955800003],[98.88049095900004,18.681819868000044],[98.88389224600009,18.680465173000073],[98.88563114000004,18.66558177000007],[98.88920159600009,18.664628139000058],[98.89328148200008,18.66636919000007],[98.89429808300008,18.655041733000076],[98.90590414000008,18.650221593000026],[98.91884195000006,18.641692323000026],[98.92014062300007,18.633324774000073],[98.92616610900006,18.625214447000076],[98.92476371700009,18.616265075000054],[98.92788200100006,18.609099101000023],[98.93249005500007,18.60401688800004],[98.93333981900008,18.59663533200006],[98.94407465900008,18.592039563000068],[98.94808349100003,18.592759238000042],[98.95464666000004,18.59734324700002],[98.96172507100005,18.596318994000058],[98.95713455200007,18.592432753000026],[98.95627573700006,18.588312312000028],[98.95341758500007,18.585754974000054],[98.95338116800008,18.57916505400004],[98.94804166200004,18.576357324000075],[98.94843245200008,18.57194909100002],[98.94342263700008,18.563580614000042],[98.93867077500005,18.563980196000045],[98.93590372700004,18.556364655000042],[98.93276326200004,18.554675691000057],[98.93374666600005,18.550220238000065],[98.93216756900006,18.545351510000042],[98.93515651800004,18.54317323800007],[98.93429550000008,18.542181004000042],[98.92932489100008,18.540896923000048],[98.92232431900004,18.53616157500005],[98.91496324600007,18.536708603000026],[98.90455438100008,18.52809479500007],[98.89340703800008,18.523191289000067],[98.87889026700003,18.51139679100004],[98.87676897200004,18.51185410800002],[98.87304557600004,18.516868953000024],[98.86492770700005,18.514940462000027],[98.86171293300004,18.509902756000034],[98.86153588100007,18.503287822000058],[98.85726089200006,18.500191334000025],[98.85048628200008,18.50159831600007],[98.84645002600007,18.499627025000052],[98.84513918800008,18.503555298000034],[98.84753829000005,18.507624417000038],[98.85513321300004,18.507280156000032],[98.85774092900006,18.509320239000033],[98.85522362400008,18.513129042000056],[98.85758651900005,18.516320174000036],[98.85617162600005,18.51843064100007],[98.85748975000007,18.521628884000055],[98.85645893600008,18.52431808200004],[98.85913730600004,18.526102871000035],[98.85600572000004,18.536242431000062],[98.85938850300005,18.537909124000066],[98.85349233500006,18.54536109900004],[98.85798535000004,18.55213634200004],[98.85649421900007,18.55582502500005],[98.85291373600006,18.556065169000075],[98.84331695600008,18.566346199000066],[98.84242371000005,18.571235066000042],[98.84035544800008,18.57363858900004],[98.83416114600004,18.576692638000054],[98.83701225800007,18.58274838000005],[98.83359541900006,18.588330927000072],[98.83329626900007,18.59898315700008],[98.83489211500006,18.60526601500004],[98.83233336800004,18.605259236000048],[98.83199265200005,18.61256732800007],[98.83538830600008,18.618489120000046],[98.83327445700007,18.61955713800006],[98.83394366800007,18.621395842000027],[98.82984295200004,18.62620606500008],[98.83052580200007,18.62832045200003],[98.82831804000006,18.62893981500002],[98.82929411000003,18.63142503200003],[98.82316538900005,18.632732145000034],[98.82092787500005,18.634805385000046],[98.82062086100007,18.638266655000052],[98.81778463600007,18.64045113000003],[98.82360766900007,18.64454864500004],[98.8222980930001,18.65905341600006],[98.82786191200006,18.66881059700006],[98.82518313500005,18.670784054000023],[98.82304352000006,18.669435389000054],[98.82146093800009,18.672712422000075],[98.81809607300005,18.67294757000008],[98.81787164600007,18.67637161900007],[98.81482489000007,18.680234635000037],[98.80661467500006,18.68557005700006],[98.81257939000005,18.69160330500006],[98.81123239900006,18.69373265500008],[98.80817775700007,18.692343359000063],[98.80823350300005,18.69574169000003],[98.81734170300007,18.700502489000026],[98.81957012800007,18.70423167400003],[98.81797561700006,18.70720814000003],[98.82142488400007,18.706556205000027],[98.82295828100007,18.70784669800003],[98.82377544600007,18.71042893300006],[98.82152539800006,18.713022956000028],[98.82209428000004,18.71748711300006],[98.82326904700005,18.718843917000072],[98.82446468600006,18.716652209000078]]]}},{"type":"Feature","properties":{"AP_EN":"San Kamphaeng","AP_TN":"\u0e2a\u0e31\u0e19\u0e01\u0e33\u0e41\u0e1e\u0e07","PV_EN":"Chiang Mai","total_area_ha":24494.123066243767,"forest_2019_ha":15262.071389673269,"forest_2023_ha":13782.832762445862,"mean_agb_2019_Mg_ha":96.39791434171008,"mean_agb_2023_Mg_ha":97.7786507968738,"total_agb_2019_Mg":1009502.7871723276,"total_agb_2023_Mg":911489.6037384386,"mean_co2_2019_Mg_ha":163.5202651281843,"mean_co2_2023_Mg_ha":164.9603362057641,"total_co2_2019_Mg":1712424.6903084763,"total_co2_2023_Mg":1537755.2008055004,"delta_forest_ha":-1479.238627227407,"delta_forest_pct":-9.69225336102346,"delta_agb_Mg_ha":1.3807364551637278,"delta_co2_Mg_ha":1.4400710775798018},"geometry":{"type":"Polygon","coordinates":[[[99.21451645000008,18.802900887000074],[99.22336639700006,18.796969588000024],[99.22587571100007,18.793543484000054],[99.22832291500004,18.77688599600003],[99.22502511000005,18.766659125000047],[99.21953238800008,18.761807793000063],[99.21472228200008,18.76054468400002],[99.21445296700006,18.756474553000032],[99.22925388900006,18.74389320100005],[99.24731785600005,18.743513207000035],[99.25598296400005,18.74009653400003],[99.26022531800004,18.736293643000067],[99.26051114600006,18.729752072000053],[99.26771018400007,18.72021598000003],[99.26922726900006,18.71273268300007],[99.26633518500006,18.70644642900004],[99.26728507500007,18.699424876000023],[99.27153740400007,18.69448745300002],[99.26936084000005,18.688491668000037],[99.26981738500007,18.683341651000042],[99.26460504300007,18.679866077000042],[99.26246701900004,18.675907070000047],[99.26470824900008,18.66884076800005],[99.26163617100008,18.67017252200003],[99.25706164100006,18.668364470000025],[99.24991582000007,18.664214393000066],[99.24660708600004,18.656415610000067],[99.23720921000006,18.655441438000025],[99.23359699700006,18.651803656000027],[99.23105071100008,18.654080986000057],[99.22399763100003,18.65283889400007],[99.21794947000006,18.654433301000036],[99.21308924900006,18.66042541300004],[99.20662961300008,18.659972820000068],[99.20545405400009,18.66852291400005],[99.20041953000003,18.67039017800004],[99.18830897100008,18.679232821000028],[99.18863010800004,18.684227110000048],[99.18677157100007,18.686857889000066],[99.19085844800009,18.699335205000068],[99.18924819000006,18.707063159000025],[99.18052732600006,18.70848506900006],[99.17789668900008,18.705846241000074],[99.16593041200008,18.706842351000034],[99.15618662500003,18.71003660300005],[99.13563840600006,18.700607916000028],[99.12700138000008,18.689436237000056],[99.12622994900005,18.683451346000027],[99.12225080100006,18.683910399000073],[99.11580933600004,18.68109462900003],[99.11466018100003,18.68212566600005],[99.11353070400008,18.67934829700005],[99.10534693000005,18.67970103100004],[99.10229786100007,18.677857835000058],[99.09949424100006,18.66942687600005],[99.08071752900008,18.672149550000036],[99.0783430480001,18.670367806000062],[99.07652711900005,18.67236369800003],[99.07575724800006,18.68107100600003],[99.08003844500007,18.680617329000025],[99.08091034000006,18.68192181800003],[99.07928588800007,18.696924462000027],[99.07186891800006,18.719973179000082],[99.06639638700005,18.726769492000074],[99.07087172700007,18.732699016000023],[99.06459233600003,18.73779078700005],[99.06112894600005,18.74453539300004],[99.05802750400005,18.746735991000037],[99.05874846900008,18.749181661000023],[99.05643044800007,18.74945577200003],[99.05615904400008,18.753536486000034],[99.05253108100004,18.754667282000074],[99.05296213100009,18.75836028900005],[99.05056909200005,18.76005556400003],[99.05083272800005,18.767171735000034],[99.04857041400004,18.769257839000034],[99.04886290300004,18.771778214000054],[99.04702590800008,18.773527524000027],[99.04240949300004,18.788992504000074],[99.04285856200005,18.795269227000063],[99.04948211400006,18.798512196000047],[99.05793326700007,18.78939504000004],[99.05793923100003,18.782553340000046],[99.06060936900008,18.77891925100005],[99.06661481000003,18.780298878000057],[99.08189841900008,18.777379207000028],[99.08410987600007,18.782170578000034],[99.09228680000007,18.781874116000047],[99.09676685000005,18.771132549000072],[99.09958917100005,18.769352856000072],[99.10701400100004,18.774067675000023],[99.10823870700006,18.77933268300006],[99.11474870000006,18.78606090600005],[99.1157715940001,18.795382864000036],[99.12493015800004,18.802418603000042],[99.13937424500006,18.79368343300007],[99.15263826100005,18.78905696400005],[99.15783630200008,18.79763072100007],[99.16180262200004,18.79751661200004],[99.16251174700005,18.802833654000036],[99.16498431200006,18.806289599000028],[99.17550478800007,18.803077210000026],[99.18244686300005,18.803157543000054],[99.19224530600007,18.805194784000037],[99.19760563300008,18.809388397000077],[99.20900299000004,18.814158128000027],[99.21210906300007,18.810569990000033],[99.21451645000008,18.802900887000074]]]}},{"type":"Feature","properties":{"AP_EN":"San Sai","AP_TN":"\u0e2a\u0e31\u0e19\u0e17\u0e23\u0e32\u0e22","PV_EN":"Chiang Mai","total_area_ha":34366.06371593827,"forest_2019_ha":21879.192948906028,"forest_2023_ha":20283.46824931518,"mean_agb_2019_Mg_ha":102.87837639022528,"mean_agb_2023_Mg_ha":109.94103353373592,"total_agb_2019_Mg":1676965.3317865168,"total_agb_2023_Mg":1608033.1183234851,"mean_co2_2019_Mg_ha":174.273772584868,"mean_co2_2023_Mg_ha":186.9792322333977,"total_co2_2019_Mg":2840743.4587875875,"total_co2_2023_Mg":2734818.7311679567,"delta_forest_ha":-1595.7246995908463,"delta_forest_pct":-7.293343512794577,"delta_agb_Mg_ha":7.062657143510634,"delta_co2_Mg_ha":12.705459648529711},"geometry":{"type":"Polygon","coordinates":[[[98.98013329400004,19.098947362000047],[98.98123834200004,19.092130860000054],[98.98398597700003,19.08934301400006],[98.99718789600007,19.08694420100005],[99.01010928900007,19.07451946800006],[99.01564847900005,19.07329448200005],[99.02039054300008,19.068958213000027],[99.02392128000008,19.06808565700004],[99.02873206600003,19.061322556000047],[99.03648347000006,19.057342362000046],[99.04324414500007,19.059720062000057],[99.05196891400004,19.05632191600006],[99.05881149400005,19.05799182700002],[99.06940468900007,19.049711921000032],[99.08188876300005,19.036843962000034],[99.08161522300009,19.034365504000057],[99.07604082800003,19.03001850500004],[99.08317544100004,19.016892727000027],[99.07916526100007,19.014449794000026],[99.07873599900006,19.012163443000077],[99.08634790500008,19.002365449000028],[99.07769685600005,18.995168497000062],[99.07041476600006,18.996773344000083],[99.06503169600006,18.993347764000077],[99.06392807200007,18.987789956000025],[99.06875747400005,18.98241304500004],[99.07024927100008,18.97666901400004],[99.06170621300004,18.972675122000062],[99.06066572800006,18.97028272700004],[99.06759703700004,18.96418663700007],[99.07806133600008,18.963678671000025],[99.08210356200004,18.959513917000034],[99.08327005800005,18.953351917000074],[99.08762965400008,18.950038704000068],[99.09821295000006,18.94805300500007],[99.10221600300008,18.943387364000046],[99.11896359900005,18.937039658000064],[99.12119133700008,18.934499738000056],[99.12194887000004,18.92892294600006],[99.12776705800007,18.92304109900005],[99.12723893000005,18.914587760000074],[99.11860173700006,18.90623579200008],[99.11740493600007,18.898547655000076],[99.11505008100005,18.895535024000026],[99.11622181800004,18.893324555000046],[99.12258002600004,18.890071384000066],[99.12294712800008,18.88609112100005],[99.11927660200007,18.884119882000046],[99.11962632700005,18.881062620000026],[99.10603247200004,18.875186120000027],[99.09649067900006,18.860364762000074],[99.09623650600008,18.854241760000036],[99.07641836400006,18.844247180000025],[99.07360160000007,18.841776462000038],[99.06871500700004,18.830475354000043],[99.06143387400004,18.82842291000003],[99.05212418300005,18.820774055000072],[99.04905045800007,18.813299431000072],[99.05270408800004,18.800963974000073],[99.04944325700006,18.798489611000036],[99.04487318400004,18.800288178000073],[99.03377957500004,18.79357874300007],[99.03042378800008,18.79338613400006],[99.02749821700007,18.796328426000063],[99.02603436700008,18.80366289100004],[99.02145075000004,18.809307639000046],[99.01900489400003,18.80941522900002],[99.01909161300006,18.815725925000034],[99.01671862800004,18.81590126200007],[99.01483922400008,18.82016052300003],[99.01738254300007,18.823130377000044],[99.01560928600009,18.824431988000068],[99.01607915200003,18.828042579000055],[99.01469384600006,18.826452028000066],[99.00880201200005,18.825808450000064],[99.00872494800007,18.832576690000053],[99.01129500400003,18.834979495000024],[99.01087493300008,18.838744921000057],[99.00777998900008,18.840437415000054],[99.01018957700006,18.84618876600007],[99.00392840600006,18.848012391000058],[99.00653629700008,18.850281948000028],[98.99902915000007,18.87701259800002],[99.00055002400008,18.880513627000028],[98.99987828700006,18.88510258100007],[98.99193584800008,18.89350757200003],[98.99420805100004,18.89689344600004],[98.99409704900006,18.90603517900007],[98.98695904300007,18.914419628000072],[98.98487366300009,18.92141584500007],[98.98080149700007,18.92515033100005],[98.98088931400008,18.933241408000075],[98.97730273700006,18.936239284000063],[98.97772613300003,18.939517785000078],[98.97469875400009,18.943184469000073],[98.97448612300008,18.945876562000027],[98.97666106900004,18.948957594000035],[98.97267535400005,18.965239680000025],[98.96506988500005,18.96874165500003],[98.96432144000005,18.971848233000056],[98.96590349200005,18.975888396000077],[98.96265475000007,18.977629791000027],[98.96047180100004,18.981569786000016],[98.96111387400003,18.98958411800004],[98.96437637400004,18.995518032000064],[98.96892923900003,18.99805844900004],[98.96390498500006,19.00058357500006],[98.96307697000003,19.00695725000003],[98.95886130400004,19.010252860000037],[98.95558239600008,19.017692380000028],[98.96083806900003,19.025070576000076],[98.95776192500006,19.02844095300003],[98.96094615400006,19.032727770000065],[98.95599803600004,19.034927330000073],[98.95836034200005,19.037833488000043],[98.95854766600007,19.042905919000077],[98.95567937300007,19.045033622000062],[98.95302820600006,19.055272629000058],[98.94916471200008,19.054209681000035],[98.94577412800005,19.055808380000027],[98.94588905100005,19.060453764000048],[98.94889710300004,19.064887584000076],[98.94274214600006,19.067298826000066],[98.94100340800009,19.071243205000034],[98.94312989700006,19.07564745800005],[98.95047618300003,19.074628325000045],[98.94870763000006,19.07926866400004],[98.94069978100005,19.081410438000024],[98.94191770400005,19.085708214000025],[98.93862170600005,19.09070494700006],[98.94730151100003,19.102318700000065],[98.95948051500005,19.10520929600005],[98.96085479500005,19.104391690000053],[98.96101756900003,19.09947526800005],[98.96623623000005,19.101046583000024],[98.97185254700008,19.098846870000045],[98.97369693300004,19.106000406000074],[98.98013329400004,19.098947362000047]]]}},{"type":"Feature","properties":{"AP_EN":"Hang Dong","AP_TN":"\u0e2b\u0e32\u0e07\u0e14\u0e07","PV_EN":"Chiang Mai","total_area_ha":27238.840097813987,"forest_2019_ha":15251.973360646904,"forest_2023_ha":17525.15908807978,"mean_agb_2019_Mg_ha":132.0679336357279,"mean_agb_2023_Mg_ha":144.5135735785167,"total_agb_2019_Mg":1432603.1265743875,"total_agb_2023_Mg":1831528.7028009824,"mean_co2_2019_Mg_ha":223.86783661419935,"mean_co2_2023_Mg_ha":242.5100683597544,"total_co2_2019_Mg":2428399.9732041466,"total_co2_2023_Mg":3073511.6869403077,"delta_forest_ha":2273.1857274328777,"delta_forest_pct":14.904207302762176,"delta_agb_Mg_ha":12.445639942788802,"delta_co2_Mg_ha":18.64223174555505},"geometry":{"type":"Polygon","coordinates":[[[98.85339239500007,18.86051731800006],[98.86519293300006,18.856366578000063],[98.86254535700004,18.851502292000074],[98.86230731300009,18.84693349200006],[98.86737292700008,18.837673381000055],[98.86613465600004,18.82813078600003],[98.86339953700008,18.82383130300008],[98.86271476800005,18.801062152000046],[98.86480828600008,18.798722868000027],[98.87327038400008,18.795788102000078],[98.88168372400008,18.78497074400008],[98.89058904700006,18.780195120000023],[98.89037815600005,18.76836436900004],[98.89521322100006,18.763147742000058],[98.89516673500003,18.75104253800004],[98.89780163200004,18.745902538000056],[98.90189876300008,18.744917335000025],[98.90503654200006,18.75021179800007],[98.91017232100006,18.751383618000034],[98.91784552600006,18.74866672400003],[98.92272592200004,18.74433171900006],[98.93017898500005,18.744375318000035],[98.93427412300008,18.741839396000042],[98.93719653300008,18.737243470000067],[98.94470790900004,18.732973143000038],[98.95154040700005,18.735841199000056],[98.96224577400005,18.73173026100005],[98.96850064000007,18.733568384000023],[98.97168653700004,18.737069973000075],[98.97798604300004,18.73531632600003],[98.97799974700007,18.732502131000043],[98.98114576700004,18.728291911000042],[98.97609155400005,18.705026442000072],[98.98056078800005,18.69812870900006],[98.98735871900004,18.692835281000043],[98.98443573500003,18.681473153000073],[98.98265698600005,18.678894903000074],[98.97928063500008,18.679251563000037],[98.97221111700009,18.674357692000058],[98.96941725900007,18.665824232000034],[98.96442436600007,18.660556440000047],[98.96478990400004,18.65825181000002],[98.96278977700007,18.65558859300006],[98.95734243200008,18.65086167000004],[98.95408819300008,18.64413433700003],[98.95339972600004,18.633959579000074],[98.95658684800009,18.62643502500003],[98.95418715900007,18.62089863900007],[98.96547846400006,18.61459925000003],[98.96539304700008,18.609239652000046],[98.96976097700008,18.60396894000007],[98.96479380100004,18.59759170400002],[98.96172507100005,18.596318994000058],[98.95450982100004,18.597305932000037],[98.94492800800003,18.59204094400007],[98.93462428300006,18.59556476800003],[98.93220663500006,18.59937008000003],[98.93243224300005,18.604141141000078],[98.92788200100006,18.609099101000023],[98.92476371700009,18.616265075000054],[98.92616610900006,18.625214447000076],[98.92014062300007,18.633324774000073],[98.91916392700006,18.64124507800005],[98.90590414000008,18.650221593000026],[98.89429808300008,18.655041733000076],[98.89328148200008,18.66636919000007],[98.88920159600009,18.664628139000058],[98.88563114000004,18.66558177000007],[98.88410218700005,18.680282284000043],[98.88049095900004,18.681819868000044],[98.87497545400005,18.67988666300005],[98.87036314900007,18.68132283500006],[98.86480229700004,18.68629093800007],[98.85183889200005,18.691021574000043],[98.83674444900004,18.701277313000045],[98.83386135300003,18.705062817000055],[98.83486356700007,18.714118607000046],[98.82413480700006,18.716909481000073],[98.81544390700009,18.731963974000056],[98.80816386600009,18.727024209000035],[98.79689107500009,18.734044958000027],[98.79518196300006,18.75675874700005],[98.79626419400006,18.761643781000036],[98.79952245500004,18.764812823000057],[98.79414383900007,18.770557334000042],[98.79135915100005,18.779384253000046],[98.78270304900008,18.783321676000067],[98.77701262000006,18.79708527400004],[98.77721183700004,18.802320684000048],[98.78064091600004,18.804668936000045],[98.78133965500008,18.811764460000067],[98.78540610600004,18.81616834800008],[98.78073378800008,18.82111225600005],[98.78037434600009,18.82885159900007],[98.78382425200004,18.843890035000072],[98.78955859400008,18.84811612600004],[98.79594860800006,18.84908350200004],[98.80235569300004,18.84414559700002],[98.81690698100005,18.85092075200004],[98.82832425400005,18.848436057000068],[98.83297592600007,18.844247864000067],[98.83556692700006,18.84559454600003],[98.83668354600009,18.848898853000033],[98.84591030500007,18.859083302000045],[98.85339239500007,18.86051731800006]]]}},{"type":"Feature","properties":{"AP_EN":"Hot","AP_TN":"\u0e2e\u0e2d\u0e14","PV_EN":"Chiang Mai","total_area_ha":150093.0703598227,"forest_2019_ha":91878.52069181167,"forest_2023_ha":105358.41428298032,"mean_agb_2019_Mg_ha":123.5392101337918,"mean_agb_2023_Mg_ha":132.82054644544849,"total_agb_2019_Mg":8318469.960343986,"total_agb_2023_Mg":10401512.005946808,"mean_co2_2019_Mg_ha":210.4904292049988,"mean_co2_2023_Mg_ha":225.73755382556416,"total_co2_2019_Mg":14173299.146853091,"total_co2_2023_Mg":17678077.736861873,"delta_forest_ha":13479.893591168642,"delta_forest_pct":14.671430808495794,"delta_agb_Mg_ha":9.281336311656688,"delta_co2_Mg_ha":15.247124620565359},"geometry":{"type":"Polygon","coordinates":[[[98.35032504600008,18.288360233000052],[98.35782444800009,18.285900144000042],[98.36171948300006,18.278784511000026],[98.36892920700006,18.28277610200007],[98.37934363100004,18.276716341000057],[98.38454086300004,18.27702800100008],[98.38916471400006,18.269100691000066],[98.39712613800003,18.267293489000057],[98.39576041600009,18.263764359000053],[98.39878919900008,18.26312994000006],[98.40032870000005,18.256442118000056],[98.40311969600003,18.256838346000052],[98.41222602500005,18.252889786000022],[98.41556282500005,18.25289096300003],[98.41678906500005,18.24755547500007],[98.42404533800004,18.245329217000062],[98.42537055400004,18.240990406000037],[98.43022614100005,18.23990678300004],[98.43705600800007,18.23235079700004],[98.44251798500005,18.23213742100006],[98.44618835800009,18.22673423800006],[98.45356326100006,18.229007022000076],[98.462444,18.222522421000065],[98.47099730700008,18.223637566000036],[98.47804787500007,18.22205148800003],[98.49281675400005,18.227190906000033],[98.49866917900005,18.22629005700003],[98.51000029100004,18.23039444300002],[98.52112110400009,18.231293606000065],[98.53207562700004,18.23595387100005],[98.55502857100004,18.23313891100003],[98.56735372900005,18.22794641900003],[98.58272319800005,18.215741558000044],[98.58955870300008,18.213459456000063],[98.59046486500006,18.208014700000042],[98.59520558700007,18.21005611500004],[98.60445665100008,18.205713304000025],[98.60728968500007,18.19830319700003],[98.60990650300005,18.19884405200003],[98.61276337200007,18.203635620000053],[98.62093766600003,18.197929557000062],[98.62814847800007,18.197324535000064],[98.62953974300007,18.195386245000066],[98.62849412300005,18.19040184600004],[98.63314116200007,18.188059683000063],[98.63462870400008,18.183106119000055],[98.64656247300007,18.181419068000025],[98.65741152900006,18.17627103600006],[98.67184958100006,18.16296461900004],[98.69247445200006,18.163955652000027],[98.70564477000006,18.155876715000034],[98.72183593000007,18.149291457000064],[98.72597867000007,18.149253339000044],[98.73850236600003,18.155459841000035],[98.74343258400006,18.15282273500003],[98.74644044100006,18.153504607000063],[98.75011117700006,18.16051646500006],[98.76222516700005,18.17071024300003],[98.77047362300004,18.172607044000074],[98.77441141700007,18.176586361000034],[98.78274419900004,18.179920980000077],[98.79162106400008,18.167780875000066],[98.79140538800004,18.163533695000066],[98.79305214400007,18.160420594000076],[98.80056700700004,18.160334760000072],[98.80482869500008,18.156120426000033],[98.80386113800006,18.152097320000056],[98.80612157100006,18.145162577000065],[98.80427412600005,18.14311349000008],[98.80713764200004,18.137555450000036],[98.80523684500008,18.13038714000004],[98.80773868800009,18.124969942000067],[98.80595184500004,18.12144426300006],[98.81010545600009,18.11345383800005],[98.80767653400005,18.10721711100006],[98.80177231100004,18.104351569000066],[98.80201123000006,18.097803404000047],[98.80045033700009,18.09591726300005],[98.80195215500004,18.091755437000074],[98.79761588200006,18.087375157000057],[98.79984086700006,18.08511897300002],[98.80475157300003,18.08550136300005],[98.81369779900007,18.07971084900004],[98.80668071200006,18.072278781000026],[98.80837343200005,18.068210858000043],[98.80729386800004,18.06380574600007],[98.79754810300005,18.05761114400007],[98.79757939100006,18.048591816000055],[98.79110871400007,18.03661899100007],[98.79408673700006,18.03044770100007],[98.78627240100008,18.02467487000007],[98.78479961500005,18.017998238000075],[98.77880571600008,18.012784124000067],[98.77898243000004,18.00553762800007],[98.76404673700006,18.01193402500007],[98.75171641800006,18.015016584000023],[98.74498146600007,18.01266458000004],[98.73867334400006,18.015070600000055],[98.73657631200007,18.017722839000044],[98.73347476800006,18.017883548000043],[98.72936348400003,18.02138028800005],[98.71293907700004,18.019570386000055],[98.71131656600005,18.02081416400006],[98.70588330200007,18.020410549000072],[98.70123079400008,18.022367048000035],[98.69663018100005,18.022060491000047],[98.69452750700005,18.026547077000036],[98.69179342500007,18.02751212500004],[98.68321700600006,18.025081601000068],[98.68110238800007,18.02238238800004],[98.67862830800004,18.028116629000063],[98.68044754400006,18.033853452000074],[98.66536785900007,18.053026854000052],[98.66600764500004,18.057761868000057],[98.66270769700009,18.063549802000068],[98.64947993800007,18.070825943000045],[98.63501450400008,18.075716062000023],[98.62529507300007,18.070979380000036],[98.62258431600009,18.06702882300004],[98.61946810000006,18.06574941900004],[98.61660923900007,18.06074551000006],[98.61327941800005,18.060397673000068],[98.60627189600007,18.062916541000046],[98.59924040200008,18.061596031000025],[98.59167225700008,18.051035735000028],[98.59275536400008,18.046399045000047],[98.59984014700007,18.03927233700006],[98.60332603200004,18.03619175600005],[98.61297399700004,18.033983318000026],[98.61615327300007,18.027685320000042],[98.61460722300008,18.02194055700005],[98.60961991800008,18.018482386000066],[98.6064734700001,18.019543686000077],[98.59603931200007,18.029191086000022],[98.58696812900007,18.024008724000055],[98.58359057600006,18.01766101500004],[98.59363533600003,18.01780211700003],[98.60290474900006,18.010619947000063],[98.60421396400007,18.013012174000036],[98.60542603200008,18.009991276000054],[98.60776917200008,18.01021634800003],[98.60975724900004,18.00813134400005],[98.60794000900006,18.006383248000077],[98.61037398200006,17.99910200500005],[98.60674222900008,17.99366818400005],[98.59553992400004,17.99690350700007],[98.58972848000008,17.988036971000046],[98.58430645400006,17.986682078000058],[98.57304601600003,17.97925510100004],[98.57789337900005,17.969167460000047],[98.58440539100008,17.963818294000074],[98.59199918300006,17.95063365000004],[98.59639245400007,17.947501940000045],[98.59761937900004,17.942588654000076],[98.58961852700008,17.936054011000063],[98.58377599800008,17.935759134000023],[98.57855700300007,17.929724841000056],[98.57411560300005,17.92823736500003],[98.56614236000007,17.92892135400007],[98.56012126400003,17.926850435000066],[98.54761225000004,17.93137827100003],[98.53873997100004,17.92865152600007],[98.53230770800008,17.93058847400004],[98.52524515300007,17.928715080000067],[98.51846286500006,17.929753644000076],[98.51081174700005,17.91286198600005],[98.50182357700004,17.904423239000042],[98.49840157900007,17.902841758000022],[98.49483814400008,17.903409876000065],[98.49027233500004,17.900001773000042],[98.48674954200004,17.901427375000026],[98.48245580300005,17.909664725000027],[98.48360947400005,17.911776007000068],[98.48028394400006,17.915371232000044],[98.48063687900009,17.91838875300004],[98.47770489100009,17.919827052000077],[98.4798935300001,17.920149261000066],[98.47839846700003,17.921975541000048],[98.47910010300006,17.923390805000054],[98.47576669900008,17.924742132000063],[98.47314006900007,17.929834962000026],[98.46798137600007,17.93122525900003],[98.46915153400005,17.935117232000035],[98.46485140000004,17.93835248700003],[98.46428548400007,17.942944693000072],[98.46137836000008,17.946521507000053],[98.45895806400006,17.946885356000053],[98.45917460300006,17.949333101000033],[98.45675710900008,17.948378455000068],[98.45449190000005,17.949738032000027],[98.45391881300009,17.953969770000068],[98.45041221000008,17.95563875500005],[98.44030623500004,17.96809184800003],[98.43463485200004,17.971019647000052],[98.43013250500007,17.978494727000054],[98.42409639300007,17.993348300000033],[98.42721008400008,17.995383234000023],[98.42523143700004,18.003429366000038],[98.42680371000006,18.007326138000053],[98.42095087000007,18.01356773800006],[98.42083077100006,18.01644380900007],[98.41338740200007,18.017411091000042],[98.40816723400008,18.02429139000003],[98.40473393300006,18.024779095000042],[98.38997901900007,18.03523104400006],[98.38804595300007,18.039112498000065],[98.36660110100007,18.037292312000027],[98.35922396000007,18.039149084000023],[98.35467837500006,18.037771468000074],[98.35260700600008,18.04066353500002],[98.34166053100006,18.044764921000024],[98.33976603900004,18.04804834100003],[98.33110868900009,18.04525630700004],[98.33409084200008,18.04162310600003],[98.33322506400003,18.037655774000033],[98.33006457600004,18.036389684000028],[98.32956762200007,18.033912646000033],[98.32358909000004,18.033766431000057],[98.31567722000005,18.02755089100003],[98.30518643900007,18.036962835000057],[98.29509054200008,18.037241510000054],[98.28764126000004,18.032209393000077],[98.27793786200004,18.03541695200005],[98.27135897400007,18.040839958000046],[98.26950630200008,18.046781119000062],[98.24324172500008,18.058054390000052],[98.25052238700005,18.062331744000062],[98.25272442100004,18.068652171000053],[98.24998071300007,18.07731911200006],[98.24711113200004,18.076239204000046],[98.24200085900009,18.078599578000027],[98.24364433200009,18.08119539600006],[98.24174308900007,18.08347453600004],[98.24215903500004,18.087911539000057],[98.23774985300008,18.086487644000048],[98.23410562800007,18.08907500700008],[98.23311055700003,18.08693019700007],[98.22886610700004,18.088651951000028],[98.23303275300003,18.092057778000022],[98.23046546100005,18.098358276000056],[98.22587819500006,18.095216194000045],[98.22585786000008,18.091908239000073],[98.21298004800008,18.087368825000055],[98.20603248400005,18.088533363000067],[98.19259680300007,18.097083900000033],[98.19012441900009,18.103291565000067],[98.19068065300009,18.11832041700006],[98.18713809600007,18.133146713000027],[98.18314808000008,18.14094186600005],[98.18141094600009,18.153350130000035],[98.17824609600007,18.155487624000045],[98.16690591400004,18.157506224000027],[98.16126918600008,18.156365564000055],[98.15716605600005,18.15850086500006],[98.15667351800005,18.165898336000055],[98.16227574300007,18.166152162000056],[98.16715375200005,18.16842036200006],[98.16787007000005,18.171695123000063],[98.16613623700005,18.173270340000045],[98.16722973700007,18.18261217700007],[98.17665401000005,18.191534632000067],[98.17042160900007,18.20169895500004],[98.16652157300007,18.204295082000037],[98.16785845200008,18.210832878000076],[98.17212817800004,18.218458832000064],[98.16464222500008,18.221936377000077],[98.15878034000009,18.221962715000075],[98.16652959600003,18.228631342000025],[98.16932485200005,18.23375428200007],[98.17512561500007,18.234178127000067],[98.18757525800004,18.242717716000072],[98.18972025400006,18.246164518000057],[98.18725624000007,18.254690176000054],[98.18815439600007,18.257843621000063],[98.19325421200006,18.250209123000044],[98.19596584800007,18.25106894300006],[98.19891333900006,18.25471445700004],[98.19862845500008,18.251668686000073],[98.20042683700007,18.249731966000073],[98.20282106700006,18.25149300700002],[98.21026101100006,18.251918109000027],[98.21036533700004,18.248781316000077],[98.21321347200006,18.247504032000055],[98.21221630300005,18.232115430000018],[98.21531639200003,18.22619372800005],[98.21523467200007,18.22088596600003],[98.22050169400006,18.217397402000074],[98.22547433400007,18.209925219000073],[98.23179024700005,18.211416997000075],[98.23927407200006,18.21892900200004],[98.24663296900007,18.215714603000034],[98.25147334100006,18.215347188000067],[98.25927085800004,18.23089882300007],[98.27308489700005,18.228749866000044],[98.28003446100007,18.23023797100007],[98.28460446900004,18.23341156000004],[98.29700458600007,18.23314903200003],[98.30401621300007,18.24372976000006],[98.30258504500006,18.250458911000067],[98.30376134800008,18.25399022700004],[98.30193567500005,18.258067570000033],[98.30287032300004,18.26119695300002],[98.29983386700007,18.26117118200006],[98.29909178700007,18.263403078000067],[98.30097682500008,18.265723668000074],[98.30200716100006,18.27161785900006],[98.30521524400007,18.273580588000073],[98.30319450700006,18.276040574000028],[98.30771813900009,18.276776642000073],[98.30766626300004,18.28277307800005],[98.31598715500007,18.282758969000042],[98.31761727700008,18.278627704000034],[98.32035217900007,18.278505264000042],[98.32328343200004,18.275092558000043],[98.32673183000009,18.279216971000036],[98.33399599700006,18.278334099000066],[98.33706570900006,18.27575992300007],[98.33802123300006,18.282304421000045],[98.34153112200005,18.283976128000063],[98.34601862500006,18.28230934800007],[98.34670009000007,18.28752429800005],[98.35032504600008,18.288360233000052]]]}},{"type":"Feature","properties":{"AP_EN":"Doi Tao","AP_TN":"\u0e14\u0e2d\u0e22\u0e40\u0e15\u0e48\u0e32","PV_EN":"Chiang Mai","total_area_ha":85422.43482834326,"forest_2019_ha":47651.69860109413,"forest_2023_ha":53461.81185068897,"mean_agb_2019_Mg_ha":100.38115218530145,"mean_agb_2023_Mg_ha":111.1227797864954,"total_agb_2019_Mg":3556921.593155545,"total_agb_2023_Mg":4281350.422547464,"mean_co2_2019_Mg_ha":170.51602640284705,"mean_co2_2023_Mg_ha":189.0550728609536,"total_co2_2019_Mg":6042091.7538320925,"total_co2_2023_Mg":7283934.531884257,"delta_forest_ha":5810.11324959484,"delta_forest_pct":12.192877526219883,"delta_agb_Mg_ha":10.741627601193954,"delta_co2_Mg_ha":18.539046458106554},"geometry":{"type":"Polygon","coordinates":[[[98.63501450400008,18.075716062000023],[98.65969192800009,18.066261704000055],[98.66354074900005,18.062453079000022],[98.66603358400005,18.057629725000023],[98.66536785900007,18.053026854000052],[98.68044754400006,18.033853452000074],[98.67862830800004,18.028116629000063],[98.68110238800007,18.02238238800004],[98.68321700600006,18.025081601000068],[98.69179342500007,18.02751212500004],[98.69452750700005,18.026547077000036],[98.69663018100005,18.022060491000047],[98.70123079400008,18.022367048000035],[98.70588330200007,18.020410549000072],[98.71131656600005,18.02081416400006],[98.71293907700004,18.019570386000055],[98.72950228400005,18.021352236000038],[98.73347476800006,18.017883548000043],[98.73657631200007,18.017722839000044],[98.73867334400006,18.015070600000055],[98.74498146600007,18.01266458000004],[98.75143649100005,18.01506028800003],[98.77038155900004,18.009537373000057],[98.77898243000004,18.00553762800007],[98.77817811200003,18.002619500000037],[98.78558025700005,18.00548855200003],[98.79048073500007,18.00238576100003],[98.80433657700007,18.00811491300004],[98.80881268600007,18.008492225000055],[98.81146196800006,18.003686277000043],[98.82785275600008,17.995950909000044],[98.83109808200004,17.990011990000028],[98.83409358100005,17.98870284300006],[98.83458795800004,17.98621311900007],[98.83074086600004,17.981087147000036],[98.83263341100007,17.977363735000036],[98.83039726900006,17.974932655000032],[98.83482720400008,17.972710708000022],[98.83582632200006,17.96819222500005],[98.84177775600006,17.964968105000025],[98.83923587700008,17.960587911000058],[98.84272443500004,17.941729301000066],[98.85045553800006,17.930302582000028],[98.85049004600006,17.92750851900007],[98.84833707100007,17.924874329000033],[98.85095694600007,17.92316238900002],[98.85100177000004,17.91719235400006],[98.85739986800009,17.908587766000036],[98.85464024800007,17.90362911300002],[98.85510604200005,17.897893255000042],[98.86086185900007,17.896523564000063],[98.86176327600003,17.88569353200006],[98.86671019800008,17.879773207000035],[98.86556479900008,17.871840910000056],[98.86749301200007,17.87075870800004],[98.86735958200006,17.864132071000025],[98.87090490300005,17.85583120600006],[98.87030965900004,17.84935226400006],[98.86490239200003,17.850978967000056],[98.86020070600006,17.85655710100008],[98.85266803700007,17.847329747000057],[98.85463601600009,17.827901213000075],[98.85153612700003,17.822324202000054],[98.85268833800006,17.819406669000045],[98.85711706400008,17.816457655000022],[98.85628784800008,17.81459731200005],[98.84934338700005,17.81233125200004],[98.83669716100007,17.805043728000047],[98.83405350300006,17.805829009000036],[98.83033738000006,17.800671438000055],[98.82213346600008,17.79730736300007],[98.81498198700007,17.797290563000043],[98.80885644300008,17.799655104000067],[98.80041006300007,17.79572495900004],[98.79789870000008,17.797890565000046],[98.79852744200008,17.802267124000025],[98.79321535100007,17.810266564000077],[98.79285601500004,17.81297104200007],[98.79675271800005,17.812614709000055],[98.79774507500008,17.813856312000045],[98.79303742400003,17.819823763000052],[98.79482284800008,17.823834345000023],[98.78840396400005,17.82463082200007],[98.78708217100007,17.82664955300004],[98.79002137200007,17.830536016000053],[98.78381456700004,17.832553931000064],[98.78091242000005,17.830526014000046],[98.77793102900006,17.83086160200003],[98.77790478900006,17.82728561000005],[98.76905907200008,17.816050335000057],[98.76766228100009,17.808917085000072],[98.76286246400008,17.80141026600006],[98.75102096700004,17.80123059800008],[98.74336914700007,17.805430519000026],[98.73879770000008,17.802438285000054],[98.73747794900004,17.79936785600006],[98.72728891300005,17.793825584000047],[98.72602951300007,17.793691633000034],[98.72459893600006,17.79712661700006],[98.71574780400005,17.798327414000024],[98.70767845000006,17.796858027000038],[98.69686879300008,17.79193918900006],[98.68677573700006,17.790834130000064],[98.68518019400005,17.791079006000075],[98.68348959600007,17.799919558000052],[98.67745918100007,17.808581240000024],[98.67594042800005,17.815848119000062],[98.67186497900008,17.81978333000006],[98.67292730900004,17.83070612600006],[98.67194391000004,17.83353584900004],[98.66972919800008,17.833961455000065],[98.66063360800007,17.829182476000028],[98.65896915300006,17.82669958700006],[98.65500728400008,17.827075647000072],[98.64779426700005,17.816544005000022],[98.63915614900009,17.814494548000024],[98.63572210300003,17.805263067000052],[98.63191355000005,17.801112826000068],[98.63385732200004,17.795593828000047],[98.63157060900005,17.78516452000002],[98.62403980600004,17.777336243000036],[98.62202854000009,17.78041796200006],[98.61894681600006,17.779119455000057],[98.61468930900008,17.77992009000008],[98.60795805800007,17.786584065000053],[98.60446340600005,17.79459999600005],[98.59855841700005,17.80253183300005],[98.59068015500009,17.80582365700008],[98.58980199200005,17.801457277000054],[98.58196155900004,17.801374022000058],[98.57999208400008,17.806082328000056],[98.57358855400008,17.806409682000037],[98.57145137700007,17.809856640000078],[98.56987925100003,17.804754270000043],[98.56372277200008,17.79734929400007],[98.55938926200008,17.796532887000073],[98.54778047800006,17.806212751000036],[98.54447386500004,17.811548025000032],[98.54018992100004,17.81384736100006],[98.53121653700003,17.81483385600006],[98.52235940200006,17.823734622000078],[98.51886494800004,17.824925920000055],[98.51417148100006,17.82260156700005],[98.51530974900004,17.816715767000062],[98.50934043400008,17.812619966000057],[98.49874578000004,17.81601983600007],[98.49559259500006,17.816027544000065],[98.49393058900006,17.81374779500004],[98.49131447900004,17.815189433000054],[98.49034350200009,17.819526534000033],[98.48720008400005,17.822079607000035],[98.48815621200004,17.82762499200004],[98.48706595500005,17.832987628000065],[98.47940621000004,17.84215162000004],[98.47286689000003,17.844451321000065],[98.46510262100009,17.84021374900004],[98.45815516900008,17.840029643000037],[98.45514894500008,17.841909191000077],[98.45251584700009,17.847901110000066],[98.44670517400004,17.851217659000046],[98.43895981100007,17.852637181000034],[98.43143882300006,17.86416088100003],[98.43188159300007,17.873711264000065],[98.43536267600007,17.880589445000048],[98.43265720000005,17.884451158000047],[98.43063799200007,17.895090245000063],[98.43535756100005,17.891819655000067],[98.43854391600007,17.89716039600006],[98.44158409700003,17.898362207000048],[98.44705958500005,17.891499596000077],[98.45016002200005,17.891420247000045],[98.45778769900005,17.89732564600007],[98.46052630800006,17.89752192900005],[98.46896706400008,17.906509],[98.47524376100006,17.905423332000055],[98.47735507100003,17.907305618000066],[98.48104162900006,17.907559520000063],[98.48245580300005,17.909664725000027],[98.48683629100003,17.901320272000074],[98.49069659900005,17.899992715000053],[98.49483814400008,17.903409876000065],[98.49840157900007,17.902841758000022],[98.50182357700004,17.904423239000042],[98.51081174700005,17.91286198600005],[98.51846286500006,17.929753644000076],[98.52524515300007,17.928715080000067],[98.53230770800008,17.93058847400004],[98.53873997100004,17.92865152600007],[98.54761225000004,17.93137827100003],[98.56012126400003,17.926850435000066],[98.56614236000007,17.92892135400007],[98.57411560300005,17.92823736500003],[98.57855700300007,17.929724841000056],[98.58377599800008,17.935759134000023],[98.58924836400007,17.93585438100007],[98.59752872300005,17.942485652000077],[98.59639245400007,17.947501940000045],[98.59199918300006,17.95063365000004],[98.58440539100008,17.963818294000074],[98.57789337900005,17.969167460000047],[98.57304601600003,17.97925510100004],[98.58430645400006,17.986682078000058],[98.58972848000008,17.988036971000046],[98.59553992400004,17.99690350700007],[98.60674222900008,17.99366818400005],[98.61037398200006,17.99910200500005],[98.60794000900006,18.006383248000077],[98.60975724900004,18.00813134400005],[98.60776917200008,18.01021634800003],[98.60542603200008,18.009991276000054],[98.60421396400007,18.013012174000036],[98.60290474900006,18.010619947000063],[98.59363533600003,18.01780211700003],[98.58359057600006,18.01766101500004],[98.58696812900007,18.024008724000055],[98.59603931200007,18.029191086000022],[98.6064734700001,18.019543686000077],[98.60961991800008,18.018482386000066],[98.61460722300008,18.02194055700005],[98.61615327300007,18.027685320000042],[98.61297399700004,18.033983318000026],[98.60332603200004,18.03619175600005],[98.59974101800003,18.039369295000032],[98.59275536400008,18.046399045000047],[98.59189636400004,18.05167793600003],[98.59936220100008,18.06166520200003],[98.60627189600007,18.062916541000046],[98.61327941800005,18.060397673000068],[98.61660923900007,18.06074551000006],[98.61946810000006,18.06574941900004],[98.62258431600009,18.06702882300004],[98.62529507300007,18.070979380000036],[98.63501450400008,18.075716062000023]]]}},{"type":"Feature","properties":{"AP_EN":"Omkoi","AP_TN":"\u0e2d\u0e21\u0e01\u0e4b\u0e2d\u0e22","PV_EN":"Chiang Mai","total_area_ha":282454.78110662755,"forest_2019_ha":199241.1596217592,"forest_2023_ha":217545.414030905,"mean_agb_2019_Mg_ha":180.42493898084624,"mean_agb_2023_Mg_ha":182.7423423510844,"total_agb_2019_Mg":26227076.214870743,"total_agb_2023_Mg":30496405.180566084,"mean_co2_2019_Mg_ha":308.6905151542325,"mean_co2_2023_Mg_ha":312.8066639921889,"total_co2_2019_Mg":44872116.12416943,"total_co2_2023_Mg":52201790.95879962,"delta_forest_ha":18304.254409145797,"delta_forest_pct":9.186984478455516,"delta_agb_Mg_ha":2.317403370238168,"delta_co2_Mg_ha":4.116148837956359},"geometry":{"type":"Polygon","coordinates":[[[98.27623605500008,18.03637427400002],[98.28764126000004,18.032209393000077],[98.29509054200008,18.037241510000054],[98.30518643900007,18.036962835000057],[98.31588740700005,18.02755389400005],[98.32358909000004,18.033766431000057],[98.32956762200007,18.033912646000033],[98.33006457600004,18.036389684000028],[98.33322506400003,18.037655774000033],[98.33409084200008,18.04162310600003],[98.33110868900009,18.04525630700004],[98.34018600100006,18.04809948400003],[98.34166053100006,18.044764921000024],[98.35260700600008,18.04066353500002],[98.35467837500006,18.037771468000074],[98.35922396000007,18.039149084000023],[98.36660110100007,18.037292312000027],[98.38780571600007,18.03925634900003],[98.38956646900006,18.035602569000048],[98.39631481300006,18.030570249000046],[98.40485578700009,18.024712813000068],[98.40816723400008,18.02429139000003],[98.41338740200007,18.017411091000042],[98.42066415500005,18.01666022900002],[98.42095087000007,18.01356773800006],[98.42680371000006,18.007326138000053],[98.42523143700004,18.003429366000038],[98.42721008400008,17.995383234000023],[98.42409506800004,17.993483870000034],[98.42603151800006,17.99025051300003],[98.42578558900004,17.98689092500007],[98.43446593600004,17.971236074000043],[98.44030623500004,17.96809184800003],[98.45041221000008,17.95563875500005],[98.45391881300009,17.953969770000068],[98.45459076100008,17.949641147000023],[98.45675710900008,17.948378455000068],[98.45917460300006,17.949333101000033],[98.45895806400006,17.946885356000053],[98.46148368700005,17.946431415000067],[98.46512937100005,17.94159238800006],[98.46485140000004,17.93835248700003],[98.46915153400005,17.935117232000035],[98.46821048200007,17.93088468500002],[98.47314006900007,17.929834962000026],[98.47576669900008,17.924742132000063],[98.47917154800007,17.923275757000056],[98.47839846700003,17.921975541000048],[98.4798935300001,17.920149261000066],[98.47770489100009,17.919827052000077],[98.48063687900009,17.91838875300004],[98.48028394400006,17.915371232000044],[98.48362874200006,17.91164274100004],[98.48104162900006,17.907559520000063],[98.47496239400004,17.905393198000073],[98.46896706400008,17.906509],[98.46052630800006,17.89752192900005],[98.45778769900005,17.89732564600007],[98.45016002200005,17.891420247000045],[98.44705958500005,17.891499596000077],[98.44158409700003,17.898362207000048],[98.43854391600007,17.89716039600006],[98.43535756100005,17.891819655000067],[98.43063799200007,17.895090245000063],[98.43265720000005,17.884451158000047],[98.43536267600007,17.880589445000048],[98.43198564900007,17.874104738000025],[98.43114880900004,17.865759836000052],[98.43924948500006,17.85234087400005],[98.44643856600004,17.85130841700004],[98.45251584700009,17.847901110000066],[98.45621977500008,17.840851285000042],[98.46359399600004,17.83985711000003],[98.47136383900005,17.84408684700003],[98.47574287400005,17.844097524000066],[98.48102309100005,17.840789980000068],[98.48699955300003,17.83310721400005],[98.48815621200004,17.82762499200004],[98.48716079000008,17.82220830300002],[98.49034350200009,17.819526534000033],[98.49131447900004,17.815189433000054],[98.49393058900006,17.81374779500004],[98.49210501600004,17.811764749000076],[98.49314151700008,17.803300575000037],[98.49665492900004,17.79735549200006],[98.49639725000009,17.783569877000048],[98.49447600300005,17.780792343000034],[98.49873874900004,17.77427292100003],[98.50213425700008,17.77198238700004],[98.50517256700005,17.755899105000022],[98.51744562500005,17.737829825000063],[98.51710162200004,17.731237546000045],[98.51996067000005,17.725685785000056],[98.52096353900004,17.71706986900006],[98.52600564900007,17.709198114000056],[98.52569943700007,17.702133645000057],[98.52232945300005,17.69639157100005],[98.52256062700008,17.678822038000074],[98.52468387200008,17.667851923000057],[98.52827350900009,17.661052136000023],[98.52845532900005,17.65504181700004],[98.53174675200007,17.647770092000037],[98.53251420500004,17.638517367000077],[98.52911699900005,17.63521579100006],[98.53310455400003,17.619866154000025],[98.52956505000009,17.59657047600007],[98.52191905400008,17.57477994800007],[98.52437606400008,17.567418115000066],[98.53181631400008,17.560774247000044],[98.53400523500005,17.55656957900004],[98.53846119000008,17.554633276000065],[98.53882104000007,17.55101632000003],[98.53547677500006,17.54461917800006],[98.53640992200009,17.540655572000045],[98.52738842700008,17.53646848900007],[98.52675692900004,17.53020645500004],[98.52480024200008,17.528508122000062],[98.52436490500008,17.522480429000044],[98.52594407300006,17.517950095000064],[98.51936698500005,17.511672608000023],[98.52450806300004,17.49529753000007],[98.51815304000007,17.479007724000034],[98.52943312600007,17.45206717400003],[98.54704555700005,17.445879073000068],[98.54631280400008,17.433257906000055],[98.55308321300004,17.428163935000047],[98.55743096600008,17.420404642000054],[98.55445472100007,17.40862926500006],[98.55611546100005,17.39637609800007],[98.53749740800004,17.362183388000062],[98.54851016500004,17.353705099000024],[98.55419029700005,17.356705238000075],[98.56132577500006,17.352644409000046],[98.56172846400005,17.350035268000056],[98.5578217970001,17.34563595900005],[98.55579897000007,17.337386741000046],[98.55632545100008,17.33039620200003],[98.56064579600007,17.32233384300002],[98.56098043300007,17.31801277200003],[98.55625686200005,17.312782306000027],[98.55824161400005,17.30868634000006],[98.55761913000003,17.29378065100008],[98.56256591500005,17.292841262000028],[98.56975470900007,17.296065686000077],[98.57325656600005,17.299596155000074],[98.57865334000007,17.29942678200007],[98.57900431200005,17.29392044200006],[98.57432949800005,17.284652271000027],[98.56657584900006,17.28549439500006],[98.56417546400007,17.282600073000026],[98.56065704000008,17.283411573000027],[98.55263013400008,17.28161992300005],[98.54408810500007,17.28300402500003],[98.53601923200006,17.275620948000036],[98.53244992500004,17.274350589000047],[98.52414623400006,17.277229238000068],[98.51963780800008,17.28110530100002],[98.50998661900007,17.279348740000042],[98.50328288100008,17.279864441000026],[98.49772565700005,17.272718814000026],[98.49261700500006,17.272628012000038],[98.49009001800005,17.270286152000043],[98.48860520400007,17.272566993000055],[98.48116487600004,17.273405489000023],[98.47812810700003,17.276747708000073],[98.4739977340001,17.275031948000045],[98.46074527500008,17.275682635000067],[98.45908745600008,17.27293258100008],[98.45561936000007,17.27264639300006],[98.45596619900006,17.270270077000074],[98.45398854700005,17.269246694000064],[98.44974318000004,17.27134684400005],[98.44516298900004,17.268586395000057],[98.44081136400007,17.268848888000036],[98.43908819000006,17.26566349400002],[98.43603889800005,17.26615549200005],[98.43536976700005,17.260845474000064],[98.43015194300006,17.257185781000032],[98.42640181000007,17.256575154000075],[98.42093745400007,17.252882888000045],[98.41269922800006,17.25224434400008],[98.41003399900006,17.247470752000027],[98.40633400700005,17.24808807100004],[98.40178959900004,17.245188921000025],[98.39693030700005,17.24687938000005],[98.39549389200005,17.244120451000075],[98.39217378500007,17.242561398000074],[98.37686745400003,17.255698945000066],[98.37567562800007,17.261397663000025],[98.37071091700005,17.267021313000047],[98.35903693800003,17.272795269000024],[98.35811518300005,17.275023794000045],[98.36097882800004,17.288473707000037],[98.35603912500005,17.289353893000055],[98.35079293000007,17.294029275000074],[98.33833430400006,17.297058381000056],[98.33079868700008,17.301553912000035],[98.32657087600006,17.308037517000056],[98.32223074500007,17.310664474000074],[98.32102500300005,17.31870376700004],[98.31726482800009,17.32154723800005],[98.33196190800004,17.328988239000076],[98.33020944500004,17.34042433200005],[98.33416377000003,17.348796118000053],[98.32456216600008,17.35903759100006],[98.32321982300004,17.36270164700005],[98.31761024700006,17.36533770400007],[98.31686044300005,17.37264746200003],[98.31995626300005,17.375639666000037],[98.31918688500008,17.37950109400003],[98.30307192900005,17.39239794800005],[98.29976336000004,17.39978338500003],[98.29164302800007,17.40747372700002],[98.29751509500005,17.41226237700005],[98.30211017600004,17.41272818200002],[98.30585752900004,17.41065220000007],[98.31017548700004,17.413773091000053],[98.32282288200008,17.41671898300007],[98.32434949500004,17.42459346100003],[98.32754169400005,17.429332614000028],[98.31971334500008,17.435351777000047],[98.31977514400006,17.444241504000047],[98.32302749300004,17.449003530000027],[98.32495591800006,17.46058632700004],[98.32963245000008,17.47051527300005],[98.32738089000009,17.48903912000003],[98.32091622100006,17.500149303000054],[98.31690147000006,17.50313860500005],[98.31645075100005,17.51078595900003],[98.31289080300007,17.517062255000045],[98.31473502500006,17.526974909000046],[98.30677706200004,17.533092335000045],[98.30898204600004,17.535855662000074],[98.30595561200005,17.549582538000035],[98.29887489500004,17.553044212000028],[98.29915651400006,17.558062715000066],[98.30283315100007,17.56626572100004],[98.29827409700005,17.576158067000055],[98.28399614000006,17.575575894000053],[98.27094384200007,17.579571800000057],[98.26673948300004,17.578913398000054],[98.26147429600007,17.57349899200005],[98.25644817000006,17.57314687500008],[98.25388401700008,17.57110470500004],[98.25006372500008,17.565916895000043],[98.24935960700009,17.557928773000068],[98.24090379100005,17.555275393000045],[98.23864198800004,17.54974988500004],[98.23328060000007,17.549965333000046],[98.22661830900006,17.545133262000036],[98.21816953300004,17.547034317000058],[98.21239473200006,17.541413296000034],[98.20713806100008,17.539539466000065],[98.20188471800009,17.539891212000047],[98.19743096900004,17.542390407000028],[98.18947857900008,17.540556019000064],[98.18691171900008,17.537811406000053],[98.18262205600007,17.53881283300007],[98.17899157200009,17.537453376000023],[98.17222424900007,17.545751770000038],[98.16761859700006,17.54742150500005],[98.14929471400006,17.54116375100006],[98.14243210500007,17.542494428000055],[98.13636321900003,17.541388],[98.13153453600006,17.547132156000025],[98.12978954500005,17.554766313000073],[98.12582969800008,17.558810417000075],[98.12689364800008,17.567751634000047],[98.11823504200004,17.572938442000062],[98.11574118000004,17.57646123600006],[98.11248598100008,17.577210383000025],[98.11295707000005,17.58175417100006],[98.10839721000008,17.582505298000058],[98.10657168700004,17.58838879800004],[98.10940657500004,17.59028604200006],[98.10993783900005,17.592933222000052],[98.10680456500006,17.59493572100007],[98.10663924200009,17.597774077000054],[98.10346836800005,17.600926449000045],[98.10779563300008,17.60529789700007],[98.10587039800004,17.607985941000038],[98.10725061700003,17.611622120000046],[98.0997179540001,17.614976081000073],[98.10232735500006,17.622392429000058],[98.09811265900004,17.62210885000007],[98.09333307100007,17.633372121000036],[98.08982501000008,17.63662548500002],[98.09487353000009,17.637876767000026],[98.09728944100004,17.642993222000026],[98.10178473000008,17.643105263000056],[98.10054000300005,17.645744356000026],[98.10460110300005,17.646163908000062],[98.10503777800005,17.648469473000034],[98.10774108300006,17.64927143100004],[98.10844353000005,17.65133642400002],[98.11242938000004,17.650730786000054],[98.11450863500005,17.654521453000026],[98.11859042400005,17.655400632000063],[98.1262250650001,17.660264379000072],[98.12655929400006,17.663409995000052],[98.1325474160001,17.665845118000046],[98.13386803100008,17.670124832000056],[98.13704635600004,17.671562292000033],[98.13874343800006,17.676754219000028],[98.14543935600005,17.683730338000032],[98.14429883100007,17.68988147600004],[98.15061580800005,17.70082578500006],[98.14933976100008,17.722483496000052],[98.15283518600006,17.72941388600003],[98.14989864100005,17.735150552000054],[98.14856593800005,17.74580180800007],[98.14008389900005,17.74884114200006],[98.13555847700007,17.759785532000027],[98.14070911600004,17.76149151300007],[98.14434854500007,17.769083583000054],[98.14487701000007,17.774930120000022],[98.14812011800007,17.77653607700006],[98.14218867300008,17.780448517000025],[98.13180571300006,17.79636049900006],[98.11463668200008,17.798136357000033],[98.1092088760001,17.794262682000067],[98.10412303800007,17.79735643000003],[98.08808903400006,17.809947863000048],[98.08536262300004,17.815603020000022],[98.07295380500005,17.830030004000033],[98.07243996300008,17.838547996000045],[98.06912872200007,17.84663352900003],[98.06910329100003,17.852998298000045],[98.06399658000004,17.85720582600004],[98.05813010400004,17.859411060000067],[98.05457879200009,17.868128901000034],[98.05791493300008,17.87495049800003],[98.05592029600007,17.881455954000046],[98.05748998100006,17.887013873000058],[98.05486490100009,17.889652610000045],[98.04694345100006,17.891549222000037],[98.04503326700006,17.89864126700007],[98.04937851400007,17.905508616000073],[98.05083003800007,17.920067578000044],[98.04926367200005,17.924558453000028],[98.05994123700005,17.933134075000055],[98.05506418900006,17.94005704600005],[98.04717344000007,17.945496491000025],[98.05219246200005,17.946851844000033],[98.05533543100006,17.952050278000062],[98.06191425000009,17.950156002000025],[98.06319010700008,17.952018282000036],[98.06668536800004,17.95213000600006],[98.06804723300007,17.95487949700004],[98.07294034800003,17.957717044000045],[98.07944905300008,17.95706453200006],[98.08987403700007,17.963474007000055],[98.09973284400007,17.962021968000045],[98.10661359500006,17.954530913000042],[98.11883024700006,17.94918549400006],[98.12140192300006,17.94989531600004],[98.12362061500005,17.948165554000074],[98.12190141400004,17.947281119000024],[98.12261975500007,17.946059736000052],[98.12707636400006,17.946468440000046],[98.12937735200006,17.944001261000032],[98.13338040500008,17.945803007000045],[98.13359048500007,17.94277512700007],[98.14014546400006,17.941441784000062],[98.14368840200007,17.935668656000075],[98.14644594000004,17.93919878900004],[98.14957064200007,17.940137743000037],[98.14862753600006,17.942866450000057],[98.15024715400006,17.953442234000025],[98.15324947700003,17.95324182700005],[98.15392667700007,17.955358518000022],[98.15225108600004,17.95821622400007],[98.15503841500004,17.95862604100006],[98.15271222200005,17.960529678000057],[98.16033217000006,17.962634725000047],[98.15833066900008,17.96471042300004],[98.16214502800005,17.967765921000023],[98.16207964000006,17.970931165000025],[98.16971764700008,17.969418513000054],[98.16769385700007,17.97298207900008],[98.17199938500005,17.975208012000053],[98.17971742100008,17.97255879200003],[98.18118031400007,17.976665934000042],[98.18434379800004,17.978536557000037],[98.18410938800008,17.98105828500007],[98.18821158700007,17.97846127300005],[98.19115082700006,17.981897804000024],[98.19269580400005,17.97990346500006],[98.19711482700006,17.97913550500004],[98.20045049700008,17.982536261000064],[98.20453348900008,17.98201077300007],[98.20551457600004,17.985301226000047],[98.20990330200004,17.981943473000058],[98.22465517600006,17.986657581000035],[98.22757179100007,17.99033526200003],[98.23328305800004,17.987469158000064],[98.24288866000006,17.99013132200002],[98.24615249900006,17.98867423100006],[98.24594356300008,17.995961462000025],[98.24155711800006,18.01052040400003],[98.23879101900008,18.013582473000042],[98.23432161700003,18.013955746000022],[98.23201702600005,18.012523137000073],[98.22998575800005,18.01327991000005],[98.22967106500005,18.01538902800007],[98.22533423100003,18.01547340400003],[98.22164194500004,18.019225170000027],[98.22085497000006,18.024318285000053],[98.22329982100007,18.029323845000018],[98.23038782900005,18.02958828200008],[98.23404759200008,18.033708304000072],[98.23304739800005,18.036220287000045],[98.23070369600003,18.03699954300004],[98.23753720400005,18.039603553000067],[98.23766621300007,18.042484915000045],[98.23550113800007,18.04475167600003],[98.24166354500005,18.057012226000037],[98.24324172500008,18.058054390000052],[98.26950630200008,18.046781119000062],[98.27036410000005,18.04232070300003],[98.27623605500008,18.03637427400002]]]}},{"type":"Feature","properties":{"AP_EN":"Saraphi","AP_TN":"\u0e2a\u0e32\u0e23\u0e20\u0e35","PV_EN":"Chiang Mai","total_area_ha":10748.438058686788,"forest_2019_ha":2642.131680086584,"forest_2023_ha":2502.3650153604053,"mean_agb_2019_Mg_ha":60.73779409993158,"mean_agb_2023_Mg_ha":60.4797882718824,"total_agb_2019_Mg":89276.60750499854,"total_agb_2023_Mg":82339.67755699418,"mean_co2_2019_Mg_ha":104.672416699875,"mean_co2_2023_Mg_ha":100.66477973427826,"total_co2_2019_Mg":153854.75223119673,"total_co2_2023_Mg":137049.18192183334,"delta_forest_ha":-139.76666472617853,"delta_forest_pct":-5.289920475182309,"delta_agb_Mg_ha":-0.2580058280491784,"delta_co2_Mg_ha":-4.007636965596745},"geometry":{"type":"Polygon","coordinates":[[[99.05298521800006,18.757283638000047],[99.05273287500007,18.754311356000073],[99.05615904400008,18.753536486000034],[99.05643044800007,18.74945577200003],[99.05871115900004,18.74931272300006],[99.05802750400005,18.746735991000037],[99.06112894600005,18.74453539300004],[99.06459233600003,18.73779078700005],[99.07087172700007,18.732699016000023],[99.06639638700005,18.726769492000074],[99.07186891800006,18.719973179000082],[99.07928588800007,18.696924462000027],[99.08093411100003,18.68205511800005],[99.08003844500007,18.680617329000025],[99.07577923800005,18.681204308000073],[99.07715807100004,18.674437664000042],[99.07399218100005,18.66674871400005],[99.07232318400008,18.66586589700006],[99.06973685900005,18.667347981000034],[99.06784360000006,18.663588856000047],[99.06179132500006,18.667993593000062],[99.04533171800006,18.66820164200004],[99.01208562100004,18.674224919000032],[99.00432118300006,18.66243176100005],[99.00482502400007,18.644825643000043],[98.99438248900003,18.63840069500003],[98.99118792900003,18.639932522000038],[98.98699435500004,18.63609675400005],[98.98367081800006,18.63839781000007],[98.98340928900006,18.634461713000068],[98.97888537500006,18.635554864000028],[98.97694683400005,18.62911501800005],[98.97499891700005,18.62903003700006],[98.96786489500005,18.61965421700006],[98.96813747500005,18.616289839000046],[98.96547846400006,18.61459925000003],[98.95471968100009,18.620278530000064],[98.95408200200008,18.621960586000064],[98.95658684800009,18.62643502500003],[98.95338132000006,18.634095145000064],[98.95440313000006,18.64531275000007],[98.95750978700005,18.65108088000005],[98.96466817000004,18.658006630000045],[98.96442436600007,18.660556440000047],[98.96941725900007,18.665824232000034],[98.97221111700009,18.674357692000058],[98.97928063500008,18.679251563000037],[98.98200415600007,18.678633869000063],[98.98381232200006,18.680259747000036],[98.98724740300008,18.691228768000034],[98.98577289300005,18.695565774000045],[98.98656601800008,18.69909743100004],[98.98413767000005,18.70303893700003],[98.98291724800004,18.71073806800007],[98.98637217900006,18.71766822500006],[98.98679006000003,18.726159433000078],[98.98844393000007,18.72936802200007],[98.98764738100004,18.737817338000067],[98.99000919800007,18.748172717000042],[98.98857783700004,18.75263512200007],[98.99329974800008,18.75491517300003],[98.99948465100005,18.755472255000022],[99.00533558500007,18.75062106200005],[99.01037168900007,18.748916068000028],[99.02136858900008,18.74805653000004],[99.02751045300005,18.74927472100007],[99.03211526500007,18.75717541100005],[99.04579081500003,18.765426458000036],[99.04857041400004,18.769257839000034],[99.05075156400005,18.76743159800003],[99.05056909200005,18.76005556400003],[99.05298521800006,18.757283638000047]]]}},{"type":"Feature","properties":{"AP_EN":"Wiang Haeng","AP_TN":"\u0e40\u0e27\u0e35\u0e22\u0e07\u0e41\u0e2b\u0e07","PV_EN":"Chiang Mai","total_area_ha":79303.42974540158,"forest_2019_ha":63086.25525303351,"forest_2023_ha":65792.52707456805,"mean_agb_2019_Mg_ha":194.10434180676225,"mean_agb_2023_Mg_ha":201.09598355538785,"total_agb_2019_Mg":10033616.270499311,"total_agb_2023_Mg":11515292.134586891,"mean_co2_2019_Mg_ha":333.0688449101235,"mean_co2_2023_Mg_ha":346.5777902341964,"total_co2_2019_Mg":17216951.345553394,"total_co2_2023_Mg":19845968.498580582,"delta_forest_ha":2706.2718215345376,"delta_forest_pct":4.289796264939036,"delta_agb_Mg_ha":6.991641748625597,"delta_co2_Mg_ha":13.508945324072897},"geometry":{"type":"Polygon","coordinates":[[[98.70463922700009,19.75742094800006],[98.70875439000008,19.750672634000065],[98.70928242900004,19.745018670000032],[98.71294062700008,19.736335609000037],[98.71739806000005,19.732865751000073],[98.72353957300004,19.72358765700005],[98.72609998000007,19.712986772000026],[98.72710503500008,19.715383086000028],[98.73118898900003,19.714849298000043],[98.73186655200004,19.71124909900004],[98.73572544300004,19.70896170600003],[98.74279992700008,19.700703194000027],[98.74666828500006,19.69896230700005],[98.74855764200004,19.69889718700006],[98.75080209900007,19.702316281000037],[98.75342729200008,19.70174606200004],[98.75365387600004,19.69787178300004],[98.74929614600006,19.687649477000036],[98.75509482000007,19.678548222000067],[98.75086006300006,19.674866612000077],[98.74866937300004,19.668942086000076],[98.75028678500007,19.663101935000043],[98.75865014700008,19.660219264000034],[98.76823635100004,19.651504399000032],[98.78054051400005,19.64567063000004],[98.78235559800004,19.63897866500002],[98.78011794500009,19.633330065000052],[98.80464610900003,19.61693579100006],[98.80922885300004,19.61139421000007],[98.80721827700006,19.606270315000074],[98.79156968600006,19.596257902000044],[98.79560070400004,19.591204017000056],[98.79224092400005,19.58497815000004],[98.80369784700008,19.570673972000066],[98.81101528300007,19.54664984000004],[98.81064570900008,19.537863104000056],[98.80794234600006,19.533147385000056],[98.80882312900007,19.528107853000044],[98.80366293200007,19.521450985000058],[98.80217734200005,19.51696694000003],[98.80297350400008,19.50563295400008],[98.80675795700006,19.501102636000038],[98.80923127000005,19.494526198000077],[98.80605809900004,19.493847298000052],[98.79897053000008,19.495938450000043],[98.79004127400003,19.501151796000045],[98.77910082800008,19.49891337500003],[98.78664397500006,19.493753164000054],[98.79088365700005,19.487111270000067],[98.78616409500006,19.477966912000056],[98.78694057800004,19.474859035000065],[98.78963273300008,19.472512511000048],[98.78893886600008,19.467975034000062],[98.78462388200006,19.46184048000004],[98.77515389200005,19.459461238000078],[98.76696040400009,19.45948930100008],[98.76338032700005,19.457489705000054],[98.75960315500004,19.452516540000033],[98.75274952300003,19.453304859000067],[98.74168115700007,19.447910047000047],[98.72281688200007,19.44164880900008],[98.71539099400007,19.441619241000073],[98.71162045900009,19.43409435200004],[98.70774504500008,19.43080991500005],[98.68382909700006,19.432809982000038],[98.65877471600004,19.42916331200007],[98.65183710300005,19.43664871400006],[98.64018558600009,19.440335733000044],[98.63052581000005,19.43862638200005],[98.62065271700004,19.433233446000035],[98.58980874600007,19.424138309000057],[98.58810919400008,19.427390078000034],[98.58845394300005,19.43091984700004],[98.58553883200005,19.432998524000027],[98.58453658300004,19.444211257000067],[98.58912634800004,19.44833809900007],[98.59223455400007,19.455814258000032],[98.59088149900003,19.457668329000057],[98.59098724500006,19.462991402000057],[98.59476918600006,19.461895112000033],[98.59889169400009,19.46999697700005],[98.59648095900009,19.479790058000045],[98.59257804000003,19.48313858700004],[98.59502643900004,19.489576196000034],[98.59158121600008,19.495672978000073],[98.58806836600007,19.498380647000033],[98.58743079500005,19.514930498000073],[98.57488734900005,19.525345963000063],[98.56820498300004,19.52019486100005],[98.56480750900005,19.527969819000074],[98.56407781600007,19.53172292500005],[98.56563631100005,19.537157897000036],[98.56268822600003,19.54269496500007],[98.56590942300005,19.56012146600006],[98.55674765500004,19.563036211000057],[98.54230958000005,19.571858621000047],[98.54431745800008,19.57586027700006],[98.54143997300008,19.582257893000076],[98.54111507800008,19.592818940000033],[98.53674545100007,19.600247379000052],[98.53863949800007,19.609438223000037],[98.53624642600005,19.61528570900003],[98.53953525700007,19.623377621000035],[98.5354118690001,19.626109714000048],[98.52678096100004,19.62703836300005],[98.52301936400005,19.631092753000075],[98.52177511600007,19.638813682000038],[98.51354454700004,19.638985910000027],[98.50431380400005,19.64445735500004],[98.50159301400004,19.649189637000063],[98.4969543000001,19.65215660400003],[98.47235137300004,19.657887697000042],[98.46872796100007,19.66289016200005],[98.47055120000005,19.66587540800003],[98.47175312100006,19.676447412000076],[98.46941108400006,19.679508480000038],[98.47047515400004,19.684307863000072],[98.46683192000006,19.693383502000074],[98.46866442200007,19.69473540500007],[98.47310744600009,19.69452032400005],[98.48590876800006,19.70459724500006],[98.49779678600004,19.705609138000057],[98.50331418200005,19.709245969000055],[98.50708208800006,19.709742086000066],[98.50944749300004,19.71712480700006],[98.51833877300004,19.715834061000066],[98.52641706000009,19.706021322000026],[98.52988682200004,19.704871482000037],[98.53376698200003,19.696463849000054],[98.53907335200007,19.692756656000032],[98.53908159200006,19.688626864000064],[98.54990142000008,19.686232448000055],[98.55757552900008,19.681005647000067],[98.55961020500007,19.67527000500007],[98.56266862700005,19.674972483000033],[98.56743743400006,19.67166299100006],[98.56792755200007,19.680337271000038],[98.57151204800005,19.68842026400005],[98.57070396000006,19.693040668000037],[98.57318188100004,19.698143342000037],[98.57286882100004,19.704204040000032],[98.57772375300004,19.704579263000028],[98.59154479500006,19.715073636000056],[98.60120285100004,19.712861015000048],[98.60886685500009,19.70858539400006],[98.61531555900007,19.710709440000073],[98.61717529500004,19.717023391000055],[98.62407641500006,19.712948818000033],[98.62822155100008,19.715209892000072],[98.62857721500006,19.720287076000034],[98.62654254700004,19.723475113000067],[98.62657943700005,19.727878387000036],[98.63317330900009,19.727733857000032],[98.63681011400008,19.730942562000052],[98.64400263900006,19.732694325000068],[98.65418578900005,19.739297605000047],[98.65638727400005,19.73883418400004],[98.66096320800006,19.73380033800004],[98.66109304800005,19.736437085000034],[98.66581628100005,19.74034761700005],[98.66433914500004,19.74657350100006],[98.66685010000003,19.749081394000033],[98.67320404400006,19.751320683000074],[98.68006405400007,19.749067080000035],[98.68503274300008,19.75387219600004],[98.69215495200007,19.75516103700005],[98.69512879100006,19.754230811000067],[98.70039945300005,19.757391311000053],[98.70463922700009,19.75742094800006]]]}},{"type":"Feature","properties":{"AP_EN":"Chai Prakan","AP_TN":"\u0e44\u0e0a\u0e22\u0e1b\u0e23\u0e32\u0e01\u0e32\u0e23","PV_EN":"Chiang Mai","total_area_ha":49952.48230367462,"forest_2019_ha":27976.63773987526,"forest_2023_ha":31084.15290649187,"mean_agb_2019_Mg_ha":173.8774252969177,"mean_agb_2023_Mg_ha":172.37215316272307,"total_agb_2019_Mg":3468230.4134623483,"total_agb_2023_Mg":3920008.7346107047,"mean_co2_2019_Mg_ha":295.7303757707654,"mean_co2_2023_Mg_ha":292.72149349371426,"total_co2_2019_Mg":5898759.340983218,"total_co2_2023_Mg":6656938.569315754,"delta_forest_ha":3107.5151666166093,"delta_forest_pct":11.107536207567396,"delta_agb_Mg_ha":-1.5052721341946267,"delta_co2_Mg_ha":-3.008882277051157},"geometry":{"type":"Polygon","coordinates":[[[99.03923194200007,19.791171488000032],[99.04125370600008,19.777791869000055],[99.04857905700004,19.762845197000047],[99.06713069700004,19.766074425000056],[99.08070533700004,19.763698882000025],[99.09199315700005,19.76656266300006],[99.12004175400006,19.765579097000057],[99.13314704200008,19.762266831000037],[99.15006075700006,19.762253451000046],[99.15929252000006,19.760528458000067],[99.16309869300005,19.76810700400006],[99.16970029600009,19.76026812000003],[99.16556400800005,19.750860037000052],[99.16959196000005,19.743839091000044],[99.17486343900003,19.74273603600005],[99.18058647400005,19.743814790000037],[99.18254971700009,19.74257474100006],[99.18766302300008,19.744566618000018],[99.19263406100004,19.750683856000016],[99.20098789100007,19.751677773000036],[99.20861155500006,19.759953639000063],[99.2121917090001,19.76631140700005],[99.23161761300008,19.76823476900006],[99.24093927400008,19.75921494800002],[99.25212626800004,19.760692887000065],[99.25893438300005,19.758037623000057],[99.28135086400005,19.75441164400008],[99.29108627700003,19.756137938000048],[99.29614111500007,19.754593382000056],[99.32082926300006,19.736736952000054],[99.34089728400005,19.71265281300003],[99.32669910700008,19.712844157000067],[99.31339589800007,19.70773493700006],[99.31396149600005,19.702652952000054],[99.31138166000005,19.70360180300002],[99.30869837000006,19.698511884000023],[99.30480974200003,19.697348249000072],[99.30180516700005,19.689936276000022],[99.29688973400005,19.685749077000025],[99.29483871000008,19.679702229000046],[99.28892509900004,19.677886376000064],[99.28614853900007,19.67435963400004],[99.26533438000007,19.663980994000042],[99.26366411900005,19.653622558000055],[99.25836950800004,19.650352077000036],[99.26081825000006,19.636110758000026],[99.25870845100008,19.630079343000034],[99.26629552100007,19.624591853000023],[99.26649948000006,19.612355433000058],[99.28038175900008,19.602398159000078],[99.28450039800003,19.60358233100004],[99.29225973100006,19.59432956200004],[99.29347775600007,19.59096806900004],[99.29094719400007,19.588238469000036],[99.28939951900009,19.580896109000037],[99.29483556800007,19.576355231000036],[99.29540967000008,19.569951546000027],[99.29275082400005,19.571250436000074],[99.28905253900007,19.570115470000076],[99.27257850900008,19.57061329100003],[99.26463931900008,19.567532172000035],[99.25596723000007,19.57106235800006],[99.24549338400004,19.58011398100006],[99.23631478400007,19.581147427000072],[99.23074805600004,19.578477401000043],[99.22881207800003,19.574776924000044],[99.22471154500006,19.572084508000042],[99.20961520900005,19.57109052200008],[99.20820241800006,19.57205912600006],[99.20948602500005,19.57648807300006],[99.20845231000004,19.57848194800005],[99.20119787700008,19.57888781600008],[99.19660855400008,19.581434557000023],[99.18144073500008,19.576317381000024],[99.17432495600008,19.572092773000065],[99.16738660400007,19.570834147000028],[99.16525230700006,19.572164569000055],[99.16509997200006,19.57880924100004],[99.15966404100004,19.58274527300005],[99.14046067100008,19.574338662000063],[99.13524155600004,19.57048831900005],[99.12860989000006,19.575289618000056],[99.12657255600004,19.581467927000062],[99.12286884800005,19.58417710200007],[99.11812779700006,19.591412215000048],[99.11344722700005,19.593279124000045],[99.10962334800007,19.59747244500005],[99.10888696400008,19.60139273300007],[99.10092991300009,19.605904616000025],[99.09208373600006,19.60308978000006],[99.08940085700004,19.60370113500005],[99.08804427900009,19.60686930500003],[99.09150469600007,19.61991487600005],[99.09087214400006,19.630296538000042],[99.08959060000007,19.633134820000063],[99.08652732100006,19.63455062000003],[99.07841212900007,19.63415896700008],[99.07642829800005,19.635540233000032],[99.07818300600007,19.647267326000076],[99.07486383200006,19.649182335000035],[99.07422291800003,19.656260871000033],[99.06978743700006,19.65892857600005],[99.06866366900005,19.673148789000034],[99.06288957100008,19.681110266000076],[99.05446076000004,19.681408982000047],[99.05212750600003,19.679712972000058],[99.04881403100006,19.685951709000058],[99.04058577900008,19.686965904000033],[99.04099625800006,19.69014910100003],[99.03737345500008,19.69222614600005],[99.03502980100006,19.69607186800005],[99.02989014700007,19.695982427000047],[99.02632842000008,19.704904772000077],[99.02715842300006,19.707482453000065],[99.02399315300005,19.718008745000077],[99.02422427500005,19.73190081800004],[99.02487169700005,19.735361890000036],[99.02768885900008,19.734877999000048],[99.02935698300007,19.736676091000053],[99.02917373500009,19.744212952000055],[99.01817188200005,19.756610854000034],[99.01680460000006,19.760085695000043],[99.01790272400007,19.76370488500004],[99.02251488500008,19.766842443000026],[99.02317394000005,19.773708173000045],[99.02699133500005,19.77788947800008],[99.02945313400005,19.784427306000055],[99.02375675300006,19.789118315000056],[99.01304432500007,19.793240252000032],[99.03336816400008,19.801278204000024],[99.03923194200007,19.791171488000032]]]}},{"type":"Feature","properties":{"AP_EN":"Mae Wang","AP_TN":"\u0e41\u0e21\u0e48\u0e27\u0e32\u0e07","PV_EN":"Chiang Mai","total_area_ha":62111.70460804434,"forest_2019_ha":45953.245562134805,"forest_2023_ha":52012.94257336417,"mean_agb_2019_Mg_ha":171.54575171608803,"mean_agb_2023_Mg_ha":180.06609630825352,"total_agb_2019_Mg":6167473.54022626,"total_agb_2023_Mg":7583678.120975918,"mean_co2_2019_Mg_ha":294.1666031363713,"mean_co2_2023_Mg_ha":307.0650627756229,"total_co2_2019_Mg":10575980.668378696,"total_co2_2023_Mg":12932373.37162976,"delta_forest_ha":6059.697011229364,"delta_forest_pct":13.186657301573748,"delta_agb_Mg_ha":8.520344592165486,"delta_co2_Mg_ha":12.898459639251598},"geometry":{"type":"Polygon","coordinates":[[[98.55990329000008,18.80002224900005],[98.56400999800007,18.793789097000058],[98.56173888600006,18.788932797000026],[98.56417134500003,18.778558681000053],[98.56383153600008,18.773142038000064],[98.57211831000006,18.77102602800005],[98.57524707200008,18.762002207000027],[98.57777482300008,18.759302257000055],[98.58246534900007,18.75827118600006],[98.58557825800006,18.75966653400008],[98.58779648400008,18.748704116000056],[98.59012921100003,18.74876798600007],[98.59310697800004,18.74502493900008],[98.59334899700009,18.741883709000035],[98.59694272200005,18.738458256000055],[98.59796359500007,18.733233222000024],[98.60196501700005,18.727999850000064],[98.61283934800008,18.73133047900006],[98.61612489800007,18.72876598700003],[98.6222522610001,18.729904782000066],[98.63415061400008,18.72860888100007],[98.64798498400006,18.736803331000036],[98.66134190500009,18.740095144000065],[98.66140233400006,18.743539797000036],[98.66983990700004,18.750358099000035],[98.67450820300009,18.74768656000004],[98.68102743800006,18.748969861000038],[98.69254600200009,18.745749073000066],[98.69719083900009,18.737009131000036],[98.70025617200008,18.73444844000005],[98.69985823400005,18.73048243800002],[98.70380689100006,18.725983345000035],[98.71202698300004,18.728351659000054],[98.71788752000003,18.72616663200006],[98.72183172600006,18.727843410000048],[98.73073930100009,18.727221515000053],[98.73447681400006,18.72847746900004],[98.73815158500008,18.732590364000032],[98.74010381600004,18.72995740800008],[98.75487799200005,18.726798245000055],[98.77013376300005,18.729232969000066],[98.77367535400003,18.733402630000054],[98.77545863000006,18.740225007000046],[98.78189826600004,18.746186339000076],[98.78622214800004,18.742698178000065],[98.78663415300008,18.73945065000004],[98.79051606900003,18.739321725000025],[98.80775259900008,18.727126593000037],[98.81544390700009,18.731963974000056],[98.81962709400005,18.723751438000022],[98.82221880000009,18.72171698900007],[98.82326904700005,18.718843917000072],[98.82152539800006,18.713022956000028],[98.82373525800006,18.710024447000027],[98.82195999600003,18.706727305000076],[98.81770296700006,18.706897195000067],[98.81957012800007,18.70423167400003],[98.81695386400008,18.70010557000006],[98.80815242100005,18.695629762000067],[98.80817775700007,18.692343359000063],[98.81123239900006,18.69373265500008],[98.81257939000005,18.69160330500006],[98.80663883000005,18.685437902000043],[98.81482489000007,18.680234635000037],[98.81787164600007,18.67637161900007],[98.81809607300005,18.67294757000008],[98.82146093800009,18.672712422000075],[98.82304352000006,18.669435389000054],[98.82518313500005,18.670784054000023],[98.82781585100008,18.66893934600006],[98.82779468600006,18.666714850000062],[98.8222980930001,18.65905341600006],[98.82360766900007,18.64454864500004],[98.81780937100008,18.64031671300006],[98.82062086100007,18.638266655000052],[98.82092787500005,18.634805385000046],[98.82327480100008,18.632646387000015],[98.82929411000003,18.63142503200003],[98.82831804000006,18.62893981500002],[98.83052580200007,18.62832045200003],[98.82984295200004,18.62620606500008],[98.83394366800007,18.621395842000027],[98.83327445700007,18.61955713800006],[98.83538830600008,18.618489120000046],[98.83199265200005,18.61256732800007],[98.83233336800004,18.605259236000048],[98.83489211500006,18.60526601500004],[98.83329626900007,18.59898315700008],[98.83359541900006,18.588330927000072],[98.83701225800007,18.58274838000005],[98.83416114600004,18.576692638000054],[98.84035544800008,18.57363858900004],[98.84242371000005,18.571235066000042],[98.84306462900008,18.56667475100005],[98.85281089700004,18.55615885900005],[98.85658699600003,18.555722287000037],[98.85804205900007,18.551598617000028],[98.85635902300004,18.548223866000058],[98.85349233500006,18.54536109900004],[98.84774501600003,18.546670470000038],[98.84462502700006,18.551334986000033],[98.84458434700008,18.554075760000046],[98.83902932300003,18.557104521000035],[98.83956184100003,18.560207304000073],[98.83370885200009,18.559618150000063],[98.82978254500006,18.561172593000034],[98.81772318400006,18.572669078000047],[98.80360498300007,18.577380692000077],[98.79877677600007,18.58496193000008],[98.76760181900005,18.56421197900005],[98.76046690200008,18.55537060400007],[98.74827343300007,18.553473692000065],[98.74462579500005,18.55142167100007],[98.74233306300005,18.55209641200003],[98.72999059800009,18.562942906000046],[98.71671588400005,18.571723106000036],[98.71161154000004,18.58282875200007],[98.71476153000003,18.59913021000005],[98.70886228300009,18.601726390000064],[98.69901159200003,18.615459944000065],[98.69217534000006,18.621890705000055],[98.68568948000006,18.619863390000035],[98.67742117100005,18.621048061000064],[98.67425284700005,18.618238578000046],[98.66961728900009,18.61746679200007],[98.66588095900005,18.613303868000056],[98.66134421700008,18.61552813700007],[98.6564688750001,18.611495157000036],[98.65133775000004,18.609972999000036],[98.63158732900007,18.613370940000035],[98.62400043600007,18.605472609000056],[98.62380436800004,18.60074085900004],[98.60927159300007,18.594072921000077],[98.60119488100008,18.584408013000033],[98.59529635600008,18.582320110000072],[98.57229864900006,18.580998390000044],[98.56037357300005,18.584105985000065],[98.55737802800007,18.583188409000055],[98.55114087400005,18.58499027900007],[98.54466920900006,18.584600818000066],[98.53652232800005,18.58927613900004],[98.53082839300005,18.588646348000058],[98.52069944000004,18.593209833000063],[98.50831008700004,18.59483635900006],[98.49830671900008,18.590784772000067],[98.48755786000004,18.59224596300004],[98.49040169900007,18.61301012200005],[98.48782356200007,18.629761437000067],[98.49213060500006,18.63701011300003],[98.49210561800004,18.647809049000042],[98.49537930000008,18.651212676000057],[98.49880480100006,18.659769306000044],[98.49572285100004,18.669015717000036],[98.49892085900007,18.67927308000003],[98.49735966400004,18.689246565000076],[98.49970502600007,18.69228047300004],[98.49749047200004,18.71170677700007],[98.49663603600006,18.714285879000045],[98.49344210100008,18.714754012000068],[98.49184790700008,18.716687153000066],[98.49711136200006,18.71853261600007],[98.49713832600008,18.721242868000047],[98.49486604800006,18.722230903000025],[98.49389400500007,18.73252107700006],[98.48873766800006,18.733762178000063],[98.48967678600008,18.738990776000037],[98.49719826000006,18.74897968600004],[98.49704693900009,18.760230044000025],[98.49518539900004,18.762100343000046],[98.49697078800006,18.763415614000056],[98.49609413800005,18.768884424000078],[98.49945890100008,18.776480571000036],[98.50188795700006,18.776264509000043],[98.50301801700004,18.77381605400006],[98.50831631400007,18.775645507000032],[98.51117043600004,18.77382060700007],[98.51513283100007,18.77738612000007],[98.52742706300006,18.78071071600004],[98.53010080400009,18.788185966000075],[98.54019657200007,18.789374692000024],[98.54501038400008,18.79549482300007],[98.55330821100006,18.797108879000064],[98.55957614400006,18.802662742000056],[98.55990329000008,18.80002224900005]]]}},{"type":"Feature","properties":{"AP_EN":"Mae On","AP_TN":"\u0e41\u0e21\u0e48\u0e2d\u0e2d\u0e19","PV_EN":"Chiang Mai","total_area_ha":47106.17319276838,"forest_2019_ha":39045.02122365054,"forest_2023_ha":40839.20713037359,"mean_agb_2019_Mg_ha":171.58753706279322,"mean_agb_2023_Mg_ha":169.185711037147,"total_agb_2019_Mg":4949833.658649037,"total_agb_2023_Mg":5275411.594038314,"mean_co2_2019_Mg_ha":291.5958373731916,"mean_co2_2023_Mg_ha":284.49358018763246,"total_co2_2019_Mg":8411746.324702851,"total_co2_2023_Mg":8870847.54661148,"delta_forest_ha":1794.185906723047,"delta_forest_pct":4.59517206162066,"delta_agb_Mg_ha":-2.4018260256462156,"delta_co2_Mg_ha":-7.102257185559154},"geometry":{"type":"Polygon","coordinates":[[[99.38115932300008,18.916654415000036],[99.38350963600004,18.90935169000005],[99.38308210400004,18.905867434000072],[99.38515358100005,18.90414939000004],[99.38402907200003,18.899002522000043],[99.38738383500004,18.896398368000064],[99.38622612600005,18.88920003200008],[99.39150816400007,18.884847525000055],[99.38606942600006,18.87778692700004],[99.38824016000007,18.87501236700007],[99.38575387500003,18.867727529000035],[99.38207933400008,18.86670820300003],[99.37309188200004,18.857292218000058],[99.35316484700007,18.84734892400007],[99.35046267400008,18.836011682000052],[99.35270448500006,18.829739786000065],[99.35499948300009,18.828253242000073],[99.35252041100006,18.82339564200004],[99.35661110500007,18.817219606000037],[99.35874812800006,18.802026440000077],[99.36399014700004,18.798455417000067],[99.36616744900005,18.78721044600007],[99.37114906500005,18.780915979000042],[99.36695566400005,18.775443981000024],[99.36653187400003,18.76978490300007],[99.37101553400004,18.759997177000063],[99.37142985400004,18.753687977000023],[99.36544296800008,18.748510940000074],[99.36203605600008,18.747988850000066],[99.35389406100006,18.738368982000054],[99.34834172200004,18.735834117000024],[99.34842912800008,18.724385277000067],[99.34517055200007,18.72190929100003],[99.34411377100008,18.717931193000027],[99.34036906100005,18.71594292600002],[99.34208073200007,18.710735134000057],[99.34097826100003,18.706365078000033],[99.33436324800005,18.702986661000065],[99.33317098500004,18.70076659600005],[99.33602169300008,18.693301873000053],[99.32743220000003,18.68523605800004],[99.33124620400008,18.68060761200007],[99.33413347800007,18.67256780500003],[99.33317228800007,18.668683214000055],[99.34371347000007,18.661438417000053],[99.34867768400005,18.655807693000035],[99.34217105800008,18.649711153000062],[99.33311611000005,18.65052614400003],[99.33100194300005,18.647266058000067],[99.32737584300008,18.639174419000028],[99.32879283300008,18.63280697800008],[99.32709003700006,18.629162005000065],[99.33089297300006,18.626485772000027],[99.32750518800003,18.618843331000047],[99.33630001000006,18.615836262000073],[99.34794925900007,18.617039734000063],[99.35534919500009,18.612436897000062],[99.35959337200006,18.605291124000075],[99.35358410500004,18.595146098000047],[99.34912007600008,18.59325418900005],[99.35143188400009,18.589063055000054],[99.35064497500008,18.583158206000064],[99.35348595000005,18.57972299000005],[99.34710197000004,18.57871355700007],[99.34323206700009,18.57509753800003],[99.33825363700004,18.576954800000067],[99.33245113300006,18.57605454000003],[99.32792884500009,18.56592407700004],[99.32927172700005,18.556732341000046],[99.32699908700005,18.54329675000002],[99.32301626900005,18.536610937000038],[99.31932437500008,18.536224057000027],[99.31711564700004,18.532141451000026],[99.31418916100006,18.532188139000027],[99.30166248500007,18.53679649200006],[99.29628416000008,18.537163135000068],[99.28847912700009,18.547154358000054],[99.27574543900005,18.556005819000063],[99.27243396900008,18.562660373000032],[99.26501433400006,18.56802598200005],[99.26350788800005,18.57175063700003],[99.25187714300006,18.573837368000053],[99.24538307400007,18.582284075000075],[99.23696287000007,18.58284842500006],[99.22901193500007,18.589309158000052],[99.21888459800005,18.59191285100007],[99.22335885900009,18.60275099100005],[99.22336510300005,18.607537753000035],[99.22631134900007,18.61135167300005],[99.23007183600005,18.61233677900003],[99.23538155300008,18.617116977000027],[99.23175025200004,18.62937024800004],[99.23367927600005,18.635704632000056],[99.23131387200004,18.64098461600003],[99.23444141300008,18.650911234000038],[99.23359699700006,18.651803656000027],[99.23720921000006,18.655441438000025],[99.24660708600004,18.656415610000067],[99.24991582000007,18.664214393000066],[99.25706164100006,18.668364470000025],[99.26163617100008,18.67017252200003],[99.26470824900008,18.66884076800005],[99.26246701900004,18.675907070000047],[99.26460504300007,18.679866077000042],[99.26981738500007,18.683341651000042],[99.26936084000005,18.688491668000037],[99.27153584300004,18.694624154000056],[99.26751739900006,18.69864502400003],[99.26634382300006,18.705905272000045],[99.26919483200004,18.71246385200004],[99.26869681200009,18.717306623000066],[99.26710883400006,18.721590598000034],[99.26301743500005,18.724914425000065],[99.26051114600006,18.729752072000053],[99.26130499400006,18.73321925700003],[99.25956321200005,18.737172367000024],[99.25515724700007,18.740626378000055],[99.24731785600005,18.743513207000035],[99.22925388900006,18.74389320100005],[99.21820372700006,18.75205746400007],[99.21431658800009,18.756711954000025],[99.21472228200008,18.76054468400002],[99.21953238800008,18.761807793000063],[99.22510146400003,18.766774266000024],[99.22828149300005,18.77783389300004],[99.22587571100007,18.793543484000054],[99.22336639700006,18.796969588000024],[99.21467155900007,18.80267250300005],[99.21210906300007,18.810569990000033],[99.20900299000004,18.814158128000027],[99.21237970000004,18.816839682000023],[99.21945460100005,18.81895990200007],[99.21980885200009,18.82156238000004],[99.21685629200005,18.82692865600007],[99.21859905400004,18.829378130000062],[99.22857411600006,18.83293158500004],[99.23321110500007,18.83270554500007],[99.23520420300008,18.83472073100006],[99.23586434500004,18.844824158000048],[99.23791491700007,18.85045209600003],[99.23651404200007,18.865193374000057],[99.23477688300005,18.867439201000025],[99.23964580000006,18.87026068800003],[99.24025386200003,18.872663950000064],[99.24837893300008,18.873892586000064],[99.25120624900006,18.879784797000067],[99.25690875100008,18.882872438000046],[99.25547944800007,18.886928965000042],[99.25660527100007,18.888943962000045],[99.2675768430001,18.892846355000074],[99.27092320800007,18.897607780000047],[99.27444139200009,18.898070321000038],[99.27927433900004,18.902962695000042],[99.28433182700007,18.90183434900007],[99.29594779500007,18.903478021000065],[99.30210458600004,18.906479927000078],[99.31732848900005,18.919241738000043],[99.32105819800006,18.91610490200003],[99.32408125700005,18.916543627000067],[99.33021468900006,18.91350181500007],[99.34778401500006,18.909285312000065],[99.35095569700007,18.90987244400003],[99.35610739500004,18.913860671000062],[99.36965137400006,18.913337140000063],[99.37788516800003,18.920750633000065],[99.37839740100009,18.918381731000068],[99.38115932300008,18.916654415000036]]]}},{"type":"Feature","properties":{"AP_EN":"Doi Lo","AP_TN":"\u0e14\u0e2d\u0e22\u0e2b\u0e25\u0e48\u0e2d","PV_EN":"Chiang Mai","total_area_ha":22184.03297597245,"forest_2019_ha":11140.99152326645,"forest_2023_ha":15599.1567625653,"mean_agb_2019_Mg_ha":85.64377591502911,"mean_agb_2023_Mg_ha":109.6268326880084,"total_agb_2019_Mg":696010.7426462081,"total_agb_2023_Mg":1270258.299182807,"mean_co2_2019_Mg_ha":145.65285231891863,"mean_co2_2023_Mg_ha":184.83824601511623,"total_co2_2019_Mg":1183693.1274627035,"total_co2_2023_Mg":2141741.4688044973,"delta_forest_ha":4458.165239298851,"delta_forest_pct":40.01587497834979,"delta_agb_Mg_ha":23.983056772979296,"delta_co2_Mg_ha":39.18539369619759},"geometry":{"type":"Polygon","coordinates":[[[98.69519605400006,18.619960366000047],[98.70876584200005,18.601826788000036],[98.71482038600004,18.599006026000037],[98.71161154000004,18.58282875200007],[98.71663573400008,18.57183596100003],[98.72999059800009,18.562942906000046],[98.74233306300005,18.55209641200003],[98.74462579500005,18.55142167100007],[98.74827343300007,18.553473692000065],[98.76046690200008,18.55537060400007],[98.76760181900005,18.56421197900005],[98.79877677600007,18.58496193000008],[98.80360498300007,18.577380692000077],[98.81772318400006,18.572669078000047],[98.82978254500006,18.561172593000034],[98.83370885200009,18.559618150000063],[98.83956184100003,18.560207304000073],[98.83902932300003,18.557104521000035],[98.84458434700008,18.554075760000046],[98.84462502700006,18.551334986000033],[98.84764543500006,18.546766419000047],[98.85333895100007,18.545701039000054],[98.85932403300006,18.53817231200003],[98.85600572000004,18.536242431000062],[98.85913730600004,18.526102871000035],[98.85645893600008,18.52431808200004],[98.85748975000007,18.521628884000055],[98.85617162600005,18.51843064100007],[98.85758651900005,18.516320174000036],[98.85522362400008,18.513129042000056],[98.85770047800008,18.509189156000048],[98.85541115700005,18.507337987000028],[98.84821430000005,18.507821540000066],[98.84625168800005,18.506582858000062],[98.84514091200003,18.503284154000024],[98.84645002600007,18.499627025000052],[98.84196928200004,18.488866788000053],[98.83628167000006,18.484379022000038],[98.82563460400009,18.47949794500005],[98.82249498300007,18.47566849100002],[98.81538470600003,18.471362914000057],[98.81553582200007,18.464010499000043],[98.81420782100008,18.46204000800003],[98.80541280700004,18.463229875000028],[98.79849843200009,18.453158634000037],[98.78793874400009,18.45380013100004],[98.77855452000006,18.450528883000057],[98.76444228000008,18.43467472900005],[98.76109724900004,18.434375678000038],[98.75486384700008,18.43710856100006],[98.74528492000007,18.43146177400007],[98.74122933000007,18.432057329000035],[98.73964068300006,18.435886215000036],[98.74336588900007,18.43843327500002],[98.74763601300003,18.444636929000072],[98.74931132800003,18.455052249000055],[98.74705499000004,18.46127089500004],[98.74674683900008,18.474817540000064],[98.73980200800008,18.491631482000056],[98.73401220700005,18.494816152000055],[98.73068018100008,18.49893734000005],[98.72627046400004,18.49891858700005],[98.71009629900004,18.506467299000064],[98.69296258100007,18.511082455000068],[98.69117575900003,18.517423142000037],[98.68295183300006,18.524700987000077],[98.68365754100006,18.526228471000024],[98.68722489600003,18.52646487700002],[98.6899140450001,18.534931185000065],[98.67477243500008,18.54970325100004],[98.67169957200008,18.558382340000037],[98.66779520800009,18.558585643000068],[98.66869178800005,18.563253091000036],[98.66664676900007,18.564544184000052],[98.66678242400008,18.566822001000048],[98.65959957800004,18.56682047700002],[98.65847897600008,18.57097028100003],[98.65009999800009,18.57478251300006],[98.64474534800007,18.58050032100004],[98.63477826700006,18.58311132800003],[98.63254347000009,18.58773216100008],[98.62615497300004,18.591830737000066],[98.62420802700007,18.596183154000073],[98.62393879600006,18.605350474000034],[98.63158732900007,18.613370940000035],[98.63493719600007,18.61207939200005],[98.63857911400004,18.613021844000063],[98.64978530600007,18.609792749000068],[98.65609424000007,18.611301287000057],[98.66134421700008,18.61552813700007],[98.66588095900005,18.613303868000056],[98.66961728900009,18.61746679200007],[98.67425284700005,18.618238578000046],[98.67755796600005,18.62108557700003],[98.68568948000006,18.619863390000035],[98.69189238000007,18.621915096000066],[98.69519605400006,18.619960366000047]]]}},{"type":"Feature","properties":{"AP_EN":"Kanlayaniwatthana","AP_TN":"\u0e01\u0e31\u0e25\u0e22\u0e32\u0e13\u0e34\u0e27\u0e31\u0e12\u0e19\u0e32","PV_EN":"Chiang Mai","total_area_ha":52336.43429672137,"forest_2019_ha":46324.87597534242,"forest_2023_ha":46887.508390542665,"mean_agb_2019_Mg_ha":189.51239934392495,"mean_agb_2023_Mg_ha":198.39949637911445,"total_agb_2019_Mg":7588849.467429456,"total_agb_2023_Mg":8226630.034779757,"mean_co2_2019_Mg_ha":325.22879868214926,"mean_co2_2023_Mg_ha":342.3560966518182,"total_co2_2019_Mg":13023487.553345945,"total_co2_2023_Mg":14195786.009118756,"delta_forest_ha":562.6324152002489,"delta_forest_pct":1.2145362580133494,"delta_agb_Mg_ha":8.887097035189498,"delta_co2_Mg_ha":17.127297969668916},"geometry":{"type":"Polygon","coordinates":[[[98.26470750100003,19.15257273700007],[98.27046095500003,19.15594612600006],[98.27382233200007,19.153962269000033],[98.28509183100005,19.15265994700007],[98.29302508800004,19.155709],[98.29658836600004,19.15440553100007],[98.30282669200005,19.155296860000075],[98.30552518800005,19.152699896000065],[98.32410514600008,19.15574010500006],[98.33053075800007,19.150262315000077],[98.34305213400006,19.15288306900004],[98.33957651400004,19.145842019000042],[98.33948346000005,19.142416627000042],[98.34149652000008,19.138779640000052],[98.34959765100007,19.131779859000062],[98.34472313800008,19.129080795000053],[98.34324048600007,19.122760826000047],[98.34523633200007,19.120090692000076],[98.34557610100006,19.112044340000075],[98.35297034300004,19.103236668000026],[98.35109013700009,19.096524489000046],[98.35634417800009,19.090051978000073],[98.36563974700005,19.088333259000017],[98.37121659000007,19.085207429000032],[98.37488953600007,19.075093738000078],[98.37173974700005,19.068250907000046],[98.37235491100006,19.065873955000026],[98.38168190200008,19.059360241000032],[98.38347199400005,19.062000584000028],[98.38562552700006,19.06170050100007],[98.38687471900005,19.058071687000055],[98.40082864900006,19.040989644000035],[98.40092298600007,19.035883889000043],[98.41439153800007,19.032822766000038],[98.42141447600005,19.02814775200005],[98.41934330000004,19.02479745000005],[98.42064984400008,19.020002735000052],[98.41975681300005,19.013111235000054],[98.41349667200006,19.011019680000064],[98.41467196700006,19.007600518000057],[98.40838805300008,19.00290371200003],[98.40462611900006,19.00561413400004],[98.40246359900006,19.005315708000072],[98.40100490300006,19.00041502700003],[98.39930324900007,18.999702340000056],[98.40170693100004,18.98699235800007],[98.40921959400004,18.983909900000068],[98.41190310300004,18.979148984000062],[98.41116170100008,18.971919007000054],[98.40960236500007,18.970732410000036],[98.41744836600009,18.96330029100005],[98.42764793700007,18.961042225000025],[98.43029464600005,18.95181642300003],[98.43344991700008,18.950726917000058],[98.44896163100003,18.960705784000027],[98.45518283000007,18.961381648000042],[98.46433604000003,18.95904729900008],[98.46796178600005,18.961773491000027],[98.47369214600008,18.96112560100005],[98.47159087300008,18.953956320000035],[98.46631697600009,18.947599188000027],[98.46083543500004,18.944935363000067],[98.45952190500009,18.942589713000075],[98.46041080600008,18.93621977200007],[98.47063947900006,18.932323588000028],[98.47636111200006,18.932721653000044],[98.47978400600005,18.92972293000003],[98.47673343800005,18.922755497000026],[98.47713595100004,18.91575596900003],[98.47466286800005,18.91003277800007],[98.47128115500004,18.907677956000036],[98.46370639900005,18.907268762000058],[98.46185718400005,18.905393787000037],[98.46128380300007,18.897539681000065],[98.46666051700004,18.891224420000075],[98.46549374000006,18.887986774000066],[98.43787673100007,18.88569567800005],[98.42661760400006,18.88333415900007],[98.41914679600008,18.879899339000072],[98.39712041200005,18.878309838000064],[98.38374958000009,18.882324951000047],[98.37925550400007,18.88202758800003],[98.36786120100004,18.89544473500007],[98.35017192700008,18.908078940000053],[98.35024288600005,18.925660173000036],[98.34711274600005,18.933185176000052],[98.34104288200007,18.937834872000053],[98.32898736100003,18.940888058000045],[98.32747966700003,18.93421309200005],[98.32579594400005,18.933051341000066],[98.31785222500008,18.931554884000033],[98.31131607100009,18.93350538400006],[98.30244442900005,18.93208842000007],[98.29471471900007,18.927680666000068],[98.28842299800004,18.92612936200004],[98.27901458500008,18.92885279500007],[98.27082904100007,18.93475373300003],[98.26552336900005,18.932754795000054],[98.26180782900008,18.939154184000078],[98.26095795300006,18.951468452000025],[98.25722689200006,18.953389752000078],[98.25401311400003,18.957576860000078],[98.24661381900006,18.959477490000044],[98.24544893600007,18.957796365000036],[98.24032958700008,18.96012058700006],[98.23347824300004,18.960729494000077],[98.22945389500006,18.956082424000044],[98.22904741100007,18.952107798000043],[98.22191340700006,18.947039818000064],[98.22020344900007,18.949427465000046],[98.21526447700006,18.949405499000026],[98.20662230100004,18.957677174000025],[98.20381890000004,18.95604639200007],[98.20058126800006,18.958913017000043],[98.19936752600006,18.957182832000058],[98.19744559700007,18.958249929000036],[98.18975642100008,18.96701063200004],[98.18396562400005,18.977302089000034],[98.1735526670001,18.988637985000025],[98.17133835200008,18.984371673000055],[98.16604775100006,18.983586554000052],[98.17042438900006,18.99514641900004],[98.16929717300009,18.999207992000038],[98.17916995300004,19.006635258000077],[98.18605264500007,19.015436055000063],[98.18630956200008,19.024205300000062],[98.18355892600005,19.027701766000067],[98.18512120600008,19.031885993000063],[98.19139109900004,19.033077050000035],[98.19113235200007,19.04107136400006],[98.20500180900007,19.048535130000058],[98.20890645900005,19.063257310000036],[98.21269232400005,19.063264468000057],[98.21684858300006,19.071361210000077],[98.22506575500006,19.08027023100004],[98.22554544900004,19.088452964000055],[98.23194249200009,19.088884140000065],[98.23323104800005,19.092572074000035],[98.23712707200008,19.094879121000076],[98.23811918800004,19.102293547000045],[98.24323220100007,19.10567638400005],[98.24693201500008,19.105616996000034],[98.25094726300006,19.10933402000006],[98.25182345400003,19.115326844000034],[98.24814303900007,19.118275976000064],[98.24670781900005,19.123174922000036],[98.24067280700007,19.12696371200007],[98.24447430700008,19.131502360000066],[98.24045244900005,19.13993985700006],[98.24277062600004,19.146026762000073],[98.24273767900007,19.152793032000034],[98.24671080700006,19.154487972000023],[98.25251901300004,19.160742664000054],[98.26089567400004,19.157462255000045],[98.26470750100003,19.15257273700007]]]}}]}