{
"type": "FeatureCollection",
"name": "point_forest",
"crs": { "type": "name", "properties": { "name": "urn:ogc:def:crs:OGC:1.3:CRS84" } },
"features": [
{ "type": "Feature", "properties": { "Id": 0, "x": 98.5338, "y": 18.9863 }, "geometry": { "type": "Point", "coordinates": [ 98.533780979747092, 18.986260079168538 ] } },
{ "type": "Feature", "properties": { "Id": 0, "x": 98.5295, "y": 18.9652 }, "geometry": { "type": "Point", "coordinates": [ 98.529528321113844, 18.965153876552066 ] } },
{ "type": "Feature", "properties": { "Id": 0, "x": 98.5438, "y": 18.9426 }, "geometry": { "type": "Point", "coordinates": [ 98.543755450463664, 18.942628959598075 ] } },
{ "type": "Feature", "properties": { "Id": 0, "x": 98.5641, "y": 18.9313 }, "geometry": { "type": "Point", "coordinates": [ 98.564107261768839, 18.931251114100746 ] } },
{ "type": "Feature", "properties": { "Id": 0, "x": 98.3895, "y": 19.0286 }, "geometry": { "type": "Point", "coordinates": [ 98.389487068276907, 19.028616394049212 ] } },
{ "type": "Feature", "properties": { "Id": 0, "x": 98.3772, "y": 19.0174 }, "geometry": { "type": "Point", "coordinates": [ 98.377206105623571, 19.017441981415338 ] } },
{ "type": "Feature", "properties": { "Id": 0, "x": 98.3665, "y": 19.0025 }, "geometry": { "type": "Point", "coordinates": [ 98.366481298870056, 19.002463312549967 ] } },
{ "type": "Feature", "properties": { "Id": 0, "x": 98.3551, "y": 18.9916 }, "geometry": { "type": "Point", "coordinates": [ 98.355126629329106, 18.991583643127257 ] } },
{ "type": "Feature", "properties": { "Id": 0, "x": 98.3404, "y": 18.9839 }, "geometry": { "type": "Point", "coordinates": [ 98.340373074165853, 18.983914055315843 ] } },
{ "type": "Feature", "properties": { "Id": 0, "x": 98.254, "y": 19.1057 }, "geometry": { "type": "Point", "coordinates": [ 98.254008461398698, 19.105743602424766 ] } },
{ "type": "Feature", "properties": { "Id": 0, "x": 98.2664, "y": 19.1006 }, "geometry": { "type": "Point", "coordinates": [ 98.266402430242167, 19.100633250772042 ] } },
{ "type": "Feature", "properties": { "Id": 0, "x": 98.2771, "y": 19.0985 }, "geometry": { "type": "Point", "coordinates": [ 98.27714165049855, 19.098515646927655 ] } },
{ "type": "Feature", "properties": { "Id": 0, "x": 98.2805, "y": 19.1103 }, "geometry": { "type": "Point", "coordinates": [ 98.280499067705549, 19.110289153955847 ] } },
{ "type": "Feature", "properties": { "Id": 0, "x": 98.2723, "y": 19.1494 }, "geometry": { "type": "Point", "coordinates": [ 98.27232699705894, 19.149438076896768 ] } },
{ "type": "Feature", "properties": { "Id": 0, "x": 98.268, "y": 19.1429 }, "geometry": { "type": "Point", "coordinates": [ 98.26801538772996, 19.142858296360998 ] } },
{ "type": "Feature", "properties": { "Id": 0, "x": 98.2588, "y": 19.1393 }, "geometry": { "type": "Point", "coordinates": [ 98.258758688742688, 19.13925862315487 ] } },
{ "type": "Feature", "properties": { "Id": 0, "x": 98.2582, "y": 19.1342 }, "geometry": { "type": "Point", "coordinates": [ 98.258189443610107, 19.134193709014728 ] } },
{ "type": "Feature", "properties": { "Id": 0, "x": 98.2703, "y": 19.1258 }, "geometry": { "type": "Point", "coordinates": [ 98.270260529422515, 19.125804282596544 ] } },
{ "type": "Feature", "properties": { "Id": 0, "x": 98.2759, "y": 19.1328 }, "geometry": { "type": "Point", "coordinates": [ 98.275951119829131, 19.132764456192824 ] } },
{ "type": "Feature", "properties": { "Id": 0, "x": 98.296, "y": 19.1422 }, "geometry": { "type": "Point", "coordinates": [ 98.296033788404557, 19.14221770238186 ] } },
{ "type": "Feature", "properties": { "Id": 0, "x": 98.3376, "y": 19.0992 }, "geometry": { "type": "Point", "coordinates": [ 98.337636742462848, 19.099245642117335 ] } },
{ "type": "Feature", "properties": { "Id": 0, "x": 98.3313, "y": 19.0955 }, "geometry": { "type": "Point", "coordinates": [ 98.331340104300892, 19.095472741195184 ] } },
{ "type": "Feature", "properties": { "Id": 0, "x": 98.3136, "y": 19.0881 }, "geometry": { "type": "Point", "coordinates": [ 98.313619035432183, 19.08809479148788 ] } },
{ "type": "Feature", "properties": { "Id": 0, "x": 98.3171, "y": 19.1085 }, "geometry": { "type": "Point", "coordinates": [ 98.317085274687443, 19.108545937634211 ] } },
{ "type": "Feature", "properties": { "Id": 0, "x": 98.3234, "y": 19.1116 }, "geometry": { "type": "Point", "coordinates": [ 98.323385108660361, 19.111569309286867 ] } },
{ "type": "Feature", "properties": { "Id": 0, "x": 98.3332, "y": 19.114 }, "geometry": { "type": "Point", "coordinates": [ 98.333238089785624, 19.114042854197052 ] } },
{ "type": "Feature", "properties": { "Id": 0, "x": 98.1967, "y": 19.0106 }, "geometry": { "type": "Point", "coordinates": [ 98.196727933262238, 19.010593359808983 ] } },
{ "type": "Feature", "properties": { "Id": 0, "x": 98.1981, "y": 18.9918 }, "geometry": { "type": "Point", "coordinates": [ 98.198049835846092, 18.991848598969739 ] } },
{ "type": "Feature", "properties": { "Id": 0, "x": 98.208, "y": 18.9734 }, "geometry": { "type": "Point", "coordinates": [ 98.2079924879895, 18.973433822551925 ] } },
{ "type": "Feature", "properties": { "Id": 0, "x": 98.213, "y": 18.967 }, "geometry": { "type": "Point", "coordinates": [ 98.212949911485097, 18.967009430830682 ] } },
{ "type": "Feature", "properties": { "Id": 0, "x": 98.2038, "y": 18.952 }, "geometry": { "type": "Point", "coordinates": [ 98.203782742035386, 18.952028375540589 ] } },
{ "type": "Feature", "properties": { "Id": 0, "x": 98.1894, "y": 18.9426 }, "geometry": { "type": "Point", "coordinates": [ 98.189356350804474, 18.942590571209852 ] } },
{ "type": "Feature", "properties": { "Id": 0, "x": 98.2407, "y": 18.9319 }, "geometry": { "type": "Point", "coordinates": [ 98.240659700919636, 18.931870544531087 ] } },
{ "type": "Feature", "properties": { "Id": 0, "x": 98.2475, "y": 18.9271 }, "geometry": { "type": "Point", "coordinates": [ 98.247541492383235, 18.927059966929622 ] } },
{ "type": "Feature", "properties": { "Id": 0, "x": 98.2549, "y": 18.9229 }, "geometry": { "type": "Point", "coordinates": [ 98.254904389288839, 18.92286547912628 ] } },
{ "type": "Feature", "properties": { "Id": 0, "x": 98.253, "y": 18.9159 }, "geometry": { "type": "Point", "coordinates": [ 98.252998217366525, 18.915945503891709 ] } },
{ "type": "Feature", "properties": { "Id": 0, "x": 98.2915, "y": 18.8815 }, "geometry": { "type": "Point", "coordinates": [ 98.291528402561084, 18.881482281686967 ] } },
{ "type": "Feature", "properties": { "Id": 0, "x": 98.2836, "y": 18.8697 }, "geometry": { "type": "Point", "coordinates": [ 98.283575796230508, 18.869732416818998 ] } },
{ "type": "Feature", "properties": { "Id": 0, "x": 98.2802, "y": 18.8565 }, "geometry": { "type": "Point", "coordinates": [ 98.280246651737073, 18.856535233529392 ] } },
{ "type": "Feature", "properties": { "Id": 0, "x": 98.1746, "y": 18.9355 }, "geometry": { "type": "Point", "coordinates": [ 98.17461222041058, 18.935494093451574 ] } },
{ "type": "Feature", "properties": { "Id": 0, "x": 98.1679, "y": 18.927 }, "geometry": { "type": "Point", "coordinates": [ 98.167881033430973, 18.926967694438257 ] } },
{ "type": "Feature", "properties": { "Id": 0, "x": 98.1707, "y": 18.9117 }, "geometry": { "type": "Point", "coordinates": [ 98.170726902398656, 18.911745601851631 ] } },
{ "type": "Feature", "properties": { "Id": 0, "x": 98.1723, "y": 18.905 }, "geometry": { "type": "Point", "coordinates": [ 98.172299209151888, 18.905014123141402 ] } },
{ "type": "Feature", "properties": { "Id": 0, "x": 98.1558, "y": 18.8882 }, "geometry": { "type": "Point", "coordinates": [ 98.155760717811617, 18.888240000272209 ] } },
{ "type": "Feature", "properties": { "Id": 0, "x": 98.1968, "y": 18.8706 }, "geometry": { "type": "Point", "coordinates": [ 98.196781897317877, 18.87054994540631 ] } },
{ "type": "Feature", "properties": { "Id": 0, "x": 98.1944, "y": 18.8576 }, "geometry": { "type": "Point", "coordinates": [ 98.194381394553318, 18.857648422846324 ] } },
{ "type": "Feature", "properties": { "Id": 0, "x": 98.1895, "y": 18.8488 }, "geometry": { "type": "Point", "coordinates": [ 98.189499843358917, 18.848837817750816 ] } },
{ "type": "Feature", "properties": { "Id": 0, "x": 98.2817, "y": 18.8238 }, "geometry": { "type": "Point", "coordinates": [ 98.281733624323309, 18.823756295360976 ] } },
{ "type": "Feature", "properties": { "Id": 0, "x": 98.2894, "y": 18.7987 }, "geometry": { "type": "Point", "coordinates": [ 98.289350490967379, 18.798749941272064 ] } },
{ "type": "Feature", "properties": { "Id": 0, "x": 98.2984, "y": 18.7845 }, "geometry": { "type": "Point", "coordinates": [ 98.298422482909743, 18.784478181847017 ] } },
{ "type": "Feature", "properties": { "Id": 0, "x": 98.2978, "y": 18.7623 }, "geometry": { "type": "Point", "coordinates": [ 98.297763318316868, 18.762301251214513 ] } },
{ "type": "Feature", "properties": { "Id": 0, "x": 98.1951, "y": 18.7199 }, "geometry": { "type": "Point", "coordinates": [ 98.19510060505911, 18.719931500609512 ] } },
{ "type": "Feature", "properties": { "Id": 0, "x": 98.1881, "y": 18.7021 }, "geometry": { "type": "Point", "coordinates": [ 98.188092357019684, 18.702082677686025 ] } },
{ "type": "Feature", "properties": { "Id": 0, "x": 98.1859, "y": 18.6873 }, "geometry": { "type": "Point", "coordinates": [ 98.185906128486664, 18.687326766277664 ] } },
{ "type": "Feature", "properties": { "Id": 0, "x": 98.2037, "y": 18.6776 }, "geometry": { "type": "Point", "coordinates": [ 98.203681835719323, 18.677572049174831 ] } },
{ "type": "Feature", "properties": { "Id": 0, "x": 98.1716, "y": 18.7174 }, "geometry": { "type": "Point", "coordinates": [ 98.171575893726768, 18.717371230527938 ] } },
{ "type": "Feature", "properties": { "Id": 0, "x": 98.1565, "y": 18.7062 }, "geometry": { "type": "Point", "coordinates": [ 98.156477264453514, 18.706244128006226 ] } },
{ "type": "Feature", "properties": { "Id": 0, "x": 98.1604, "y": 18.752 }, "geometry": { "type": "Point", "coordinates": [ 98.160442337168163, 18.752036910778955 ] } },
{ "type": "Feature", "properties": { "Id": 0, "x": 98.1656, "y": 18.7579 }, "geometry": { "type": "Point", "coordinates": [ 98.165573319586073, 18.75789693601179 ] } },
{ "type": "Feature", "properties": { "Id": 0, "x": 98.1724, "y": 18.7524 }, "geometry": { "type": "Point", "coordinates": [ 98.172372598425184, 18.752397285649721 ] } },
{ "type": "Feature", "properties": { "Id": 0, "x": 98.27, "y": 18.707 }, "geometry": { "type": "Point", "coordinates": [ 98.269959769749207, 18.707027629726134 ] } },
{ "type": "Feature", "properties": { "Id": 0, "x": 98.2805, "y": 18.7329 }, "geometry": { "type": "Point", "coordinates": [ 98.280489912531451, 18.732874985570568 ] } },
{ "type": "Feature", "properties": { "Id": 0, "x": 98.2888, "y": 18.7486 }, "geometry": { "type": "Point", "coordinates": [ 98.288808094036654, 18.74857507277871 ] } },
{ "type": "Feature", "properties": { "Id": 0, "x": 98.3191, "y": 18.7561 }, "geometry": { "type": "Point", "coordinates": [ 98.319092004433202, 18.756061079964987 ] } },
{ "type": "Feature", "properties": { "Id": 0, "x": 98.3088, "y": 18.7453 }, "geometry": { "type": "Point", "coordinates": [ 98.308815821790276, 18.745270603207992 ] } },
{ "type": "Feature", "properties": { "Id": 0, "x": 98.2993, "y": 18.7071 }, "geometry": { "type": "Point", "coordinates": [ 98.29929850632, 18.707139588681461 ] } },
{ "type": "Feature", "properties": { "Id": 0, "x": 98.2851, "y": 18.7037 }, "geometry": { "type": "Point", "coordinates": [ 98.285126908986413, 18.703706632675871 ] } },
{ "type": "Feature", "properties": { "Id": 0, "x": 98.2662, "y": 18.6738 }, "geometry": { "type": "Point", "coordinates": [ 98.266233846065177, 18.673833093166799 ] } },
{ "type": "Feature", "properties": { "Id": 0, "x": 98.2178, "y": 18.6199 }, "geometry": { "type": "Point", "coordinates": [ 98.217807121057135, 18.619873946246166 ] } },
{ "type": "Feature", "properties": { "Id": 0, "x": 98.2352, "y": 18.6276 }, "geometry": { "type": "Point", "coordinates": [ 98.235173455287622, 18.627625882203763 ] } },
{ "type": "Feature", "properties": { "Id": 0, "x": 98.2742, "y": 18.6293 }, "geometry": { "type": "Point", "coordinates": [ 98.27415937477987, 18.629316449062063 ] } },
{ "type": "Feature", "properties": { "Id": 0, "x": 98.2638, "y": 18.6327 }, "geometry": { "type": "Point", "coordinates": [ 98.263832643519365, 18.632655785964008 ] } },
{ "type": "Feature", "properties": { "Id": 0, "x": 98.288, "y": 18.6306 }, "geometry": { "type": "Point", "coordinates": [ 98.288011290132346, 18.630598283597816 ] } },
{ "type": "Feature", "properties": { "Id": 0, "x": 98.2865, "y": 18.618 }, "geometry": { "type": "Point", "coordinates": [ 98.286452545923581, 18.617996138381002 ] } },
{ "type": "Feature", "properties": { "Id": 0, "x": 98.2852, "y": 18.6091 }, "geometry": { "type": "Point", "coordinates": [ 98.285200816901948, 18.609081845916165 ] } },
{ "type": "Feature", "properties": { "Id": 0, "x": 98.3008, "y": 18.9865 }, "geometry": { "type": "Point", "coordinates": [ 98.300838046209108, 18.986517933131076 ] } },
{ "type": "Feature", "properties": { "Id": 0, "x": 98.2947, "y": 18.9769 }, "geometry": { "type": "Point", "coordinates": [ 98.294678179127018, 18.976860327665555 ] } },
{ "type": "Feature", "properties": { "Id": 0, "x": 98.2966, "y": 18.9706 }, "geometry": { "type": "Point", "coordinates": [ 98.296564597673992, 18.970575748147468 ] } },
{ "type": "Feature", "properties": { "Id": 0, "x": 98.3106, "y": 18.9673 }, "geometry": { "type": "Point", "coordinates": [ 98.310631307773548, 18.967286125332048 ] } },
{ "type": "Feature", "properties": { "Id": 0, "x": 98.3169, "y": 18.9604 }, "geometry": { "type": "Point", "coordinates": [ 98.316859065097731, 18.960427555892455 ] } },
{ "type": "Feature", "properties": { "Id": 0, "x": 98.3163, "y": 18.9526 }, "geometry": { "type": "Point", "coordinates": [ 98.316271161998088, 18.952560654492085 ] } },
{ "type": "Feature", "properties": { "Id": 0, "x": 98.3132, "y": 18.9463 }, "geometry": { "type": "Point", "coordinates": [ 98.313197309176431, 18.946257504591564 ] } },
{ "type": "Feature", "properties": { "Id": 0, "x": 98.3101, "y": 18.9431 }, "geometry": { "type": "Point", "coordinates": [ 98.310110758625726, 18.943100153878664 ] } },
{ "type": "Feature", "properties": { "Id": 0, "x": 98.2948, "y": 18.9419 }, "geometry": { "type": "Point", "coordinates": [ 98.294825287450465, 18.941862960921487 ] } },
{ "type": "Feature", "properties": { "Id": 0, "x": 98.2853, "y": 18.9452 }, "geometry": { "type": "Point", "coordinates": [ 98.285306298825418, 18.945169026237711 ] } },
{ "type": "Feature", "properties": { "Id": 0, "x": 98.2731, "y": 18.9479 }, "geometry": { "type": "Point", "coordinates": [ 98.27310327894908, 18.947874237452954 ] } },
{ "type": "Feature", "properties": { "Id": 0, "x": 98.2654, "y": 18.9537 }, "geometry": { "type": "Point", "coordinates": [ 98.26543209290827, 18.953742510128713 ] } },
{ "type": "Feature", "properties": { "Id": 0, "x": 98.2566, "y": 18.95 }, "geometry": { "type": "Point", "coordinates": [ 98.256563179621111, 18.949971444229643 ] } },
{ "type": "Feature", "properties": { "Id": 0, "x": 98.2531, "y": 18.9462 }, "geometry": { "type": "Point", "coordinates": [ 98.253067027472596, 18.946221682424131 ] } },
{ "type": "Feature", "properties": { "Id": 0, "x": 98.3252, "y": 18.9827 }, "geometry": { "type": "Point", "coordinates": [ 98.32524228929816, 18.982676136391991 ] } },
{ "type": "Feature", "properties": { "Id": 0, "x": 98.3288, "y": 18.9766 }, "geometry": { "type": "Point", "coordinates": [ 98.328780214429202, 18.976593830441249 ] } },
{ "type": "Feature", "properties": { "Id": 0, "x": 98.3255, "y": 18.9689 }, "geometry": { "type": "Point", "coordinates": [ 98.325504349396553, 18.968913815136801 ] } },
{ "type": "Feature", "properties": { "Id": 0, "x": 98.3249, "y": 18.9644 }, "geometry": { "type": "Point", "coordinates": [ 98.324902572438873, 18.964389399965793 ] } },
{ "type": "Feature", "properties": { "Id": 0, "x": 98.341, "y": 18.9707 }, "geometry": { "type": "Point", "coordinates": [ 98.340996935756337, 18.970739142122671 ] } },
{ "type": "Feature", "properties": { "Id": 0, "x": 98.3446, "y": 18.9607 }, "geometry": { "type": "Point", "coordinates": [ 98.344549397919252, 18.960724174534086 ] } },
{ "type": "Feature", "properties": { "Id": 0, "x": 98.3413, "y": 18.956 }, "geometry": { "type": "Point", "coordinates": [ 98.341261510864086, 18.955993658898159 ] } },
{ "type": "Feature", "properties": { "Id": 0, "x": 98.3481, "y": 18.9462 }, "geometry": { "type": "Point", "coordinates": [ 98.348118977705042, 18.946186928206174 ] } },
{ "type": "Feature", "properties": { "Id": 0, "x": 98.3358, "y": 18.9373 }, "geometry": { "type": "Point", "coordinates": [ 98.335756000119915, 18.937295191573373 ] } },
{ "type": "Feature", "properties": { "Id": 0, "x": 98.3315, "y": 18.9294 }, "geometry": { "type": "Point", "coordinates": [ 98.33144823923034, 18.929414945883387 ] } },
{ "type": "Feature", "properties": { "Id": 0, "x": 98.3304, "y": 18.9214 }, "geometry": { "type": "Point", "coordinates": [ 98.330447288533108, 18.921349940326689 ] } },
{ "type": "Feature", "properties": { "Id": 0, "x": 98.3247, "y": 18.9229 }, "geometry": { "type": "Point", "coordinates": [ 98.324656122278327, 18.922901919282758 ] } },
{ "type": "Feature", "properties": { "Id": 0, "x": 98.3123, "y": 18.924 }, "geometry": { "type": "Point", "coordinates": [ 98.312255102690358, 18.924036105298271 ] } },
{ "type": "Feature", "properties": { "Id": 0, "x": 98.303, "y": 18.9252 }, "geometry": { "type": "Point", "coordinates": [ 98.302953024174769, 18.925181120776063 ] } },
{ "type": "Feature", "properties": { "Id": 0, "x": 98.2934, "y": 18.9281 }, "geometry": { "type": "Point", "coordinates": [ 98.29343679055674, 18.928094414901341 ] } },
{ "type": "Feature", "properties": { "Id": 0, "x": 98.2908, "y": 18.9247 }, "geometry": { "type": "Point", "coordinates": [ 98.290764983194123, 18.924741716285283 ] } },
{ "type": "Feature", "properties": { "Id": 0, "x": 98.3387, "y": 18.9133 }, "geometry": { "type": "Point", "coordinates": [ 98.338743066789718, 18.913318258201603 ] } },
{ "type": "Feature", "properties": { "Id": 0, "x": 98.3363, "y": 18.9074 }, "geometry": { "type": "Point", "coordinates": [ 98.336287228220868, 18.907410899884415 ] } },
{ "type": "Feature", "properties": { "Id": 0, "x": 98.3357, "y": 18.8986 }, "geometry": { "type": "Point", "coordinates": [ 98.33570239306394, 18.898560906098304 ] } },
{ "type": "Feature", "properties": { "Id": 0, "x": 98.3378, "y": 18.8905 }, "geometry": { "type": "Point", "coordinates": [ 98.337799834626296, 18.890506958395864 ] } },
{ "type": "Feature", "properties": { "Id": 0, "x": 98.3417, "y": 18.8844 }, "geometry": { "type": "Point", "coordinates": [ 98.341657581107029, 18.884401826473336 ] } },
{ "type": "Feature", "properties": { "Id": 0, "x": 98.3501, "y": 18.8833 }, "geometry": { "type": "Point", "coordinates": [ 98.350122531243088, 18.883299064408472 ] } },
{ "type": "Feature", "properties": { "Id": 0, "x": 98.3538, "y": 18.8921 }, "geometry": { "type": "Point", "coordinates": [ 98.353790229203767, 18.892120463783201 ] } },
{ "type": "Feature", "properties": { "Id": 0, "x": 98.3508, "y": 18.9243 }, "geometry": { "type": "Point", "coordinates": [ 98.35075748778489, 18.924324189457941 ] } },
{ "type": "Feature", "properties": { "Id": 0, "x": 98.3511, "y": 18.917 }, "geometry": { "type": "Point", "coordinates": [ 98.351050111608131, 18.917026671337496 ] } },
{ "type": "Feature", "properties": { "Id": 0, "x": 98.3521, "y": 18.9105 }, "geometry": { "type": "Point", "coordinates": [ 98.352133092137407, 18.910486927189343 ] } },
{ "type": "Feature", "properties": { "Id": 0, "x": 98.3605, "y": 18.9055 }, "geometry": { "type": "Point", "coordinates": [ 98.360481915069954, 18.905482368394924 ] } },
{ "type": "Feature", "properties": { "Id": 0, "x": 98.3619, "y": 18.9129 }, "geometry": { "type": "Point", "coordinates": [ 98.361908109693985, 18.912911671991118 ] } },
{ "type": "Feature", "properties": { "Id": 0, "x": 98.309, "y": 19.0548 }, "geometry": { "type": "Point", "coordinates": [ 98.308964344736296, 19.054811442243299 ] } },
{ "type": "Feature", "properties": { "Id": 0, "x": 98.3082, "y": 19.0466 }, "geometry": { "type": "Point", "coordinates": [ 98.308245356133924, 19.046647974561573 ] } },
{ "type": "Feature", "properties": { "Id": 0, "x": 98.3092, "y": 19.0395 }, "geometry": { "type": "Point", "coordinates": [ 98.309178300073114, 19.0394928871224 ] } },
{ "type": "Feature", "properties": { "Id": 0, "x": 98.3084, "y": 19.0332 }, "geometry": { "type": "Point", "coordinates": [ 98.30845163757273, 19.033190612676339 ] } },
{ "type": "Feature", "properties": { "Id": 0, "x": 98.3065, "y": 19.0269 }, "geometry": { "type": "Point", "coordinates": [ 98.306520726565083, 19.026883817100174 ] } },
{ "type": "Feature", "properties": { "Id": 0, "x": 98.3029, "y": 19.0206 }, "geometry": { "type": "Point", "coordinates": [ 98.302934111568021, 19.020570764430406 ] } },
{ "type": "Feature", "properties": { "Id": 0, "x": 98.3009, "y": 19.0131 }, "geometry": { "type": "Point", "coordinates": [ 98.300857801933304, 19.013117987983911 ] } },
{ "type": "Feature", "properties": { "Id": 0, "x": 98.2977, "y": 19.0075 }, "geometry": { "type": "Point", "coordinates": [ 98.297720232512205, 19.007522395614732 ] } },
{ "type": "Feature", "properties": { "Id": 0, "x": 98.2887, "y": 19.0008 }, "geometry": { "type": "Point", "coordinates": [ 98.28871769261022, 19.000758920574519 ] } },
{ "type": "Feature", "properties": { "Id": 0, "x": 98.2842, "y": 19.0043 }, "geometry": { "type": "Point", "coordinates": [ 98.284187003898097, 19.004320735974787 ] } },
{ "type": "Feature", "properties": { "Id": 0, "x": 98.2786, "y": 19.0057 }, "geometry": { "type": "Point", "coordinates": [ 98.278611750060008, 19.005730790530439 ] } },
{ "type": "Feature", "properties": { "Id": 0, "x": 98.2675, "y": 19.0104 }, "geometry": { "type": "Point", "coordinates": [ 98.267452828330306, 19.010411577429249 ] } },
{ "type": "Feature", "properties": { "Id": 0, "x": 98.2627, "y": 19.0191 }, "geometry": { "type": "Point", "coordinates": [ 98.262748192100844, 19.019126305078036 ] } },
{ "type": "Feature", "properties": { "Id": 0, "x": 98.2602, "y": 19.0271 }, "geometry": { "type": "Point", "coordinates": [ 98.26015372808574, 19.027133498437301 ] } },
{ "type": "Feature", "properties": { "Id": 0, "x": 98.2725, "y": 19.084 }, "geometry": { "type": "Point", "coordinates": [ 98.272503857025526, 19.084039129748334 ] } },
{ "type": "Feature", "properties": { "Id": 0, "x": 98.2652, "y": 19.0807 }, "geometry": { "type": "Point", "coordinates": [ 98.265224588308087, 19.080654708850052 ] } },
{ "type": "Feature", "properties": { "Id": 0, "x": 98.2586, "y": 19.082 }, "geometry": { "type": "Point", "coordinates": [ 98.258630571065495, 19.08197052400406 ] } },
{ "type": "Feature", "properties": { "Id": 0, "x": 98.2208, "y": 19.0705 }, "geometry": { "type": "Point", "coordinates": [ 98.220811550156895, 19.07049524821543 ] } },
{ "type": "Feature", "properties": { "Id": 0, "x": 98.2205, "y": 19.0659 }, "geometry": { "type": "Point", "coordinates": [ 98.220531819735584, 19.065912658763086 ] } },
{ "type": "Feature", "properties": { "Id": 0, "x": 98.2236, "y": 19.0626 }, "geometry": { "type": "Point", "coordinates": [ 98.22355853337838, 19.062632534094487 ] } },
{ "type": "Feature", "properties": { "Id": 0, "x": 98.2206, "y": 19.0459 }, "geometry": { "type": "Point", "coordinates": [ 98.220625443297394, 19.045869370543144 ] } },
{ "type": "Feature", "properties": { "Id": 0, "x": 98.2244, "y": 19.0486 }, "geometry": { "type": "Point", "coordinates": [ 98.224376583807043, 19.048605386229397 ] } },
{ "type": "Feature", "properties": { "Id": 0, "x": 98.2348, "y": 19.0479 }, "geometry": { "type": "Point", "coordinates": [ 98.234768082021645, 19.047932906492754 ] } },
{ "type": "Feature", "properties": { "Id": 0, "x": 98.2327, "y": 19.0439 }, "geometry": { "type": "Point", "coordinates": [ 98.232678758523065, 19.043915483996358 ] } },
{ "type": "Feature", "properties": { "Id": 0, "x": 98.2461, "y": 19.0394 }, "geometry": { "type": "Point", "coordinates": [ 98.246098390246317, 19.039389323241366 ] } },
{ "type": "Feature", "properties": { "Id": 0, "x": 98.244, "y": 19.0364 }, "geometry": { "type": "Point", "coordinates": [ 98.24400435288122, 19.036374191618538 ] } },
{ "type": "Feature", "properties": { "Id": 0, "x": 98.2359, "y": 19.0289 }, "geometry": { "type": "Point", "coordinates": [ 98.235909068074463, 19.028896043380747 ] } },
{ "type": "Feature", "properties": { "Id": 0, "x": 98.2394, "y": 19.0253 }, "geometry": { "type": "Point", "coordinates": [ 98.239387693411217, 19.025331143833402 ] } },
{ "type": "Feature", "properties": { "Id": 0, "x": 98.2429, "y": 19.0231 }, "geometry": { "type": "Point", "coordinates": [ 98.242860334423355, 19.02305468079275 ] } },
{ "type": "Feature", "properties": { "Id": 0, "x": 98.4105, "y": 18.8828 }, "geometry": { "type": "Point", "coordinates": [ 98.410538714436711, 18.882843215275489 ] } },
{ "type": "Feature", "properties": { "Id": 0, "x": 98.4051, "y": 18.8709 }, "geometry": { "type": "Point", "coordinates": [ 98.405072454182402, 18.870941059661039 ] } },
{ "type": "Feature", "properties": { "Id": 0, "x": 98.3989, "y": 18.8604 }, "geometry": { "type": "Point", "coordinates": [ 98.398867641302687, 18.860434571180193 ] } },
{ "type": "Feature", "properties": { "Id": 0, "x": 98.3853, "y": 18.8461 }, "geometry": { "type": "Point", "coordinates": [ 98.385334769824595, 18.846058776982005 ] } },
{ "type": "Feature", "properties": { "Id": 0, "x": 98.3817, "y": 18.831 }, "geometry": { "type": "Point", "coordinates": [ 98.38171846034021, 18.831016086944366 ] } },
{ "type": "Feature", "properties": { "Id": 0, "x": 98.378, "y": 18.8241 }, "geometry": { "type": "Point", "coordinates": [ 98.378025235630091, 18.824116230287824 ] } },
{ "type": "Feature", "properties": { "Id": 0, "x": 98.375, "y": 18.8215 }, "geometry": { "type": "Point", "coordinates": [ 98.375027610332936, 18.821529031255572 ] } },
{ "type": "Feature", "properties": { "Id": 0, "x": 98.3711, "y": 18.8176 }, "geometry": { "type": "Point", "coordinates": [ 98.371132751356839, 18.817650174614208 ] } },
{ "type": "Feature", "properties": { "Id": 0, "x": 98.3808, "y": 18.8044 }, "geometry": { "type": "Point", "coordinates": [ 98.380803992734243, 18.804367090545583 ] } },
{ "type": "Feature", "properties": { "Id": 0, "x": 98.3829, "y": 18.7951 }, "geometry": { "type": "Point", "coordinates": [ 98.382942671534209, 18.795067669438673 ] } },
{ "type": "Feature", "properties": { "Id": 0, "x": 98.3794, "y": 18.786 }, "geometry": { "type": "Point", "coordinates": [ 98.379367753512426, 18.786035666829406 ] } },
{ "type": "Feature", "properties": { "Id": 0, "x": 98.3698, "y": 18.7816 }, "geometry": { "type": "Point", "coordinates": [ 98.369763546620263, 18.781565024171499 ] } },
{ "type": "Feature", "properties": { "Id": 0, "x": 98.3643, "y": 18.7815 }, "geometry": { "type": "Point", "coordinates": [ 98.364352046002779, 18.781546691212 ] } },
{ "type": "Feature", "properties": { "Id": 0, "x": 98.3565, "y": 18.7908 }, "geometry": { "type": "Point", "coordinates": [ 98.35650010417821, 18.790826291680229 ] } },
{ "type": "Feature", "properties": { "Id": 0, "x": 98.3538, "y": 18.7943 }, "geometry": { "type": "Point", "coordinates": [ 98.353781103129648, 18.79425313784586 ] } },
{ "type": "Feature", "properties": { "Id": 0, "x": 98.3534, "y": 18.7865 }, "geometry": { "type": "Point", "coordinates": [ 98.353359624184691, 18.786520148877489 ] } },
{ "type": "Feature", "properties": { "Id": 0, "x": 98.3495, "y": 18.7788 }, "geometry": { "type": "Point", "coordinates": [ 98.349480891763221, 18.778775149480726 ] } },
{ "type": "Feature", "properties": { "Id": 0, "x": 98.3469, "y": 18.7865 }, "geometry": { "type": "Point", "coordinates": [ 98.346895719926209, 18.786497659770696 ] } },
{ "type": "Feature", "properties": { "Id": 0, "x": 98.3424, "y": 18.7938 }, "geometry": { "type": "Point", "coordinates": [ 98.342357679719242, 18.793783725303133 ] } },
{ "type": "Feature", "properties": { "Id": 0, "x": 98.3377, "y": 18.7975 }, "geometry": { "type": "Point", "coordinates": [ 98.337682907435322, 18.797489779587409 ] } },
{ "type": "Feature", "properties": { "Id": 0, "x": 98.3357, "y": 18.8021 }, "geometry": { "type": "Point", "coordinates": [ 98.335710607542495, 18.80206440216352 ] } },
{ "type": "Feature", "properties": { "Id": 0, "x": 98.3506, "y": 18.7716 }, "geometry": { "type": "Point", "coordinates": [ 98.350560527579006, 18.771620072804705 ] } },
{ "type": "Feature", "properties": { "Id": 0, "x": 98.347, "y": 18.7663 }, "geometry": { "type": "Point", "coordinates": [ 98.346973480759218, 18.766310038792135 ] } },
{ "type": "Feature", "properties": { "Id": 0, "x": 98.3515, "y": 18.7595 }, "geometry": { "type": "Point", "coordinates": [ 98.351508910152916, 18.759453336559144 ] } },
{ "type": "Feature", "properties": { "Id": 0, "x": 98.352, "y": 18.752 }, "geometry": { "type": "Point", "coordinates": [ 98.351988231226485, 18.752009795524124 ] } },
{ "type": "Feature", "properties": { "Id": 0, "x": 98.3577, "y": 18.7456 }, "geometry": { "type": "Point", "coordinates": [ 98.35772373189927, 18.745586600028346 ] } },
{ "type": "Feature", "properties": { "Id": 0, "x": 98.3616, "y": 18.7407 }, "geometry": { "type": "Point", "coordinates": [ 98.361574288939991, 18.74074964246363 ] } },
{ "type": "Feature", "properties": { "Id": 0, "x": 98.3691, "y": 18.7464 }, "geometry": { "type": "Point", "coordinates": [ 98.369067679712145, 18.746367923441678 ] } },
{ "type": "Feature", "properties": { "Id": 0, "x": 98.3733, "y": 18.7435 }, "geometry": { "type": "Point", "coordinates": [ 98.373305272072045, 18.743473867913501 ] } },
{ "type": "Feature", "properties": { "Id": 0, "x": 98.3857, "y": 18.7484 }, "geometry": { "type": "Point", "coordinates": [ 98.385733040231557, 18.748436809160758 ] } },
{ "type": "Feature", "properties": { "Id": 0, "x": 98.3979, "y": 18.7523 }, "geometry": { "type": "Point", "coordinates": [ 98.397930686535148, 18.752279621944968 ] } },
{ "type": "Feature", "properties": { "Id": 0, "x": 98.404, "y": 18.7588 }, "geometry": { "type": "Point", "coordinates": [ 98.404013622398523, 18.758786857112089 ] } },
{ "type": "Feature", "properties": { "Id": 0, "x": 98.3716, "y": 18.7564 }, "geometry": { "type": "Point", "coordinates": [ 98.37161350417756, 18.756443655731239 ] } },
{ "type": "Feature", "properties": { "Id": 0, "x": 98.3805, "y": 18.758 }, "geometry": { "type": "Point", "coordinates": [ 98.380531701840056, 18.758039409126354 ] } },
{ "type": "Feature", "properties": { "Id": 0, "x": 98.3636, "y": 18.7642 }, "geometry": { "type": "Point", "coordinates": [ 98.363599602130691, 18.764246561848005 ] } },
{ "type": "Feature", "properties": { "Id": 0, "x": 98.3587, "y": 18.683 }, "geometry": { "type": "Point", "coordinates": [ 98.358739197360734, 18.683021406975904 ] } },
{ "type": "Feature", "properties": { "Id": 0, "x": 98.3604, "y": 18.6698 }, "geometry": { "type": "Point", "coordinates": [ 98.360431868734665, 18.669827928489294 ] } },
{ "type": "Feature", "properties": { "Id": 0, "x": 98.3654, "y": 18.6573 }, "geometry": { "type": "Point", "coordinates": [ 98.365407572593071, 18.657316676559358 ] } },
{ "type": "Feature", "properties": { "Id": 0, "x": 98.3659, "y": 18.6506 }, "geometry": { "type": "Point", "coordinates": [ 98.365901903090716, 18.65060683853838 ] } },
{ "type": "Feature", "properties": { "Id": 0, "x": 98.2776, "y": 18.5966 }, "geometry": { "type": "Point", "coordinates": [ 98.277650151948848, 18.596596933777747 ] } },
{ "type": "Feature", "properties": { "Id": 0, "x": 98.2873, "y": 18.5836 }, "geometry": { "type": "Point", "coordinates": [ 98.287326142366865, 18.583616403252272 ] } },
{ "type": "Feature", "properties": { "Id": 0, "x": 98.2904, "y": 18.5919 }, "geometry": { "type": "Point", "coordinates": [ 98.290366918530921, 18.591874928388759 ] } },
{ "type": "Feature", "properties": { "Id": 0, "x": 98.2973, "y": 18.5971 }, "geometry": { "type": "Point", "coordinates": [ 98.297264407768296, 18.597123912304866 ] } },
{ "type": "Feature", "properties": { "Id": 0, "x": 98.3067, "y": 18.5895 }, "geometry": { "type": "Point", "coordinates": [ 98.306713267091141, 18.589461650163269 ] } },
{ "type": "Feature", "properties": { "Id": 0, "x": 98.3106, "y": 18.5779 }, "geometry": { "type": "Point", "coordinates": [ 98.310603496140288, 18.577929998470019 ] } },
{ "type": "Feature", "properties": { "Id": 0, "x": 98.3221, "y": 18.5841 }, "geometry": { "type": "Point", "coordinates": [ 98.322145942143607, 18.584099899579652 ] } },
{ "type": "Feature", "properties": { "Id": 0, "x": 98.3355, "y": 18.5909 }, "geometry": { "type": "Point", "coordinates": [ 98.33548269679207, 18.590876800645876 ] } },
{ "type": "Feature", "properties": { "Id": 0, "x": 98.3301, "y": 18.5962 }, "geometry": { "type": "Point", "coordinates": [ 98.330056570935014, 18.596155209586588 ] } },
{ "type": "Feature", "properties": { "Id": 0, "x": 98.33, "y": 18.6043 }, "geometry": { "type": "Point", "coordinates": [ 98.330024647379787, 18.604316287866425 ] } },
{ "type": "Feature", "properties": { "Id": 0, "x": 98.3324, "y": 18.6069 }, "geometry": { "type": "Point", "coordinates": [ 98.332417192405458, 18.606902001309237 ] } },
{ "type": "Feature", "properties": { "Id": 0, "x": 98.3458, "y": 18.5915 }, "geometry": { "type": "Point", "coordinates": [ 98.345840902558976, 18.591485756075873 ] } },
{ "type": "Feature", "properties": { "Id": 0, "x": 98.3586, "y": 18.594 }, "geometry": { "type": "Point", "coordinates": [ 98.358594668228889, 18.59396364700617 ] } },
{ "type": "Feature", "properties": { "Id": 0, "x": 98.3444, "y": 18.6138 }, "geometry": { "type": "Point", "coordinates": [ 98.344404038209746, 18.613816702763337 ] } },
{ "type": "Feature", "properties": { "Id": 0, "x": 98.3498, "y": 18.625 }, "geometry": { "type": "Point", "coordinates": [ 98.349767746817079, 18.625003264220652 ] } },
{ "type": "Feature", "properties": { "Id": 0, "x": 98.354, "y": 18.6249 }, "geometry": { "type": "Point", "coordinates": [ 98.353973352002328, 18.624874571070094 ] } },
{ "type": "Feature", "properties": { "Id": 0, "x": 98.3477, "y": 18.6208 }, "geometry": { "type": "Point", "coordinates": [ 98.347681051154581, 18.620843854618538 ] } },
{ "type": "Feature", "properties": { "Id": 0, "x": 98.3244, "y": 18.6259 }, "geometry": { "type": "Point", "coordinates": [ 98.324383303775122, 18.625916081958707 ] } },
{ "type": "Feature", "properties": { "Id": 0, "x": 98.3161, "y": 18.6253 }, "geometry": { "type": "Point", "coordinates": [ 98.316125656152636, 18.625313538049923 ] } },
{ "type": "Feature", "properties": { "Id": 0, "x": 98.3113, "y": 18.6214 }, "geometry": { "type": "Point", "coordinates": [ 98.311335462290032, 18.621430261045109 ] } },
{ "type": "Feature", "properties": { "Id": 0, "x": 98.3673, "y": 18.6001 }, "geometry": { "type": "Point", "coordinates": [ 98.367280859292762, 18.60014974013237 ] } },
{ "type": "Feature", "properties": { "Id": 0, "x": 98.3672, "y": 18.6086 }, "geometry": { "type": "Point", "coordinates": [ 98.367249644077035, 18.608597231063012 ] } },
{ "type": "Feature", "properties": { "Id": 0, "x": 98.3702, "y": 18.6158 }, "geometry": { "type": "Point", "coordinates": [ 98.370226642322336, 18.615766187568546 ] } },
{ "type": "Feature", "properties": { "Id": 0, "x": 98.3749, "y": 18.6221 }, "geometry": { "type": "Point", "coordinates": [ 98.374858998087504, 18.622081527496146 ] } },
{ "type": "Feature", "properties": { "Id": 0, "x": 98.3824, "y": 18.6235 }, "geometry": { "type": "Point", "coordinates": [ 98.3823627826322, 18.623538100292723 ] } },
{ "type": "Feature", "properties": { "Id": 0, "x": 98.3878, "y": 18.6157 }, "geometry": { "type": "Point", "coordinates": [ 98.387797462520908, 18.615680969707725 ] } },
{ "type": "Feature", "properties": { "Id": 0, "x": 98.397, "y": 18.6163 }, "geometry": { "type": "Point", "coordinates": [ 98.396956049834642, 18.616283251562685 ] } },
{ "type": "Feature", "properties": { "Id": 0, "x": 98.4172, "y": 18.6216 }, "geometry": { "type": "Point", "coordinates": [ 98.41721160413168, 18.621644726617532 ] } },
{ "type": "Feature", "properties": { "Id": 0, "x": 98.41, "y": 18.6203 }, "geometry": { "type": "Point", "coordinates": [ 98.410007424825338, 18.620333657552351 ] } },
{ "type": "Feature", "properties": { "Id": 0, "x": 98.4076, "y": 18.6122 }, "geometry": { "type": "Point", "coordinates": [ 98.40763282386564, 18.612164923041441 ] } },
{ "type": "Feature", "properties": { "Id": 0, "x": 98.4166, "y": 18.6103 }, "geometry": { "type": "Point", "coordinates": [ 98.416649446783993, 18.610331728203143 ] } },
{ "type": "Feature", "properties": { "Id": 0, "x": 98.4051, "y": 18.6033 }, "geometry": { "type": "Point", "coordinates": [ 98.405110761609464, 18.603279789434971 ] } },
{ "type": "Feature", "properties": { "Id": 0, "x": 98.4, "y": 18.5972 }, "geometry": { "type": "Point", "coordinates": [ 98.400026277097908, 18.597250087453006 ] } },
{ "type": "Feature", "properties": { "Id": 0, "x": 98.4029, "y": 18.5884 }, "geometry": { "type": "Point", "coordinates": [ 98.402910212732749, 18.588382056180361 ] } },
{ "type": "Feature", "properties": { "Id": 0, "x": 98.4074, "y": 18.5848 }, "geometry": { "type": "Point", "coordinates": [ 98.407427095661006, 18.584816792786533 ] } },
{ "type": "Feature", "properties": { "Id": 0, "x": 98.4056, "y": 18.5784 }, "geometry": { "type": "Point", "coordinates": [ 98.405647664566473, 18.57836805704552 ] } },
{ "type": "Feature", "properties": { "Id": 0, "x": 98.4033, "y": 18.5681 }, "geometry": { "type": "Point", "coordinates": [ 98.403281262376467, 18.568051563780493 ] } },
{ "type": "Feature", "properties": { "Id": 0, "x": 98.3986, "y": 18.5636 }, "geometry": { "type": "Point", "coordinates": [ 98.398642713056049, 18.563598229336037 ] } },
{ "type": "Feature", "properties": { "Id": 0, "x": 98.394, "y": 18.566 }, "geometry": { "type": "Point", "coordinates": [ 98.393980140277719, 18.566017385892291 ] } },
{ "type": "Feature", "properties": { "Id": 0, "x": 98.3891, "y": 18.5757 }, "geometry": { "type": "Point", "coordinates": [ 98.389141305505802, 18.575738060659098 ] } },
{ "type": "Feature", "properties": { "Id": 0, "x": 98.3864, "y": 18.5803 }, "geometry": { "type": "Point", "coordinates": [ 98.386422416191522, 18.580311007494469 ] } },
{ "type": "Feature", "properties": { "Id": 0, "x": 98.384, "y": 18.5882 }, "geometry": { "type": "Point", "coordinates": [ 98.383991837762977, 18.588177996645722 ] } },
{ "type": "Feature", "properties": { "Id": 0, "x": 98.3777, "y": 18.5882 }, "geometry": { "type": "Point", "coordinates": [ 98.377685562915588, 18.588157281216677 ] } },
{ "type": "Feature", "properties": { "Id": 0, "x": 98.3736, "y": 18.586 }, "geometry": { "type": "Point", "coordinates": [ 98.373639381822542, 18.585996178992289 ] } },
{ "type": "Feature", "properties": { "Id": 0, "x": 98.3714, "y": 18.5804 }, "geometry": { "type": "Point", "coordinates": [ 98.371407646966432, 18.580404730318751 ] } },
{ "type": "Feature", "properties": { "Id": 0, "x": 98.3711, "y": 18.5728 }, "geometry": { "type": "Point", "coordinates": [ 98.371135187588848, 18.57281527697025 ] } },
{ "type": "Feature", "properties": { "Id": 0, "x": 98.3639, "y": 18.5685 }, "geometry": { "type": "Point", "coordinates": [ 98.363944605060496, 18.568495765704423 ] } },
{ "type": "Feature", "properties": { "Id": 0, "x": 98.3584, "y": 18.5659 }, "geometry": { "type": "Point", "coordinates": [ 98.358399371880679, 18.565899749496204 ] } },
{ "type": "Feature", "properties": { "Id": 0, "x": 98.3576, "y": 18.5732 }, "geometry": { "type": "Point", "coordinates": [ 98.357621387374962, 18.573199277101388 ] } },
{ "type": "Feature", "properties": { "Id": 0, "x": 98.4393, "y": 18.7473 }, "geometry": { "type": "Point", "coordinates": [ 98.439278807602903, 18.747262629313767 ] } },
{ "type": "Feature", "properties": { "Id": 0, "x": 98.4485, "y": 18.7276 }, "geometry": { "type": "Point", "coordinates": [ 98.448501075905838, 18.727602888039002 ] } },
{ "type": "Feature", "properties": { "Id": 0, "x": 98.4457, "y": 18.7162 }, "geometry": { "type": "Point", "coordinates": [ 98.445720625441666, 18.71618506798475 ] } },
{ "type": "Feature", "properties": { "Id": 0, "x": 98.4528, "y": 18.7052 }, "geometry": { "type": "Point", "coordinates": [ 98.452799491268863, 18.705243673315376 ] } },
{ "type": "Feature", "properties": { "Id": 0, "x": 98.4498, "y": 18.6927 }, "geometry": { "type": "Point", "coordinates": [ 98.44978792964524, 18.69270662066435 ] } },
{ "type": "Feature", "properties": { "Id": 0, "x": 98.448, "y": 18.6802 }, "geometry": { "type": "Point", "coordinates": [ 98.447950474165992, 18.680172970133654 ] } },
{ "type": "Feature", "properties": { "Id": 0, "x": 98.4433, "y": 18.6531 }, "geometry": { "type": "Point", "coordinates": [ 98.443344048820393, 18.653089352203381 ] } },
{ "type": "Feature", "properties": { "Id": 0, "x": 98.4421, "y": 18.6616 }, "geometry": { "type": "Point", "coordinates": [ 98.442142768081197, 18.6615871234496 ] } },
{ "type": "Feature", "properties": { "Id": 0, "x": 98.4506, "y": 18.6618 }, "geometry": { "type": "Point", "coordinates": [ 98.450591678074929, 18.661835742821086 ] } },
{ "type": "Feature", "properties": { "Id": 0, "x": 98.4565, "y": 18.6531 }, "geometry": { "type": "Point", "coordinates": [ 98.456487272127831, 18.653127823592285 ] } },
{ "type": "Feature", "properties": { "Id": 0, "x": 98.4616, "y": 18.6632 }, "geometry": { "type": "Point", "coordinates": [ 98.461618939475144, 18.663209988695478 ] } },
{ "type": "Feature", "properties": { "Id": 0, "x": 98.4618, "y": 18.6704 }, "geometry": { "type": "Point", "coordinates": [ 98.461831073611876, 18.670369625845098 ] } },
{ "type": "Feature", "properties": { "Id": 0, "x": 98.4642, "y": 18.6532 }, "geometry": { "type": "Point", "coordinates": [ 98.464232400747576, 18.653150063843515 ] } },
{ "type": "Feature", "properties": { "Id": 0, "x": 98.4652, "y": 18.6391 }, "geometry": { "type": "Point", "coordinates": [ 98.465215331215134, 18.639058487691063 ] } },
{ "type": "Feature", "properties": { "Id": 0, "x": 98.4608, "y": 18.6303 }, "geometry": { "type": "Point", "coordinates": [ 98.460783904573219, 18.630320737970393 ] } },
{ "type": "Feature", "properties": { "Id": 0, "x": 98.4545, "y": 18.6267 }, "geometry": { "type": "Point", "coordinates": [ 98.454459250694157, 18.626722977964441 ] } },
{ "type": "Feature", "properties": { "Id": 0, "x": 98.4314, "y": 18.7072 }, "geometry": { "type": "Point", "coordinates": [ 98.431428529149485, 18.707193540620175 ] } },
{ "type": "Feature", "properties": { "Id": 0, "x": 98.4337, "y": 18.7193 }, "geometry": { "type": "Point", "coordinates": [ 98.433736070483349, 18.719281282084108 ] } },
{ "type": "Feature", "properties": { "Id": 0, "x": 98.4396, "y": 18.7262 }, "geometry": { "type": "Point", "coordinates": [ 98.439582993872975, 18.726234110002824 ] } },
{ "type": "Feature", "properties": { "Id": 0, "x": 98.4407, "y": 18.7365 }, "geometry": { "type": "Point", "coordinates": [ 98.440723139922383, 18.736528523265633 ] } },
{ "type": "Feature", "properties": { "Id": 0, "x": 98.4311, "y": 18.7425 }, "geometry": { "type": "Point", "coordinates": [ 98.431075507675487, 18.742539813354451 ] } },
{ "type": "Feature", "properties": { "Id": 0, "x": 98.4339, "y": 18.7504 }, "geometry": { "type": "Point", "coordinates": [ 98.433867283669898, 18.750378371691728 ] } },
{ "type": "Feature", "properties": { "Id": 0, "x": 98.4557, "y": 18.7406 }, "geometry": { "type": "Point", "coordinates": [ 98.455738423246103, 18.740599697241699 ] } },
{ "type": "Feature", "properties": { "Id": 0, "x": 98.4621, "y": 18.744 }, "geometry": { "type": "Point", "coordinates": [ 98.462067974143352, 18.743973762846586 ] } },
{ "type": "Feature", "properties": { "Id": 0, "x": 98.498, "y": 18.8318 }, "geometry": { "type": "Point", "coordinates": [ 98.497971541532593, 18.831770902785429 ] } },
{ "type": "Feature", "properties": { "Id": 0, "x": 98.4836, "y": 18.8315 }, "geometry": { "type": "Point", "coordinates": [ 98.483640341575011, 18.831508039582204 ] } },
{ "type": "Feature", "properties": { "Id": 0, "x": 98.4669, "y": 18.8377 }, "geometry": { "type": "Point", "coordinates": [ 98.466939276674793, 18.837725073171846 ] } },
{ "type": "Feature", "properties": { "Id": 0, "x": 98.4646, "y": 18.8359 }, "geometry": { "type": "Point", "coordinates": [ 98.464595385267629, 18.835928628229997 ] } },
{ "type": "Feature", "properties": { "Id": 0, "x": 98.4597, "y": 18.8243 }, "geometry": { "type": "Point", "coordinates": [ 98.45969854648105, 18.82428127829213 ] } },
{ "type": "Feature", "properties": { "Id": 0, "x": 98.4604, "y": 18.8142 }, "geometry": { "type": "Point", "coordinates": [ 98.460435476024003, 18.814216191384943 ] } },
{ "type": "Feature", "properties": { "Id": 0, "x": 98.4532, "y": 18.8099 }, "geometry": { "type": "Point", "coordinates": [ 98.453166592946616, 18.809944423112583 ] } },
{ "type": "Feature", "properties": { "Id": 0, "x": 98.4441, "y": 18.7929 }, "geometry": { "type": "Point", "coordinates": [ 98.444060663596815, 18.792915102620771 ] } },
{ "type": "Feature", "properties": { "Id": 0, "x": 98.4391, "y": 18.7887 }, "geometry": { "type": "Point", "coordinates": [ 98.439141981409492, 18.788649789264024 ] } },
{ "type": "Feature", "properties": { "Id": 0, "x": 98.4356, "y": 18.7797 }, "geometry": { "type": "Point", "coordinates": [ 98.435648476654023, 18.77969062182445 ] } },
{ "type": "Feature", "properties": { "Id": 0, "x": 98.4322, "y": 18.7712 }, "geometry": { "type": "Point", "coordinates": [ 98.432153831286683, 18.771178818301909 ] } },
{ "type": "Feature", "properties": { "Id": 0, "x": 98.4486, "y": 18.8415 }, "geometry": { "type": "Point", "coordinates": [ 98.448600301032101, 18.841474872288792 ] } },
{ "type": "Feature", "properties": { "Id": 0, "x": 98.458, "y": 18.8487 }, "geometry": { "type": "Point", "coordinates": [ 98.457975766139739, 18.848661271818493 ] } },
{ "type": "Feature", "properties": { "Id": 0, "x": 98.473, "y": 18.8507 }, "geometry": { "type": "Point", "coordinates": [ 98.473007658116984, 18.850717847901869 ] } },
{ "type": "Feature", "properties": { "Id": 0, "x": 98.4812, "y": 18.8485 }, "geometry": { "type": "Point", "coordinates": [ 98.481238649851463, 18.848503796579028 ] } },
{ "type": "Feature", "properties": { "Id": 0, "x": 98.4859, "y": 18.8454 }, "geometry": { "type": "Point", "coordinates": [ 98.485947623418326, 18.845384826383345 ] } },
{ "type": "Feature", "properties": { "Id": 0, "x": 98.4932, "y": 18.8423 }, "geometry": { "type": "Point", "coordinates": [ 98.493241024003183, 18.842272779512992 ] } },
{ "type": "Feature", "properties": { "Id": 0, "x": 98.4655, "y": 18.8485 }, "geometry": { "type": "Point", "coordinates": [ 98.465495557469424, 18.848459286612336 ] } },
{ "type": "Feature", "properties": { "Id": 0, "x": 98.2642, "y": 18.5603 }, "geometry": { "type": "Point", "coordinates": [ 98.264198022368944, 18.56030307229852 ] } },
{ "type": "Feature", "properties": { "Id": 0, "x": 98.2581, "y": 18.5522 }, "geometry": { "type": "Point", "coordinates": [ 98.258134142861138, 18.552225588426776 ] } },
{ "type": "Feature", "properties": { "Id": 0, "x": 98.2549, "y": 18.5489 }, "geometry": { "type": "Point", "coordinates": [ 98.254864955600212, 18.548856987040956 ] } },
{ "type": "Feature", "properties": { "Id": 0, "x": 98.2538, "y": 18.5343 }, "geometry": { "type": "Point", "coordinates": [ 98.25375535928444, 18.534311111000189 ] } },
{ "type": "Feature", "properties": { "Id": 0, "x": 98.2524, "y": 18.5229 }, "geometry": { "type": "Point", "coordinates": [ 98.252397785675072, 18.522896251967747 ] } },
{ "type": "Feature", "properties": { "Id": 0, "x": 98.2524, "y": 18.5137 }, "geometry": { "type": "Point", "coordinates": [ 98.252437632306183, 18.513724062495843 ] } },
{ "type": "Feature", "properties": { "Id": 0, "x": 98.2483, "y": 18.5039 }, "geometry": { "type": "Point", "coordinates": [ 98.24825960348079, 18.503864005710941 ] } },
{ "type": "Feature", "properties": { "Id": 0, "x": 98.2424, "y": 18.4956 }, "geometry": { "type": "Point", "coordinates": [ 98.242433838108198, 18.495563286322003 ] } },
{ "type": "Feature", "properties": { "Id": 0, "x": 98.239, "y": 18.4832 }, "geometry": { "type": "Point", "coordinates": [ 98.238971036495812, 18.483245021773154 ] } },
{ "type": "Feature", "properties": { "Id": 0, "x": 98.2371, "y": 18.4721 }, "geometry": { "type": "Point", "coordinates": [ 98.237144841766636, 18.472051870464682 ] } },
{ "type": "Feature", "properties": { "Id": 0, "x": 98.2344, "y": 18.4609 }, "geometry": { "type": "Point", "coordinates": [ 98.23438114523131, 18.460854912737883 ] } },
{ "type": "Feature", "properties": { "Id": 0, "x": 98.2321, "y": 18.4541 }, "geometry": { "type": "Point", "coordinates": [ 98.232066714788758, 18.454134062150004 ] } },
{ "type": "Feature", "properties": { "Id": 0, "x": 98.2664, "y": 18.5332 }, "geometry": { "type": "Point", "coordinates": [ 98.2664246971555, 18.533242142387781 ] } },
{ "type": "Feature", "properties": { "Id": 0, "x": 98.2639, "y": 18.5198 }, "geometry": { "type": "Point", "coordinates": [ 98.263902337771327, 18.519809370031975 ] } },
{ "type": "Feature", "properties": { "Id": 0, "x": 98.2599, "y": 18.5115 }, "geometry": { "type": "Point", "coordinates": [ 98.259951272420594, 18.511516449460515 ] } },
{ "type": "Feature", "properties": { "Id": 0, "x": 98.3089, "y": 18.5305 }, "geometry": { "type": "Point", "coordinates": [ 98.308886142284948, 18.53049388279214 ] } },
{ "type": "Feature", "properties": { "Id": 0, "x": 98.299, "y": 18.5331 }, "geometry": { "type": "Point", "coordinates": [ 98.299025107092717, 18.533142172125391 ] } },
{ "type": "Feature", "properties": { "Id": 0, "x": 98.2744, "y": 18.5248 }, "geometry": { "type": "Point", "coordinates": [ 98.274434517785579, 18.524771843869978 ] } },
{ "type": "Feature", "properties": { "Id": 0, "x": 98.1783, "y": 18.5199 }, "geometry": { "type": "Point", "coordinates": [ 98.178305220368046, 18.519904185025627 ] } },
{ "type": "Feature", "properties": { "Id": 0, "x": 98.1761, "y": 18.5297 }, "geometry": { "type": "Point", "coordinates": [ 98.176147537399544, 18.529738139046056 ] } },
{ "type": "Feature", "properties": { "Id": 0, "x": 98.1432, "y": 18.5021 }, "geometry": { "type": "Point", "coordinates": [ 98.143217644307029, 18.502075262853868 ] } },
{ "type": "Feature", "properties": { "Id": 0, "x": 98.1493, "y": 18.5057 }, "geometry": { "type": "Point", "coordinates": [ 98.149296406369587, 18.505682073770185 ] } },
{ "type": "Feature", "properties": { "Id": 0, "x": 98.1561, "y": 18.5079 }, "geometry": { "type": "Point", "coordinates": [ 98.156085474046563, 18.507949596423284 ] } },
{ "type": "Feature", "properties": { "Id": 0, "x": 98.1605, "y": 18.5118 }, "geometry": { "type": "Point", "coordinates": [ 98.160522188654198, 18.511772439930638 ] } },
{ "type": "Feature", "properties": { "Id": 0, "x": 98.209, "y": 18.4815 }, "geometry": { "type": "Point", "coordinates": [ 98.208967870688426, 18.481514138452255 ] } },
{ "type": "Feature", "properties": { "Id": 0, "x": 98.202, "y": 18.485 }, "geometry": { "type": "Point", "coordinates": [ 98.20199134014176, 18.4849804127326 ] } },
{ "type": "Feature", "properties": { "Id": 0, "x": 98.1945, "y": 18.4162 }, "geometry": { "type": "Point", "coordinates": [ 98.194501683729442, 18.416170360402987 ] } },
{ "type": "Feature", "properties": { "Id": 0, "x": 98.186, "y": 18.4206 }, "geometry": { "type": "Point", "coordinates": [ 98.186043521367466, 18.42060861672844 ] } },
{ "type": "Feature", "properties": { "Id": 0, "x": 98.1568, "y": 18.4347 }, "geometry": { "type": "Point", "coordinates": [ 98.156818804352881, 18.434673533951987 ] } },
{ "type": "Feature", "properties": { "Id": 0, "x": 98.1533, "y": 18.4285 }, "geometry": { "type": "Point", "coordinates": [ 98.153248754548059, 18.428501048268867 ] } },
{ "type": "Feature", "properties": { "Id": 0, "x": 98.1513, "y": 18.4231 }, "geometry": { "type": "Point", "coordinates": [ 98.151325410119995, 18.423051749226406 ] } },
{ "type": "Feature", "properties": { "Id": 0, "x": 98.1537, "y": 18.4183 }, "geometry": { "type": "Point", "coordinates": [ 98.153748479175334, 18.418337727289156 ] } },
{ "type": "Feature", "properties": { "Id": 0, "x": 98.1351, "y": 18.4045 }, "geometry": { "type": "Point", "coordinates": [ 98.135067965764392, 18.404508661755685 ] } },
{ "type": "Feature", "properties": { "Id": 0, "x": 98.1462, "y": 18.3978 }, "geometry": { "type": "Point", "coordinates": [ 98.146199744436714, 18.397829675300585 ] } },
{ "type": "Feature", "properties": { "Id": 0, "x": 98.1632, "y": 18.3863 }, "geometry": { "type": "Point", "coordinates": [ 98.163203026687441, 18.386307886617949 ] } },
{ "type": "Feature", "properties": { "Id": 0, "x": 98.1621, "y": 18.3756 }, "geometry": { "type": "Point", "coordinates": [ 98.162055169437522, 18.375564513294528 ] } },
{ "type": "Feature", "properties": { "Id": 0, "x": 98.156, "y": 18.3639 }, "geometry": { "type": "Point", "coordinates": [ 98.155963328428498, 18.363940212691009 ] } },
{ "type": "Feature", "properties": { "Id": 0, "x": 98.1735, "y": 18.3743 }, "geometry": { "type": "Point", "coordinates": [ 98.173458064553856, 18.374325767350452 ] } },
{ "type": "Feature", "properties": { "Id": 0, "x": 98.1855, "y": 18.3724 }, "geometry": { "type": "Point", "coordinates": [ 98.185464009358611, 18.372373021388604 ] } },
{ "type": "Feature", "properties": { "Id": 0, "x": 98.1933, "y": 18.3688 }, "geometry": { "type": "Point", "coordinates": [ 98.193278325962709, 18.368826828389274 ] } },
{ "type": "Feature", "properties": { "Id": 0, "x": 98.2015, "y": 18.3663 }, "geometry": { "type": "Point", "coordinates": [ 98.20153757359725, 18.366284421139419 ] } },
{ "type": "Feature", "properties": { "Id": 0, "x": 98.2115, "y": 18.3617 }, "geometry": { "type": "Point", "coordinates": [ 98.211455130859903, 18.36174400973281 ] } },
{ "type": "Feature", "properties": { "Id": 0, "x": 98.2211, "y": 18.3578 }, "geometry": { "type": "Point", "coordinates": [ 98.221069730896374, 18.357774542327704 ] } },
{ "type": "Feature", "properties": { "Id": 0, "x": 98.234, "y": 18.353 }, "geometry": { "type": "Point", "coordinates": [ 98.233986394856473, 18.35295879650759 ] } },
{ "type": "Feature", "properties": { "Id": 0, "x": 98.2279, "y": 18.3436 }, "geometry": { "type": "Point", "coordinates": [ 98.227880197663666, 18.34362745419066 ] } },
{ "type": "Feature", "properties": { "Id": 0, "x": 98.2122, "y": 18.3358 }, "geometry": { "type": "Point", "coordinates": [ 98.212172405590067, 18.335831484389235 ] } },
{ "type": "Feature", "properties": { "Id": 0, "x": 98.2092, "y": 18.3238 }, "geometry": { "type": "Point", "coordinates": [ 98.20921900553094, 18.32383690770261 ] } },
{ "type": "Feature", "properties": { "Id": 0, "x": 98.2102, "y": 18.3153 }, "geometry": { "type": "Point", "coordinates": [ 98.210194538725261, 18.315339641805942 ] } },
{ "type": "Feature", "properties": { "Id": 0, "x": 98.2087, "y": 18.2925 }, "geometry": { "type": "Point", "coordinates": [ 98.208710876353507, 18.292548176421597 ] } },
{ "type": "Feature", "properties": { "Id": 0, "x": 98.2084, "y": 18.2862 }, "geometry": { "type": "Point", "coordinates": [ 98.208355866449622, 18.286223864450246 ] } },
{ "type": "Feature", "properties": { "Id": 0, "x": 98.2077, "y": 18.2842 }, "geometry": { "type": "Point", "coordinates": [ 98.207693552382565, 18.284205141210776 ] } },
{ "type": "Feature", "properties": { "Id": 0, "x": 98.1624, "y": 18.2792 }, "geometry": { "type": "Point", "coordinates": [ 98.162369182340157, 18.279206824935819 ] } },
{ "type": "Feature", "properties": { "Id": 0, "x": 98.1658, "y": 18.2745 }, "geometry": { "type": "Point", "coordinates": [ 98.165838871483601, 18.274497077901856 ] } },
{ "type": "Feature", "properties": { "Id": 0, "x": 98.1607, "y": 18.2433 }, "geometry": { "type": "Point", "coordinates": [ 98.160743370253954, 18.24326168346024 ] } },
{ "type": "Feature", "properties": { "Id": 0, "x": 98.1666, "y": 18.2403 }, "geometry": { "type": "Point", "coordinates": [ 98.166601588205822, 18.240280488004469 ] } },
{ "type": "Feature", "properties": { "Id": 0, "x": 98.1705, "y": 18.2414 }, "geometry": { "type": "Point", "coordinates": [ 98.170492020218532, 18.241442813647865 ] } },
{ "type": "Feature", "properties": { "Id": 0, "x": 98.1776, "y": 18.2309 }, "geometry": { "type": "Point", "coordinates": [ 98.177584411889868, 18.23087806209168 ] } },
{ "type": "Feature", "properties": { "Id": 0, "x": 98.1788, "y": 18.225 }, "geometry": { "type": "Point", "coordinates": [ 98.178810620698002, 18.225012926029716 ] } },
{ "type": "Feature", "properties": { "Id": 0, "x": 98.1752, "y": 18.2214 }, "geometry": { "type": "Point", "coordinates": [ 98.175231607058222, 18.22141805302525 ] } },
{ "type": "Feature", "properties": { "Id": 0, "x": 98.1568, "y": 18.2271 }, "geometry": { "type": "Point", "coordinates": [ 98.1567755888493, 18.227064961981373 ] } },
{ "type": "Feature", "properties": { "Id": 0, "x": 98.1514, "y": 18.2328 }, "geometry": { "type": "Point", "coordinates": [ 98.151353971160731, 18.232768214994017 ] } },
{ "type": "Feature", "properties": { "Id": 0, "x": 98.1989, "y": 18.2271 }, "geometry": { "type": "Point", "coordinates": [ 98.198878488532117, 18.227102375601429 ] } },
{ "type": "Feature", "properties": { "Id": 0, "x": 98.2012, "y": 18.2205 }, "geometry": { "type": "Point", "coordinates": [ 98.201156004696173, 18.220525552774205 ] } },
{ "type": "Feature", "properties": { "Id": 0, "x": 98.1758, "y": 18.1632 }, "geometry": { "type": "Point", "coordinates": [ 98.175840813866273, 18.163203366799547 ] } },
{ "type": "Feature", "properties": { "Id": 0, "x": 98.1851, "y": 18.1677 }, "geometry": { "type": "Point", "coordinates": [ 98.185118051851859, 18.167733082101108 ] } },
{ "type": "Feature", "properties": { "Id": 0, "x": 98.1931, "y": 18.1725 }, "geometry": { "type": "Point", "coordinates": [ 98.193148318829685, 18.17253204158585 ] } },
{ "type": "Feature", "properties": { "Id": 0, "x": 98.1995, "y": 18.1756 }, "geometry": { "type": "Point", "coordinates": [ 98.199461411435891, 18.175582441864176 ] } },
{ "type": "Feature", "properties": { "Id": 0, "x": 98.204, "y": 18.1778 }, "geometry": { "type": "Point", "coordinates": [ 98.203957028582181, 18.177800392078886 ] } },
{ "type": "Feature", "properties": { "Id": 0, "x": 98.1697, "y": 18.1746 }, "geometry": { "type": "Point", "coordinates": [ 98.169651870337646, 18.174631212164552 ] } },
{ "type": "Feature", "properties": { "Id": 0, "x": 98.1727, "y": 18.1819 }, "geometry": { "type": "Point", "coordinates": [ 98.172685348438208, 18.181883522747686 ] } },
{ "type": "Feature", "properties": { "Id": 0, "x": 98.1758, "y": 18.187 }, "geometry": { "type": "Point", "coordinates": [ 98.175824837743164, 18.187028622073687 ] } },
{ "type": "Feature", "properties": { "Id": 0, "x": 98.1734, "y": 18.2139 }, "geometry": { "type": "Point", "coordinates": [ 98.173397391930052, 18.213867413570487 ] } },
{ "type": "Feature", "properties": { "Id": 0, "x": 98.1716, "y": 18.2092 }, "geometry": { "type": "Point", "coordinates": [ 98.171597697117008, 18.209186241327135 ] } },
{ "type": "Feature", "properties": { "Id": 0, "x": 98.1729, "y": 18.2043 }, "geometry": { "type": "Point", "coordinates": [ 98.172867076421596, 18.204335036532864 ] } },
{ "type": "Feature", "properties": { "Id": 0, "x": 98.1784, "y": 18.2037 }, "geometry": { "type": "Point", "coordinates": [ 98.178431047482931, 18.203717490412139 ] } },
{ "type": "Feature", "properties": { "Id": 0, "x": 98.2076, "y": 18.1641 }, "geometry": { "type": "Point", "coordinates": [ 98.207553763386116, 18.164138516303741 ] } },
{ "type": "Feature", "properties": { "Id": 0, "x": 98.2017, "y": 18.1614 }, "geometry": { "type": "Point", "coordinates": [ 98.201724812248585, 18.161393944131518 ] } },
{ "type": "Feature", "properties": { "Id": 0, "x": 98.1946, "y": 18.1559 }, "geometry": { "type": "Point", "coordinates": [ 98.194560566079161, 18.155923157746855 ] } },
{ "type": "Feature", "properties": { "Id": 0, "x": 98.1899, "y": 18.1497 }, "geometry": { "type": "Point", "coordinates": [ 98.18994607275306, 18.149746961386299 ] } },
{ "type": "Feature", "properties": { "Id": 0, "x": 98.1907, "y": 18.1437 }, "geometry": { "type": "Point", "coordinates": [ 98.190722567699424, 18.14373659058996 ] } },
{ "type": "Feature", "properties": { "Id": 0, "x": 98.205, "y": 18.1431 }, "geometry": { "type": "Point", "coordinates": [ 98.204952966825161, 18.143079997876576 ] } },
{ "type": "Feature", "properties": { "Id": 0, "x": 98.2125, "y": 18.1374 }, "geometry": { "type": "Point", "coordinates": [ 98.212466575965323, 18.13738358915079 ] } },
{ "type": "Feature", "properties": { "Id": 0, "x": 98.214, "y": 18.1318 }, "geometry": { "type": "Point", "coordinates": [ 98.21398906297263, 18.131805686230692 ] } },
{ "type": "Feature", "properties": { "Id": 0, "x": 98.2368, "y": 18.1242 }, "geometry": { "type": "Point", "coordinates": [ 98.236784651869669, 18.124165487848405 ] } },
{ "type": "Feature", "properties": { "Id": 0, "x": 98.2467, "y": 18.116 }, "geometry": { "type": "Point", "coordinates": [ 98.246702694128757, 18.116043054039654 ] } },
{ "type": "Feature", "properties": { "Id": 0, "x": 98.2448, "y": 18.1056 }, "geometry": { "type": "Point", "coordinates": [ 98.244800893127405, 18.105583185306909 ] } },
{ "type": "Feature", "properties": { "Id": 0, "x": 98.2439, "y": 18.0968 }, "geometry": { "type": "Point", "coordinates": [ 98.243939968473498, 18.096845586016912 ] } },
{ "type": "Feature", "properties": { "Id": 0, "x": 98.2452, "y": 18.0905 }, "geometry": { "type": "Point", "coordinates": [ 98.245164695572768, 18.090550280289662 ] } },
{ "type": "Feature", "properties": { "Id": 0, "x": 98.2485, "y": 18.0848 }, "geometry": { "type": "Point", "coordinates": [ 98.248482839595553, 18.08483586095717 ] } },
{ "type": "Feature", "properties": { "Id": 0, "x": 98.2545, "y": 18.0758 }, "geometry": { "type": "Point", "coordinates": [ 98.254509386261049, 18.075838606376973 ] } },
{ "type": "Feature", "properties": { "Id": 0, "x": 98.2563, "y": 18.0694 }, "geometry": { "type": "Point", "coordinates": [ 98.256332960590768, 18.069402325149923 ] } },
{ "type": "Feature", "properties": { "Id": 0, "x": 98.2618, "y": 18.0779 }, "geometry": { "type": "Point", "coordinates": [ 98.261836506246169, 18.077871348314314 ] } },
{ "type": "Feature", "properties": { "Id": 0, "x": 98.2789, "y": 18.0882 }, "geometry": { "type": "Point", "coordinates": [ 98.278860901746583, 18.088245030189579 ] } },
{ "type": "Feature", "properties": { "Id": 0, "x": 98.2833, "y": 18.0928 }, "geometry": { "type": "Point", "coordinates": [ 98.283333753026326, 18.092843621941427 ] } },
{ "type": "Feature", "properties": { "Id": 0, "x": 98.2863, "y": 18.1009 }, "geometry": { "type": "Point", "coordinates": [ 98.286295697370434, 18.10087297333429 ] } },
{ "type": "Feature", "properties": { "Id": 0, "x": 98.2911, "y": 18.1069 }, "geometry": { "type": "Point", "coordinates": [ 98.291062759371854, 18.106904336520877 ] } },
{ "type": "Feature", "properties": { "Id": 0, "x": 98.2984, "y": 18.1098 }, "geometry": { "type": "Point", "coordinates": [ 98.298388210895396, 18.10979484312757 ] } },
{ "type": "Feature", "properties": { "Id": 0, "x": 98.28, "y": 18.1083 }, "geometry": { "type": "Point", "coordinates": [ 98.279976794574281, 18.108295097605332 ] } },
{ "type": "Feature", "properties": { "Id": 0, "x": 98.2686, "y": 18.117 }, "geometry": { "type": "Point", "coordinates": [ 98.268560902758495, 18.116986372393388 ] } },
{ "type": "Feature", "properties": { "Id": 0, "x": 98.2785, "y": 18.1272 }, "geometry": { "type": "Point", "coordinates": [ 98.278551808616541, 18.127190147298975 ] } },
{ "type": "Feature", "properties": { "Id": 0, "x": 98.2628, "y": 18.1233 }, "geometry": { "type": "Point", "coordinates": [ 98.262844447757473, 18.123264694026368 ] } },
{ "type": "Feature", "properties": { "Id": 0, "x": 98.2539, "y": 18.1252 }, "geometry": { "type": "Point", "coordinates": [ 98.25385129648663, 18.125234643519192 ] } },
{ "type": "Feature", "properties": { "Id": 0, "x": 98.261, "y": 18.1087 }, "geometry": { "type": "Point", "coordinates": [ 98.260959033295634, 18.108652675994485 ] } },
{ "type": "Feature", "properties": { "Id": 0, "x": 98.2586, "y": 18.0936 }, "geometry": { "type": "Point", "coordinates": [ 98.258626530977139, 18.093609356465507 ] } },
{ "type": "Feature", "properties": { "Id": 0, "x": 98.255, "y": 18.1046 }, "geometry": { "type": "Point", "coordinates": [ 98.254986701724533, 18.104620527068121 ] } },
{ "type": "Feature", "properties": { "Id": 0, "x": 98.2671, "y": 18.1022 }, "geometry": { "type": "Point", "coordinates": [ 98.26712483450558, 18.102232911733811 ] } },
{ "type": "Feature", "properties": { "Id": 0, "x": 98.2742, "y": 18.0955 }, "geometry": { "type": "Point", "coordinates": [ 98.274189692647965, 18.095529947226197 ] } },
{ "type": "Feature", "properties": { "Id": 0, "x": 98.2778, "y": 18.1008 }, "geometry": { "type": "Point", "coordinates": [ 98.277761311429103, 18.10084119715323 ] } },
{ "type": "Feature", "properties": { "Id": 0, "x": 98.2675, "y": 18.1127 }, "geometry": { "type": "Point", "coordinates": [ 98.267530584290071, 18.112686925334096 ] } },
{ "type": "Feature", "properties": { "Id": 0, "x": 98.2922, "y": 18.3367 }, "geometry": { "type": "Point", "coordinates": [ 98.292226349120412, 18.336731481485291 ] } },
{ "type": "Feature", "properties": { "Id": 0, "x": 98.3022, "y": 18.3026 }, "geometry": { "type": "Point", "coordinates": [ 98.302193264230652, 18.302630891468997 ] } },
{ "type": "Feature", "properties": { "Id": 0, "x": 98.3095, "y": 18.2736 }, "geometry": { "type": "Point", "coordinates": [ 98.309455912673982, 18.273640432766062 ] } },
{ "type": "Feature", "properties": { "Id": 0, "x": 98.323, "y": 18.2447 }, "geometry": { "type": "Point", "coordinates": [ 98.3229682101408, 18.244671734456105 ] } },
{ "type": "Feature", "properties": { "Id": 0, "x": 98.332, "y": 18.2208 }, "geometry": { "type": "Point", "coordinates": [ 98.331991210812177, 18.220806958951449 ] } },
{ "type": "Feature", "properties": { "Id": 0, "x": 98.3321, "y": 18.1961 }, "geometry": { "type": "Point", "coordinates": [ 98.332085553809023, 18.196057321277923 ] } },
{ "type": "Feature", "properties": { "Id": 0, "x": 98.278, "y": 18.3136 }, "geometry": { "type": "Point", "coordinates": [ 98.278023703726774, 18.313635657028652 ] } },
{ "type": "Feature", "properties": { "Id": 0, "x": 98.2782, "y": 18.2752 }, "geometry": { "type": "Point", "coordinates": [ 98.278182718170939, 18.275231832285041 ] } },
{ "type": "Feature", "properties": { "Id": 0, "x": 98.2601, "y": 18.2465 }, "geometry": { "type": "Point", "coordinates": [ 98.260120542514557, 18.246462322172235 ] } },
{ "type": "Feature", "properties": { "Id": 0, "x": 98.2642, "y": 18.2335 }, "geometry": { "type": "Point", "coordinates": [ 98.264179386684333, 18.233521032510797 ] } },
{ "type": "Feature", "properties": { "Id": 0, "x": 98.2672, "y": 18.2184 }, "geometry": { "type": "Point", "coordinates": [ 98.267239694383719, 18.218355382263503 ] } },
{ "type": "Feature", "properties": { "Id": 0, "x": 98.2695, "y": 18.2042 }, "geometry": { "type": "Point", "coordinates": [ 98.269546181910897, 18.204189057223964 ] } },
{ "type": "Feature", "properties": { "Id": 0, "x": 98.2721, "y": 18.1906 }, "geometry": { "type": "Point", "coordinates": [ 98.272098635873789, 18.190580677813575 ] } },
{ "type": "Feature", "properties": { "Id": 0, "x": 98.2663, "y": 18.1808 }, "geometry": { "type": "Point", "coordinates": [ 98.26628792321381, 18.180770636241565 ] } },
{ "type": "Feature", "properties": { "Id": 0, "x": 98.2645, "y": 18.1678 }, "geometry": { "type": "Point", "coordinates": [ 98.264513568805611, 18.167829795522 ] } },
{ "type": "Feature", "properties": { "Id": 0, "x": 98.2538, "y": 18.3621 }, "geometry": { "type": "Point", "coordinates": [ 98.253810294598509, 18.362146758840833 ] } },
{ "type": "Feature", "properties": { "Id": 0, "x": 98.2621, "y": 18.3641 }, "geometry": { "type": "Point", "coordinates": [ 98.262128205282195, 18.364146309451481 ] } },
{ "type": "Feature", "properties": { "Id": 0, "x": 98.2906, "y": 18.3752 }, "geometry": { "type": "Point", "coordinates": [ 98.290586397676904, 18.375159126242099 ] } },
{ "type": "Feature", "properties": { "Id": 0, "x": 98.298, "y": 18.3816 }, "geometry": { "type": "Point", "coordinates": [ 98.297950541558265, 18.381600952355353 ] } },
{ "type": "Feature", "properties": { "Id": 0, "x": 98.3085, "y": 18.3914 }, "geometry": { "type": "Point", "coordinates": [ 98.308469140353751, 18.39144453435577 ] } },
{ "type": "Feature", "properties": { "Id": 0, "x": 98.3268, "y": 18.3845 }, "geometry": { "type": "Point", "coordinates": [ 98.326810829993534, 18.384469364007384 ] } },
{ "type": "Feature", "properties": { "Id": 0, "x": 98.3392, "y": 18.3879 }, "geometry": { "type": "Point", "coordinates": [ 98.339217493198689, 18.387868687684684 ] } },
{ "type": "Feature", "properties": { "Id": 0, "x": 98.3411, "y": 18.3997 }, "geometry": { "type": "Point", "coordinates": [ 98.3410893532469, 18.399679715566016 ] } },
{ "type": "Feature", "properties": { "Id": 0, "x": 98.3376, "y": 18.4117 }, "geometry": { "type": "Point", "coordinates": [ 98.33761508270419, 18.411679721339709 ] } },
{ "type": "Feature", "properties": { "Id": 0, "x": 98.3327, "y": 18.427 }, "geometry": { "type": "Point", "coordinates": [ 98.332739663697936, 18.426997334942151 ] } },
{ "type": "Feature", "properties": { "Id": 0, "x": 98.3369, "y": 18.4386 }, "geometry": { "type": "Point", "coordinates": [ 98.336914024904118, 18.43864545078992 ] } },
{ "type": "Feature", "properties": { "Id": 0, "x": 98.3427, "y": 18.4519 }, "geometry": { "type": "Point", "coordinates": [ 98.342723897966906, 18.451865196362316 ] } },
{ "type": "Feature", "properties": { "Id": 0, "x": 98.3294, "y": 18.4547 }, "geometry": { "type": "Point", "coordinates": [ 98.329350633327252, 18.454726747025479 ] } },
{ "type": "Feature", "properties": { "Id": 0, "x": 98.316, "y": 18.4466 }, "geometry": { "type": "Point", "coordinates": [ 98.316020361635182, 18.446625225238858 ] } },
{ "type": "Feature", "properties": { "Id": 0, "x": 98.3097, "y": 18.4361 }, "geometry": { "type": "Point", "coordinates": [ 98.309733217108388, 18.436087623043285 ] } },
{ "type": "Feature", "properties": { "Id": 0, "x": 98.3004, "y": 18.4293 }, "geometry": { "type": "Point", "coordinates": [ 98.300384460584439, 18.429341805744038 ] } },
{ "type": "Feature", "properties": { "Id": 0, "x": 98.2896, "y": 18.421 }, "geometry": { "type": "Point", "coordinates": [ 98.28963659676424, 18.421024280839585 ] } },
{ "type": "Feature", "properties": { "Id": 0, "x": 98.2721, "y": 18.4111 }, "geometry": { "type": "Point", "coordinates": [ 98.272099786283746, 18.411114253651277 ] } },
{ "type": "Feature", "properties": { "Id": 0, "x": 98.266, "y": 18.4113 }, "geometry": { "type": "Point", "coordinates": [ 98.26600542543062, 18.41131453118032 ] } },
{ "type": "Feature", "properties": { "Id": 0, "x": 98.1491, "y": 17.9285 }, "geometry": { "type": "Point", "coordinates": [ 98.149075793922634, 17.92849719239403 ] } },
{ "type": "Feature", "properties": { "Id": 0, "x": 98.1597, "y": 17.9261 }, "geometry": { "type": "Point", "coordinates": [ 98.159707169605994, 17.926109300357151 ] } },
{ "type": "Feature", "properties": { "Id": 0, "x": 98.1623, "y": 17.9191 }, "geometry": { "type": "Point", "coordinates": [ 98.162282910168543, 17.919104383891849 ] } },
{ "type": "Feature", "properties": { "Id": 0, "x": 98.1644, "y": 17.9071 }, "geometry": { "type": "Point", "coordinates": [ 98.164433226849908, 17.907086135538535 ] } },
{ "type": "Feature", "properties": { "Id": 0, "x": 98.1728, "y": 17.902 }, "geometry": { "type": "Point", "coordinates": [ 98.172832405440332, 17.901967358137657 ] } },
{ "type": "Feature", "properties": { "Id": 0, "x": 98.1724, "y": 17.8898 }, "geometry": { "type": "Point", "coordinates": [ 98.172440167162705, 17.889794968234721 ] } },
{ "type": "Feature", "properties": { "Id": 0, "x": 98.1695, "y": 17.8872 }, "geometry": { "type": "Point", "coordinates": [ 98.16946127020941, 17.887204959891285 ] } },
{ "type": "Feature", "properties": { "Id": 0, "x": 98.0814, "y": 17.9523 }, "geometry": { "type": "Point", "coordinates": [ 98.081390340925111, 17.952342110880778 ] } },
{ "type": "Feature", "properties": { "Id": 0, "x": 98.0735, "y": 17.9418 }, "geometry": { "type": "Point", "coordinates": [ 98.073497963137171, 17.941789752147283 ] } },
{ "type": "Feature", "properties": { "Id": 0, "x": 98.0684, "y": 17.9297 }, "geometry": { "type": "Point", "coordinates": [ 98.068419221745685, 17.929684558974547 ] } },
{ "type": "Feature", "properties": { "Id": 0, "x": 98.0676, "y": 17.9169 }, "geometry": { "type": "Point", "coordinates": [ 98.067551111311559, 17.91692831314516 ] } },
{ "type": "Feature", "properties": { "Id": 0, "x": 98.2715, "y": 18.0687 }, "geometry": { "type": "Point", "coordinates": [ 98.271455492614479, 18.068744040905198 ] } },
{ "type": "Feature", "properties": { "Id": 0, "x": 98.304, "y": 18.0555 }, "geometry": { "type": "Point", "coordinates": [ 98.303992628654299, 18.0555477321499 ] } },
{ "type": "Feature", "properties": { "Id": 0, "x": 98.2923, "y": 18.0569 }, "geometry": { "type": "Point", "coordinates": [ 98.292311220940547, 18.056937166545829 ] } },
{ "type": "Feature", "properties": { "Id": 0, "x": 98.2963, "y": 18.0736 }, "geometry": { "type": "Point", "coordinates": [ 98.296286693262402, 18.073561248651579 ] } },
{ "type": "Feature", "properties": { "Id": 0, "x": 98.3119, "y": 18.0677 }, "geometry": { "type": "Point", "coordinates": [ 98.31187874018039, 18.067746812002454 ] } },
{ "type": "Feature", "properties": { "Id": 0, "x": 98.4007, "y": 18.0467 }, "geometry": { "type": "Point", "coordinates": [ 98.400723407968201, 18.046707844604796 ] } },
{ "type": "Feature", "properties": { "Id": 0, "x": 98.3814, "y": 18.0403 }, "geometry": { "type": "Point", "coordinates": [ 98.3814362648735, 18.040346816943636 ] } },
{ "type": "Feature", "properties": { "Id": 0, "x": 98.3659, "y": 18.025 }, "geometry": { "type": "Point", "coordinates": [ 98.365852741714235, 18.0249981370848 ] } },
{ "type": "Feature", "properties": { "Id": 0, "x": 98.3581, "y": 18.0271 }, "geometry": { "type": "Point", "coordinates": [ 98.358086506434674, 18.027080260291768 ] } },
{ "type": "Feature", "properties": { "Id": 0, "x": 98.3482, "y": 18.028 }, "geometry": { "type": "Point", "coordinates": [ 98.348217165063105, 18.027963671849161 ] } },
{ "type": "Feature", "properties": { "Id": 0, "x": 98.3438, "y": 18.029 }, "geometry": { "type": "Point", "coordinates": [ 98.343807253351926, 18.028956808278739 ] } },
{ "type": "Feature", "properties": { "Id": 0, "x": 98.3375, "y": 18.0306 }, "geometry": { "type": "Point", "coordinates": [ 98.33747914794769, 18.030584763618979 ] } },
{ "type": "Feature", "properties": { "Id": 0, "x": 98.3361, "y": 18.0263 }, "geometry": { "type": "Point", "coordinates": [ 98.336058479052213, 18.026272816870012 ] } },
{ "type": "Feature", "properties": { "Id": 0, "x": 98.337, "y": 18.041 }, "geometry": { "type": "Point", "coordinates": [ 98.336961083236034, 18.041029935030348 ] } },
{ "type": "Feature", "properties": { "Id": 0, "x": 98.33, "y": 18.0423 }, "geometry": { "type": "Point", "coordinates": [ 98.329963316478569, 18.04228877186938 ] } },
{ "type": "Feature", "properties": { "Id": 0, "x": 98.3466, "y": 18.0481 }, "geometry": { "type": "Point", "coordinates": [ 98.346610165634218, 18.048119052609707 ] } },
{ "type": "Feature", "properties": { "Id": 0, "x": 98.3509, "y": 18.0436 }, "geometry": { "type": "Point", "coordinates": [ 98.350937859204663, 18.043551631519726 ] } },
{ "type": "Feature", "properties": { "Id": 0, "x": 98.3747, "y": 18.0481 }, "geometry": { "type": "Point", "coordinates": [ 98.374679206100296, 18.048120243806302 ] } },
{ "type": "Feature", "properties": { "Id": 0, "x": 98.3749, "y": 18.0528 }, "geometry": { "type": "Point", "coordinates": [ 98.374950084253612, 18.052794774937819 ] } },
{ "type": "Feature", "properties": { "Id": 0, "x": 98.3753, "y": 18.0444 }, "geometry": { "type": "Point", "coordinates": [ 98.375267261047767, 18.044364891099644 ] } },
{ "type": "Feature", "properties": { "Id": 0, "x": 98.3764, "y": 18.0639 }, "geometry": { "type": "Point", "coordinates": [ 98.376443783650501, 18.063888069260688 ] } },
{ "type": "Feature", "properties": { "Id": 0, "x": 98.3742, "y": 18.0657 }, "geometry": { "type": "Point", "coordinates": [ 98.374233745462334, 18.065713725774781 ] } },
{ "type": "Feature", "properties": { "Id": 0, "x": 98.3703, "y": 18.0668 }, "geometry": { "type": "Point", "coordinates": [ 98.370301723903694, 18.066800628285172 ] } },
{ "type": "Feature", "properties": { "Id": 0, "x": 98.3066, "y": 17.9727 }, "geometry": { "type": "Point", "coordinates": [ 98.306646168663164, 17.972741550855325 ] } },
{ "type": "Feature", "properties": { "Id": 0, "x": 98.3059, "y": 17.9821 }, "geometry": { "type": "Point", "coordinates": [ 98.30590811824618, 17.982135585707411 ] } },
{ "type": "Feature", "properties": { "Id": 0, "x": 98.3153, "y": 17.9842 }, "geometry": { "type": "Point", "coordinates": [ 98.315252016437327, 17.984182378183533 ] } },
{ "type": "Feature", "properties": { "Id": 0, "x": 98.3242, "y": 17.9811 }, "geometry": { "type": "Point", "coordinates": [ 98.324148135299026, 17.981081355812616 ] } },
{ "type": "Feature", "properties": { "Id": 0, "x": 98.3155, "y": 17.9766 }, "geometry": { "type": "Point", "coordinates": [ 98.315515126569892, 17.976576465706888 ] } },
{ "type": "Feature", "properties": { "Id": 0, "x": 98.2896, "y": 18.0197 }, "geometry": { "type": "Point", "coordinates": [ 98.28956344944271, 18.019685634779051 ] } },
{ "type": "Feature", "properties": { "Id": 0, "x": 98.2925, "y": 18.0151 }, "geometry": { "type": "Point", "coordinates": [ 98.292462802268915, 18.015121616950239 ] } },
{ "type": "Feature", "properties": { "Id": 0, "x": 98.2938, "y": 18.0213 }, "geometry": { "type": "Point", "coordinates": [ 98.293786822726148, 18.021284616338658 ] } },
{ "type": "Feature", "properties": { "Id": 0, "x": 98.3009, "y": 18.0218 }, "geometry": { "type": "Point", "coordinates": [ 98.300895587146996, 18.021838264925268 ] } },
{ "type": "Feature", "properties": { "Id": 0, "x": 98.2987, "y": 18.0266 }, "geometry": { "type": "Point", "coordinates": [ 98.298731027771382, 18.026639670215353 ] } },
{ "type": "Feature", "properties": { "Id": 0, "x": 98.2912, "y": 18.0299 }, "geometry": { "type": "Point", "coordinates": [ 98.291177710428443, 18.029896501117975 ] } },
{ "type": "Feature", "properties": { "Id": 0, "x": 98.2857, "y": 18.0291 }, "geometry": { "type": "Point", "coordinates": [ 98.285724795349338, 18.029114010320093 ] } },
{ "type": "Feature", "properties": { "Id": 0, "x": 98.2834, "y": 18.0344 }, "geometry": { "type": "Point", "coordinates": [ 98.283373684393212, 18.034442376733089 ] } },
{ "type": "Feature", "properties": { "Id": 0, "x": 98.2727, "y": 18.0184 }, "geometry": { "type": "Point", "coordinates": [ 98.272649809308561, 18.018391194836326 ] } },
{ "type": "Feature", "properties": { "Id": 0, "x": 98.2566, "y": 17.98 }, "geometry": { "type": "Point", "coordinates": [ 98.256566087578165, 17.980032354941606 ] } },
{ "type": "Feature", "properties": { "Id": 0, "x": 98.2579, "y": 17.9793 }, "geometry": { "type": "Point", "coordinates": [ 98.257917556314339, 17.979275092992953 ] } },
{ "type": "Feature", "properties": { "Id": 0, "x": 98.2618, "y": 17.9797 }, "geometry": { "type": "Point", "coordinates": [ 98.2618381147241, 17.97970059724522 ] } },
{ "type": "Feature", "properties": { "Id": 0, "x": 98.27, "y": 17.9816 }, "geometry": { "type": "Point", "coordinates": [ 98.269981628865082, 17.981549544071555 ] } },
{ "type": "Feature", "properties": { "Id": 0, "x": 98.274, "y": 17.9803 }, "geometry": { "type": "Point", "coordinates": [ 98.273970515102576, 17.980274235543117 ] } },
{ "type": "Feature", "properties": { "Id": 0, "x": 98.2685, "y": 17.9783 }, "geometry": { "type": "Point", "coordinates": [ 98.268462757019009, 17.978318116922882 ] } },
{ "type": "Feature", "properties": { "Id": 0, "x": 98.3034, "y": 17.8981 }, "geometry": { "type": "Point", "coordinates": [ 98.303418591965908, 17.898136938926118 ] } },
{ "type": "Feature", "properties": { "Id": 0, "x": 98.3005, "y": 17.8896 }, "geometry": { "type": "Point", "coordinates": [ 98.300454979753937, 17.889580825432539 ] } },
{ "type": "Feature", "properties": { "Id": 0, "x": 98.2907, "y": 17.8898 }, "geometry": { "type": "Point", "coordinates": [ 98.290733199703581, 17.889832047122329 ] } },
{ "type": "Feature", "properties": { "Id": 0, "x": 98.2817, "y": 17.8944 }, "geometry": { "type": "Point", "coordinates": [ 98.281741872507467, 17.894381118541528 ] } },
{ "type": "Feature", "properties": { "Id": 0, "x": 98.2795, "y": 17.8994 }, "geometry": { "type": "Point", "coordinates": [ 98.279478365021347, 17.899384334332659 ] } },
{ "type": "Feature", "properties": { "Id": 0, "x": 98.279, "y": 17.9085 }, "geometry": { "type": "Point", "coordinates": [ 98.278992666373824, 17.908546555390686 ] } },
{ "type": "Feature", "properties": { "Id": 0, "x": 98.2721, "y": 17.9154 }, "geometry": { "type": "Point", "coordinates": [ 98.272084688804398, 17.915393840781949 ] } },
{ "type": "Feature", "properties": { "Id": 0, "x": 98.2873, "y": 17.9282 }, "geometry": { "type": "Point", "coordinates": [ 98.287289821338888, 17.928193845930092 ] } },
{ "type": "Feature", "properties": { "Id": 0, "x": 98.2764, "y": 17.9314 }, "geometry": { "type": "Point", "coordinates": [ 98.276357084121514, 17.931446773083042 ] } },
{ "type": "Feature", "properties": { "Id": 0, "x": 98.2553, "y": 17.9261 }, "geometry": { "type": "Point", "coordinates": [ 98.255288103691711, 17.926069292171032 ] } },
{ "type": "Feature", "properties": { "Id": 0, "x": 98.2467, "y": 17.9328 }, "geometry": { "type": "Point", "coordinates": [ 98.246733734393644, 17.932766112054118 ] } },
{ "type": "Feature", "properties": { "Id": 0, "x": 98.2412, "y": 17.941 }, "geometry": { "type": "Point", "coordinates": [ 98.241163780271449, 17.941049255361218 ] } },
{ "type": "Feature", "properties": { "Id": 0, "x": 98.2346, "y": 17.9473 }, "geometry": { "type": "Point", "coordinates": [ 98.234554746003823, 17.947323518847096 ] } },
{ "type": "Feature", "properties": { "Id": 0, "x": 98.2305, "y": 17.9157 }, "geometry": { "type": "Point", "coordinates": [ 98.230502805053291, 17.915663379099886 ] } },
{ "type": "Feature", "properties": { "Id": 0, "x": 98.2399, "y": 17.9213 }, "geometry": { "type": "Point", "coordinates": [ 98.239901792383876, 17.921284603329262 ] } },
{ "type": "Feature", "properties": { "Id": 0, "x": 98.2348, "y": 17.929 }, "geometry": { "type": "Point", "coordinates": [ 98.234783109084219, 17.928996593465985 ] } },
{ "type": "Feature", "properties": { "Id": 0, "x": 98.1969, "y": 17.8853 }, "geometry": { "type": "Point", "coordinates": [ 98.196930146376971, 17.88528867998707 ] } },
{ "type": "Feature", "properties": { "Id": 0, "x": 98.2359, "y": 17.8447 }, "geometry": { "type": "Point", "coordinates": [ 98.235891899289555, 17.84466386751178 ] } },
{ "type": "Feature", "properties": { "Id": 0, "x": 98.2417, "y": 17.8501 }, "geometry": { "type": "Point", "coordinates": [ 98.241699700371257, 17.850127643355698 ] } },
{ "type": "Feature", "properties": { "Id": 0, "x": 98.2464, "y": 17.8446 }, "geometry": { "type": "Point", "coordinates": [ 98.246358131675862, 17.844561364983644 ] } },
{ "type": "Feature", "properties": { "Id": 0, "x": 98.2529, "y": 17.8419 }, "geometry": { "type": "Point", "coordinates": [ 98.252947886082694, 17.841866121368763 ] } },
{ "type": "Feature", "properties": { "Id": 0, "x": 98.2452, "y": 17.8383 }, "geometry": { "type": "Point", "coordinates": [ 98.245188613050516, 17.83825658292945 ] } },
{ "type": "Feature", "properties": { "Id": 0, "x": 98.2811, "y": 17.8629 }, "geometry": { "type": "Point", "coordinates": [ 98.281120852346049, 17.86287741918941 ] } },
{ "type": "Feature", "properties": { "Id": 0, "x": 98.2868, "y": 17.8619 }, "geometry": { "type": "Point", "coordinates": [ 98.286806823594333, 17.861895972576459 ] } },
{ "type": "Feature", "properties": { "Id": 0, "x": 98.2246, "y": 17.872 }, "geometry": { "type": "Point", "coordinates": [ 98.224560229647807, 17.871967903349994 ] } },
{ "type": "Feature", "properties": { "Id": 0, "x": 98.2054, "y": 17.868 }, "geometry": { "type": "Point", "coordinates": [ 98.20543746375067, 17.868024876337994 ] } },
{ "type": "Feature", "properties": { "Id": 0, "x": 98.247, "y": 17.863 }, "geometry": { "type": "Point", "coordinates": [ 98.247027963735448, 17.863035160648227 ] } },
{ "type": "Feature", "properties": { "Id": 0, "x": 98.2484, "y": 17.889 }, "geometry": { "type": "Point", "coordinates": [ 98.248414228196836, 17.888957426606726 ] } },
{ "type": "Feature", "properties": { "Id": 0, "x": 98.3029, "y": 17.8327 }, "geometry": { "type": "Point", "coordinates": [ 98.302919764863873, 17.832743620142303 ] } },
{ "type": "Feature", "properties": { "Id": 0, "x": 98.3065, "y": 17.8277 }, "geometry": { "type": "Point", "coordinates": [ 98.306527185465171, 17.827744825974253 ] } },
{ "type": "Feature", "properties": { "Id": 0, "x": 98.2916, "y": 17.819 }, "geometry": { "type": "Point", "coordinates": [ 98.291612020118947, 17.818956771806221 ] } },
{ "type": "Feature", "properties": { "Id": 0, "x": 98.2877, "y": 17.8142 }, "geometry": { "type": "Point", "coordinates": [ 98.287744066563633, 17.814217469327776 ] } },
{ "type": "Feature", "properties": { "Id": 0, "x": 98.2954, "y": 17.8125 }, "geometry": { "type": "Point", "coordinates": [ 98.295374565362934, 17.812526844565511 ] } },
{ "type": "Feature", "properties": { "Id": 0, "x": 98.2047, "y": 17.8225 }, "geometry": { "type": "Point", "coordinates": [ 98.204742563505945, 17.822488692912703 ] } },
{ "type": "Feature", "properties": { "Id": 0, "x": 98.2001, "y": 17.8276 }, "geometry": { "type": "Point", "coordinates": [ 98.200085400996329, 17.82762441069633 ] } },
{ "type": "Feature", "properties": { "Id": 0, "x": 98.1947, "y": 17.8316 }, "geometry": { "type": "Point", "coordinates": [ 98.19468563108839, 17.831611452734073 ] } },
{ "type": "Feature", "properties": { "Id": 0, "x": 98.1889, "y": 17.8316 }, "geometry": { "type": "Point", "coordinates": [ 98.188855275202002, 17.831587329589563 ] } },
{ "type": "Feature", "properties": { "Id": 0, "x": 98.316, "y": 17.8513 }, "geometry": { "type": "Point", "coordinates": [ 98.315995888508141, 17.851288155411609 ] } },
{ "type": "Feature", "properties": { "Id": 0, "x": 98.3246, "y": 17.8585 }, "geometry": { "type": "Point", "coordinates": [ 98.324612827151938, 17.858477648362712 ] } },
{ "type": "Feature", "properties": { "Id": 0, "x": 98.3314, "y": 17.8666 }, "geometry": { "type": "Point", "coordinates": [ 98.331357996831045, 17.866555303106018 ] } },
{ "type": "Feature", "properties": { "Id": 0, "x": 98.3386, "y": 17.8744 }, "geometry": { "type": "Point", "coordinates": [ 98.33857190283733, 17.874410593141874 ] } },
{ "type": "Feature", "properties": { "Id": 0, "x": 98.3437, "y": 17.8796 }, "geometry": { "type": "Point", "coordinates": [ 98.343693343035241, 17.879573785253498 ] } },
{ "type": "Feature", "properties": { "Id": 0, "x": 98.0893, "y": 17.829 }, "geometry": { "type": "Point", "coordinates": [ 98.089273319939409, 17.828983508498375 ] } },
{ "type": "Feature", "properties": { "Id": 0, "x": 98.1227, "y": 17.8715 }, "geometry": { "type": "Point", "coordinates": [ 98.122730878219514, 17.871536294115664 ] } },
{ "type": "Feature", "properties": { "Id": 0, "x": 98.1187, "y": 17.8664 }, "geometry": { "type": "Point", "coordinates": [ 98.118719059087908, 17.866363586710925 ] } },
{ "type": "Feature", "properties": { "Id": 0, "x": 98.1144, "y": 17.8606 }, "geometry": { "type": "Point", "coordinates": [ 98.11441126829456, 17.860616724835133 ] } },
{ "type": "Feature", "properties": { "Id": 0, "x": 98.111, "y": 17.8557 }, "geometry": { "type": "Point", "coordinates": [ 98.11099655736156, 17.85573294858585 ] } },
{ "type": "Feature", "properties": { "Id": 0, "x": 98.1058, "y": 17.8511 }, "geometry": { "type": "Point", "coordinates": [ 98.105786489975088, 17.851127266590289 ] } },
{ "type": "Feature", "properties": { "Id": 0, "x": 98.1063, "y": 17.8932 }, "geometry": { "type": "Point", "coordinates": [ 98.106323610987545, 17.893225613638673 ] } },
{ "type": "Feature", "properties": { "Id": 0, "x": 98.1495, "y": 17.8623 }, "geometry": { "type": "Point", "coordinates": [ 98.149540581009816, 17.862348080569639 ] } },
{ "type": "Feature", "properties": { "Id": 0, "x": 98.1609, "y": 17.8555 }, "geometry": { "type": "Point", "coordinates": [ 98.160936382835828, 17.855524548053314 ] } },
{ "type": "Feature", "properties": { "Id": 0, "x": 98.1279, "y": 17.8027 }, "geometry": { "type": "Point", "coordinates": [ 98.127851121284053, 17.802687537743477 ] } },
{ "type": "Feature", "properties": { "Id": 0, "x": 98.1417, "y": 17.7876 }, "geometry": { "type": "Point", "coordinates": [ 98.141674909088849, 17.787571020328734 ] } },
{ "type": "Feature", "properties": { "Id": 0, "x": 98.1517, "y": 17.7777 }, "geometry": { "type": "Point", "coordinates": [ 98.15173522306614, 17.777735039668496 ] } },
{ "type": "Feature", "properties": { "Id": 0, "x": 98.1838, "y": 17.7972 }, "geometry": { "type": "Point", "coordinates": [ 98.183779293323852, 17.797201431353869 ] } },
{ "type": "Feature", "properties": { "Id": 0, "x": 98.1946, "y": 17.7901 }, "geometry": { "type": "Point", "coordinates": [ 98.194573064125592, 17.790086804845306 ] } },
{ "type": "Feature", "properties": { "Id": 0, "x": 98.2006, "y": 17.7822 }, "geometry": { "type": "Point", "coordinates": [ 98.200586579446821, 17.782236151965829 ] } },
{ "type": "Feature", "properties": { "Id": 0, "x": 98.2084, "y": 17.7728 }, "geometry": { "type": "Point", "coordinates": [ 98.208399887082223, 17.772817505308119 ] } },
{ "type": "Feature", "properties": { "Id": 0, "x": 98.2152, "y": 17.7617 }, "geometry": { "type": "Point", "coordinates": [ 98.215173779807074, 17.761676092137254 ] } },
{ "type": "Feature", "properties": { "Id": 0, "x": 98.2185, "y": 17.7515 }, "geometry": { "type": "Point", "coordinates": [ 98.218505576711976, 17.751523035404617 ] } },
{ "type": "Feature", "properties": { "Id": 0, "x": 98.2229, "y": 17.7391 }, "geometry": { "type": "Point", "coordinates": [ 98.222892813340209, 17.739083063232041 ] } },
{ "type": "Feature", "properties": { "Id": 0, "x": 98.2271, "y": 17.7337 }, "geometry": { "type": "Point", "coordinates": [ 98.227099924185453, 17.733658504086861 ] } },
{ "type": "Feature", "properties": { "Id": 0, "x": 98.2012, "y": 17.7109 }, "geometry": { "type": "Point", "coordinates": [ 98.201201798410324, 17.710931063317158 ] } },
{ "type": "Feature", "properties": { "Id": 0, "x": 98.2021, "y": 17.7046 }, "geometry": { "type": "Point", "coordinates": [ 98.202126021287128, 17.704634522935997 ] } },
{ "type": "Feature", "properties": { "Id": 0, "x": 98.1996, "y": 17.7009 }, "geometry": { "type": "Point", "coordinates": [ 98.199602872057213, 17.700901362831722 ] } },
{ "type": "Feature", "properties": { "Id": 0, "x": 98.1681, "y": 17.6932 }, "geometry": { "type": "Point", "coordinates": [ 98.168117079536643, 17.693181704113158 ] } },
{ "type": "Feature", "properties": { "Id": 0, "x": 98.1891, "y": 17.7165 }, "geometry": { "type": "Point", "coordinates": [ 98.189075618811984, 17.716465728422435 ] } },
{ "type": "Feature", "properties": { "Id": 0, "x": 98.1932, "y": 17.7245 }, "geometry": { "type": "Point", "coordinates": [ 98.193222975946654, 17.724501338438351 ] } },
{ "type": "Feature", "properties": { "Id": 0, "x": 98.1959, "y": 17.6896 }, "geometry": { "type": "Point", "coordinates": [ 98.195918518211982, 17.689574433962896 ] } },
{ "type": "Feature", "properties": { "Id": 0, "x": 98.1548, "y": 17.6446 }, "geometry": { "type": "Point", "coordinates": [ 98.154834162967546, 17.644602339926067 ] } },
{ "type": "Feature", "properties": { "Id": 0, "x": 98.1692, "y": 17.6581 }, "geometry": { "type": "Point", "coordinates": [ 98.169239932095564, 17.658087484567375 ] } },
{ "type": "Feature", "properties": { "Id": 0, "x": 98.1669, "y": 17.6664 }, "geometry": { "type": "Point", "coordinates": [ 98.166868219438314, 17.666355533869577 ] } },
{ "type": "Feature", "properties": { "Id": 0, "x": 98.1423, "y": 17.6266 }, "geometry": { "type": "Point", "coordinates": [ 98.1422903865829, 17.62663179141607 ] } },
{ "type": "Feature", "properties": { "Id": 0, "x": 98.1242, "y": 17.6412 }, "geometry": { "type": "Point", "coordinates": [ 98.12415162284745, 17.641157207146886 ] } },
{ "type": "Feature", "properties": { "Id": 0, "x": 98.1367, "y": 17.6432 }, "geometry": { "type": "Point", "coordinates": [ 98.136686306458373, 17.643217114767189 ] } },
{ "type": "Feature", "properties": { "Id": 0, "x": 98.1127, "y": 17.6391 }, "geometry": { "type": "Point", "coordinates": [ 98.112662596878565, 17.639101221471819 ] } },
{ "type": "Feature", "properties": { "Id": 0, "x": 98.1102, "y": 17.6265 }, "geometry": { "type": "Point", "coordinates": [ 98.110185751918181, 17.626489620270867 ] } },
{ "type": "Feature", "properties": { "Id": 0, "x": 98.1141, "y": 17.6282 }, "geometry": { "type": "Point", "coordinates": [ 98.114057605152723, 17.628174555742671 ] } },
{ "type": "Feature", "properties": { "Id": 0, "x": 98.1131, "y": 17.5969 }, "geometry": { "type": "Point", "coordinates": [ 98.113089941239267, 17.596880126325701 ] } },
{ "type": "Feature", "properties": { "Id": 0, "x": 98.1235, "y": 17.6073 }, "geometry": { "type": "Point", "coordinates": [ 98.12345509561213, 17.607281710209474 ] } },
{ "type": "Feature", "properties": { "Id": 0, "x": 98.1726, "y": 17.5907 }, "geometry": { "type": "Point", "coordinates": [ 98.172648128860459, 17.59072359362332 ] } },
{ "type": "Feature", "properties": { "Id": 0, "x": 98.1329, "y": 17.5864 }, "geometry": { "type": "Point", "coordinates": [ 98.1329193866613, 17.586429489281485 ] } },
{ "type": "Feature", "properties": { "Id": 0, "x": 98.129, "y": 17.5955 }, "geometry": { "type": "Point", "coordinates": [ 98.129011301771854, 17.595509921901176 ] } },
{ "type": "Feature", "properties": { "Id": 0, "x": 98.1535, "y": 17.5624 }, "geometry": { "type": "Point", "coordinates": [ 98.153490110018737, 17.562380410739728 ] } },
{ "type": "Feature", "properties": { "Id": 0, "x": 98.2064, "y": 17.5641 }, "geometry": { "type": "Point", "coordinates": [ 98.206398451845274, 17.564102539355108 ] } },
{ "type": "Feature", "properties": { "Id": 0, "x": 98.5383, "y": 17.3465 }, "geometry": { "type": "Point", "coordinates": [ 98.538291608181822, 17.346497654596607 ] } },
{ "type": "Feature", "properties": { "Id": 0, "x": 98.5101, "y": 17.3522 }, "geometry": { "type": "Point", "coordinates": [ 98.510085478925859, 17.352248113282073 ] } },
{ "type": "Feature", "properties": { "Id": 0, "x": 98.5435, "y": 17.3287 }, "geometry": { "type": "Point", "coordinates": [ 98.543545146850292, 17.328681121270371 ] } },
{ "type": "Feature", "properties": { "Id": 0, "x": 98.5241, "y": 17.3092 }, "geometry": { "type": "Point", "coordinates": [ 98.524064029597156, 17.309160378167462 ] } },
{ "type": "Feature", "properties": { "Id": 0, "x": 98.514, "y": 17.2974 }, "geometry": { "type": "Point", "coordinates": [ 98.513957601945208, 17.29739360840464 ] } },
{ "type": "Feature", "properties": { "Id": 0, "x": 98.5077, "y": 17.2868 }, "geometry": { "type": "Point", "coordinates": [ 98.507724923808254, 17.286781496213273 ] } },
{ "type": "Feature", "properties": { "Id": 0, "x": 98.4811, "y": 17.2796 }, "geometry": { "type": "Point", "coordinates": [ 98.481063430274759, 17.27955427118664 ] } },
{ "type": "Feature", "properties": { "Id": 0, "x": 98.4661, "y": 17.3145 }, "geometry": { "type": "Point", "coordinates": [ 98.466057393277651, 17.314455891794758 ] } },
{ "type": "Feature", "properties": { "Id": 0, "x": 98.4628, "y": 17.3077 }, "geometry": { "type": "Point", "coordinates": [ 98.462797170396357, 17.30771675952775 ] } },
{ "type": "Feature", "properties": { "Id": 0, "x": 98.4762, "y": 17.3131 }, "geometry": { "type": "Point", "coordinates": [ 98.476198937757772, 17.313050647478001 ] } },
{ "type": "Feature", "properties": { "Id": 0, "x": 98.4949, "y": 17.3297 }, "geometry": { "type": "Point", "coordinates": [ 98.494937621452053, 17.329710045265756 ] } },
{ "type": "Feature", "properties": { "Id": 0, "x": 98.4933, "y": 17.3175 }, "geometry": { "type": "Point", "coordinates": [ 98.493330963485207, 17.317533916824193 ] } },
{ "type": "Feature", "properties": { "Id": 0, "x": 98.4888, "y": 17.3347 }, "geometry": { "type": "Point", "coordinates": [ 98.488810918160027, 17.334706521711855 ] } },
{ "type": "Feature", "properties": { "Id": 0, "x": 98.4861, "y": 17.3295 }, "geometry": { "type": "Point", "coordinates": [ 98.486141505922362, 17.329544467743197 ] } },
{ "type": "Feature", "properties": { "Id": 0, "x": 98.411, "y": 17.3333 }, "geometry": { "type": "Point", "coordinates": [ 98.410986241591701, 17.333347099523571 ] } },
{ "type": "Feature", "properties": { "Id": 0, "x": 98.4211, "y": 17.337 }, "geometry": { "type": "Point", "coordinates": [ 98.421113449683958, 17.336956616394726 ] } },
{ "type": "Feature", "properties": { "Id": 0, "x": 98.4305, "y": 17.338 }, "geometry": { "type": "Point", "coordinates": [ 98.430503514700476, 17.337985945350994 ] } },
{ "type": "Feature", "properties": { "Id": 0, "x": 98.4403, "y": 17.3382 }, "geometry": { "type": "Point", "coordinates": [ 98.440343601720741, 17.338156897628334 ] } },
{ "type": "Feature", "properties": { "Id": 0, "x": 98.4523, "y": 17.3395 }, "geometry": { "type": "Point", "coordinates": [ 98.452267716274832, 17.339478678498232 ] } },
{ "type": "Feature", "properties": { "Id": 0, "x": 98.4612, "y": 17.3515 }, "geometry": { "type": "Point", "coordinates": [ 98.461178633141813, 17.351531656321946 ] } },
{ "type": "Feature", "properties": { "Id": 0, "x": 98.4635, "y": 17.3613 }, "geometry": { "type": "Point", "coordinates": [ 98.463536077898112, 17.361275578549446 ] } },
{ "type": "Feature", "properties": { "Id": 0, "x": 98.4176, "y": 17.3613 }, "geometry": { "type": "Point", "coordinates": [ 98.41760737724087, 17.36129027263236 ] } },
{ "type": "Feature", "properties": { "Id": 0, "x": 98.4057, "y": 17.3577 }, "geometry": { "type": "Point", "coordinates": [ 98.405689556307607, 17.357675238987895 ] } },
{ "type": "Feature", "properties": { "Id": 0, "x": 98.3987, "y": 17.3555 }, "geometry": { "type": "Point", "coordinates": [ 98.398688210170633, 17.355506332453309 ] } },
{ "type": "Feature", "properties": { "Id": 0, "x": 98.3845, "y": 17.4181 }, "geometry": { "type": "Point", "coordinates": [ 98.38451814586665, 17.41813013187739 ] } },
{ "type": "Feature", "properties": { "Id": 0, "x": 98.3848, "y": 17.4094 }, "geometry": { "type": "Point", "coordinates": [ 98.384780421974185, 17.409404852939872 ] } },
{ "type": "Feature", "properties": { "Id": 0, "x": 98.3834, "y": 17.3944 }, "geometry": { "type": "Point", "coordinates": [ 98.383432347515054, 17.394409703442104 ] } },
{ "type": "Feature", "properties": { "Id": 0, "x": 98.3818, "y": 17.3895 }, "geometry": { "type": "Point", "coordinates": [ 98.381817630383395, 17.389482292047205 ] } },
{ "type": "Feature", "properties": { "Id": 0, "x": 98.377, "y": 17.3778 }, "geometry": { "type": "Point", "coordinates": [ 98.376963378789839, 17.377832398311273 ] } },
{ "type": "Feature", "properties": { "Id": 0, "x": 98.3763, "y": 17.3704 }, "geometry": { "type": "Point", "coordinates": [ 98.376289331192226, 17.370446662595366 ] } },
{ "type": "Feature", "properties": { "Id": 0, "x": 98.3782, "y": 17.3669 }, "geometry": { "type": "Point", "coordinates": [ 98.378165453284225, 17.366872562971416 ] } },
{ "type": "Feature", "properties": { "Id": 0, "x": 98.3395, "y": 17.3531 }, "geometry": { "type": "Point", "coordinates": [ 98.339536345635423, 17.35310018672207 ] } },
{ "type": "Feature", "properties": { "Id": 0, "x": 98.3335, "y": 17.3576 }, "geometry": { "type": "Point", "coordinates": [ 98.333462653763704, 17.357554945510369 ] } },
{ "type": "Feature", "properties": { "Id": 0, "x": 98.3262, "y": 17.364 }, "geometry": { "type": "Point", "coordinates": [ 98.326216350014221, 17.364019264100584 ] } },
{ "type": "Feature", "properties": { "Id": 0, "x": 98.3241, "y": 17.3692 }, "geometry": { "type": "Point", "coordinates": [ 98.324100526160493, 17.369158249695371 ] } },
{ "type": "Feature", "properties": { "Id": 0, "x": 98.3218, "y": 17.3723 }, "geometry": { "type": "Point", "coordinates": [ 98.321758984779052, 17.372282740431256 ] } },
{ "type": "Feature", "properties": { "Id": 0, "x": 98.3858, "y": 17.2981 }, "geometry": { "type": "Point", "coordinates": [ 98.385852370029895, 17.298142064488118 ] } },
{ "type": "Feature", "properties": { "Id": 0, "x": 98.3903, "y": 17.2999 }, "geometry": { "type": "Point", "coordinates": [ 98.390330521581788, 17.299897026940393 ] } },
{ "type": "Feature", "properties": { "Id": 0, "x": 98.3944, "y": 17.3063 }, "geometry": { "type": "Point", "coordinates": [ 98.394411848738699, 17.30632471265168 ] } },
{ "type": "Feature", "properties": { "Id": 0, "x": 98.3916, "y": 17.3099 }, "geometry": { "type": "Point", "coordinates": [ 98.391633315806402, 17.309890547929328 ] } },
{ "type": "Feature", "properties": { "Id": 0, "x": 98.3968, "y": 17.3183 }, "geometry": { "type": "Point", "coordinates": [ 98.396757844304801, 17.318337592911664 ] } },
{ "type": "Feature", "properties": { "Id": 0, "x": 98.3954, "y": 17.3248 }, "geometry": { "type": "Point", "coordinates": [ 98.39540078657356, 17.324840460221935 ] } },
{ "type": "Feature", "properties": { "Id": 0, "x": 98.3901, "y": 17.327 }, "geometry": { "type": "Point", "coordinates": [ 98.390050246991635, 17.327023771293845 ] } },
{ "type": "Feature", "properties": { "Id": 0, "x": 98.3309, "y": 17.3096 }, "geometry": { "type": "Point", "coordinates": [ 98.330859135690247, 17.309610977411698 ] } },
{ "type": "Feature", "properties": { "Id": 0, "x": 98.334, "y": 17.3068 }, "geometry": { "type": "Point", "coordinates": [ 98.333999979968866, 17.306757483591603 ] } },
{ "type": "Feature", "properties": { "Id": 0, "x": 98.338, "y": 17.3042 }, "geometry": { "type": "Point", "coordinates": [ 98.338034114338711, 17.304193283340769 ] } },
{ "type": "Feature", "properties": { "Id": 0, "x": 98.3406, "y": 17.3018 }, "geometry": { "type": "Point", "coordinates": [ 98.340576959906073, 17.301767297644378 ] } },
{ "type": "Feature", "properties": { "Id": 0, "x": 98.36, "y": 17.294 }, "geometry": { "type": "Point", "coordinates": [ 98.359982934423442, 17.293954256186961 ] } },
{ "type": "Feature", "properties": { "Id": 0, "x": 98.3646, "y": 17.2921 }, "geometry": { "type": "Point", "coordinates": [ 98.364610222621252, 17.292107382858546 ] } },
{ "type": "Feature", "properties": { "Id": 0, "x": 98.3683, "y": 17.2894 }, "geometry": { "type": "Point", "coordinates": [ 98.368346001145468, 17.289398402944464 ] } },
{ "type": "Feature", "properties": { "Id": 0, "x": 98.3684, "y": 17.2844 }, "geometry": { "type": "Point", "coordinates": [ 98.368363092270172, 17.284386499743249 ] } },
{ "type": "Feature", "properties": { "Id": 0, "x": 98.3661, "y": 17.2808 }, "geometry": { "type": "Point", "coordinates": [ 98.366139534030992, 17.280799520653428 ] } },
{ "type": "Feature", "properties": { "Id": 0, "x": 98.3706, "y": 17.2727 }, "geometry": { "type": "Point", "coordinates": [ 98.370638777191758, 17.272651334955988 ] } },
{ "type": "Feature", "properties": { "Id": 0, "x": 98.3724, "y": 17.2688 }, "geometry": { "type": "Point", "coordinates": [ 98.372440396593433, 17.26879059707565 ] } },
{ "type": "Feature", "properties": { "Id": 0, "x": 98.3848, "y": 17.2542 }, "geometry": { "type": "Point", "coordinates": [ 98.384797113783407, 17.254235256448702 ] } },
{ "type": "Feature", "properties": { "Id": 0, "x": 98.3857, "y": 17.2518 }, "geometry": { "type": "Point", "coordinates": [ 98.385703737492832, 17.251797998756341 ] } },
{ "type": "Feature", "properties": { "Id": 0, "x": 98.3929, "y": 17.2477 }, "geometry": { "type": "Point", "coordinates": [ 98.392886698185464, 17.247665601412557 ] } },
{ "type": "Feature", "properties": { "Id": 0, "x": 98.3956, "y": 17.2486 }, "geometry": { "type": "Point", "coordinates": [ 98.395554242405282, 17.24859011671235 ] } },
{ "type": "Feature", "properties": { "Id": 0, "x": 98.5411, "y": 17.4342 }, "geometry": { "type": "Point", "coordinates": [ 98.541101737700842, 17.434214553034764 ] } },
{ "type": "Feature", "properties": { "Id": 0, "x": 98.5412, "y": 17.4147 }, "geometry": { "type": "Point", "coordinates": [ 98.541150370237474, 17.414748384683602 ] } },
{ "type": "Feature", "properties": { "Id": 0, "x": 98.5433, "y": 17.396 }, "geometry": { "type": "Point", "coordinates": [ 98.543294662434718, 17.395958237507266 ] } },
{ "type": "Feature", "properties": { "Id": 0, "x": 98.5394, "y": 17.3819 }, "geometry": { "type": "Point", "coordinates": [ 98.539368190449593, 17.381852895648045 ] } },
{ "type": "Feature", "properties": { "Id": 0, "x": 98.5336, "y": 17.3646 }, "geometry": { "type": "Point", "coordinates": [ 98.533586155739471, 17.364610628134709 ] } },
{ "type": "Feature", "properties": { "Id": 0, "x": 98.5047, "y": 17.356 }, "geometry": { "type": "Point", "coordinates": [ 98.504716551982284, 17.356038657897535 ] } },
{ "type": "Feature", "properties": { "Id": 0, "x": 98.482, "y": 17.4034 }, "geometry": { "type": "Point", "coordinates": [ 98.481982946528646, 17.403416007237819 ] } },
{ "type": "Feature", "properties": { "Id": 0, "x": 98.4492, "y": 17.3778 }, "geometry": { "type": "Point", "coordinates": [ 98.44919913363988, 17.377820870050297 ] } },
{ "type": "Feature", "properties": { "Id": 0, "x": 98.4625, "y": 17.3696 }, "geometry": { "type": "Point", "coordinates": [ 98.4625053125352, 17.369578389984216 ] } },
{ "type": "Feature", "properties": { "Id": 0, "x": 98.4386, "y": 17.4176 }, "geometry": { "type": "Point", "coordinates": [ 98.438591824126476, 17.417618486838549 ] } },
{ "type": "Feature", "properties": { "Id": 0, "x": 98.4388, "y": 17.431 }, "geometry": { "type": "Point", "coordinates": [ 98.438783873945695, 17.431043872247148 ] } },
{ "type": "Feature", "properties": { "Id": 0, "x": 98.397, "y": 17.5068 }, "geometry": { "type": "Point", "coordinates": [ 98.397045329388234, 17.506771508980375 ] } },
{ "type": "Feature", "properties": { "Id": 0, "x": 98.3943, "y": 17.5012 }, "geometry": { "type": "Point", "coordinates": [ 98.394265714376345, 17.501169441464054 ] } },
{ "type": "Feature", "properties": { "Id": 0, "x": 98.3978, "y": 17.4949 }, "geometry": { "type": "Point", "coordinates": [ 98.397783931451741, 17.494915299659858 ] } },
{ "type": "Feature", "properties": { "Id": 0, "x": 98.4241, "y": 17.5148 }, "geometry": { "type": "Point", "coordinates": [ 98.424134399555555, 17.514817270786462 ] } },
{ "type": "Feature", "properties": { "Id": 0, "x": 98.4472, "y": 17.6262 }, "geometry": { "type": "Point", "coordinates": [ 98.447210554507564, 17.626229312559605 ] } },
{ "type": "Feature", "properties": { "Id": 0, "x": 98.4614, "y": 17.6469 }, "geometry": { "type": "Point", "coordinates": [ 98.461368124698637, 17.64689480829691 ] } },
{ "type": "Feature", "properties": { "Id": 0, "x": 98.4569, "y": 17.6647 }, "geometry": { "type": "Point", "coordinates": [ 98.456939135554236, 17.664712161122157 ] } },
{ "type": "Feature", "properties": { "Id": 0, "x": 98.4598, "y": 17.6951 }, "geometry": { "type": "Point", "coordinates": [ 98.459765591212218, 17.695134909702254 ] } },
{ "type": "Feature", "properties": { "Id": 0, "x": 98.4769, "y": 17.7036 }, "geometry": { "type": "Point", "coordinates": [ 98.476883380703214, 17.70357152991307 ] } },
{ "type": "Feature", "properties": { "Id": 0, "x": 98.4871, "y": 17.6907 }, "geometry": { "type": "Point", "coordinates": [ 98.48713290985917, 17.690663409755508 ] } },
{ "type": "Feature", "properties": { "Id": 0, "x": 98.4955, "y": 17.6851 }, "geometry": { "type": "Point", "coordinates": [ 98.495537024519294, 17.685091562528616 ] } },
{ "type": "Feature", "properties": { "Id": 0, "x": 98.5062, "y": 17.6634 }, "geometry": { "type": "Point", "coordinates": [ 98.506172694233015, 17.663443362026158 ] } },
{ "type": "Feature", "properties": { "Id": 0, "x": 98.5069, "y": 17.6523 }, "geometry": { "type": "Point", "coordinates": [ 98.506932483034859, 17.652258055110433 ] } },
{ "type": "Feature", "properties": { "Id": 0, "x": 98.4898, "y": 17.6487 }, "geometry": { "type": "Point", "coordinates": [ 98.489804225836338, 17.648718457916978 ] } },
{ "type": "Feature", "properties": { "Id": 0, "x": 98.4708, "y": 17.6634 }, "geometry": { "type": "Point", "coordinates": [ 98.470800442141808, 17.663351500049828 ] } },
{ "type": "Feature", "properties": { "Id": 0, "x": 98.4766, "y": 17.6801 }, "geometry": { "type": "Point", "coordinates": [ 98.476586483830431, 17.680147688369612 ] } },
{ "type": "Feature", "properties": { "Id": 0, "x": 98.4463, "y": 17.6839 }, "geometry": { "type": "Point", "coordinates": [ 98.446305066197354, 17.6839103854612 ] } },
{ "type": "Feature", "properties": { "Id": 0, "x": 98.4415, "y": 17.7045 }, "geometry": { "type": "Point", "coordinates": [ 98.441500201281542, 17.704522972058239 ] } },
{ "type": "Feature", "properties": { "Id": 0, "x": 98.4305, "y": 17.7188 }, "geometry": { "type": "Point", "coordinates": [ 98.430512714930984, 17.718824836315033 ] } },
{ "type": "Feature", "properties": { "Id": 0, "x": 98.4232, "y": 17.73 }, "geometry": { "type": "Point", "coordinates": [ 98.423181528238558, 17.729990454773819 ] } },
{ "type": "Feature", "properties": { "Id": 0, "x": 98.4151, "y": 17.7443 }, "geometry": { "type": "Point", "coordinates": [ 98.415109575857997, 17.744299893622326 ] } },
{ "type": "Feature", "properties": { "Id": 0, "x": 98.4078, "y": 17.7537 }, "geometry": { "type": "Point", "coordinates": [ 98.407782116462613, 17.753716906060475 ] } },
{ "type": "Feature", "properties": { "Id": 0, "x": 98.4026, "y": 17.7631 }, "geometry": { "type": "Point", "coordinates": [ 98.40264303488344, 17.763140297112155 ] } },
{ "type": "Feature", "properties": { "Id": 0, "x": 98.4037, "y": 17.781 }, "geometry": { "type": "Point", "coordinates": [ 98.403678496043938, 17.780972611057159 ] } },
{ "type": "Feature", "properties": { "Id": 0, "x": 98.4058, "y": 17.8006 }, "geometry": { "type": "Point", "coordinates": [ 98.405803114395226, 17.800556156244451 ] } },
{ "type": "Feature", "properties": { "Id": 0, "x": 98.4054, "y": 17.8114 }, "geometry": { "type": "Point", "coordinates": [ 98.40540227720173, 17.811392237190962 ] } },
{ "type": "Feature", "properties": { "Id": 0, "x": 98.3988, "y": 17.8215 }, "geometry": { "type": "Point", "coordinates": [ 98.398799078030891, 17.82151014421008 ] } },
{ "type": "Feature", "properties": { "Id": 0, "x": 98.4002, "y": 17.8296 }, "geometry": { "type": "Point", "coordinates": [ 98.400232085614533, 17.829555101419206 ] } },
{ "type": "Feature", "properties": { "Id": 0, "x": 98.4115, "y": 17.8359 }, "geometry": { "type": "Point", "coordinates": [ 98.411526230379721, 17.83588206115191 ] } },
{ "type": "Feature", "properties": { "Id": 0, "x": 98.347, "y": 17.814 }, "geometry": { "type": "Point", "coordinates": [ 98.34699935451134, 17.814002619187942 ] } },
{ "type": "Feature", "properties": { "Id": 0, "x": 98.3553, "y": 17.8441 }, "geometry": { "type": "Point", "coordinates": [ 98.355285259432577, 17.844094579340997 ] } },
{ "type": "Feature", "properties": { "Id": 0, "x": 98.4636, "y": 17.8512 }, "geometry": { "type": "Point", "coordinates": [ 98.46360877830331, 17.851151890873052 ] } },
{ "type": "Feature", "properties": { "Id": 0, "x": 98.4932, "y": 17.8632 }, "geometry": { "type": "Point", "coordinates": [ 98.493234442772675, 17.863248314205421 ] } },
{ "type": "Feature", "properties": { "Id": 0, "x": 98.5251, "y": 17.877 }, "geometry": { "type": "Point", "coordinates": [ 98.525141700590041, 17.876984602957183 ] } },
{ "type": "Feature", "properties": { "Id": 0, "x": 98.5468, "y": 17.8814 }, "geometry": { "type": "Point", "coordinates": [ 98.546808330837322, 17.881406108751669 ] } },
{ "type": "Feature", "properties": { "Id": 0, "x": 98.569, "y": 17.8929 }, "geometry": { "type": "Point", "coordinates": [ 98.569029449912435, 17.892927593249773 ] } },
{ "type": "Feature", "properties": { "Id": 0, "x": 98.5856, "y": 17.9012 }, "geometry": { "type": "Point", "coordinates": [ 98.585555512983731, 17.901157091245754 ] } },
{ "type": "Feature", "properties": { "Id": 0, "x": 98.6009, "y": 17.9121 }, "geometry": { "type": "Point", "coordinates": [ 98.600935863224237, 17.912114072661378 ] } },
{ "type": "Feature", "properties": { "Id": 0, "x": 98.6077, "y": 17.9351 }, "geometry": { "type": "Point", "coordinates": [ 98.607732371827382, 17.935070050408125 ] } },
{ "type": "Feature", "properties": { "Id": 0, "x": 98.4727, "y": 17.878 }, "geometry": { "type": "Point", "coordinates": [ 98.47272417157167, 17.878007878186022 ] } },
{ "type": "Feature", "properties": { "Id": 0, "x": 98.4917, "y": 17.883 }, "geometry": { "type": "Point", "coordinates": [ 98.491695316440897, 17.88295256105728 ] } },
{ "type": "Feature", "properties": { "Id": 0, "x": 98.5074, "y": 17.8907 }, "geometry": { "type": "Point", "coordinates": [ 98.50737377155464, 17.8906838570297 ] } },
{ "type": "Feature", "properties": { "Id": 0, "x": 98.5128, "y": 17.9022 }, "geometry": { "type": "Point", "coordinates": [ 98.512819160857518, 17.902234092630017 ] } },
{ "type": "Feature", "properties": { "Id": 0, "x": 98.512, "y": 17.9176 }, "geometry": { "type": "Point", "coordinates": [ 98.512046784717313, 17.917614189596975 ] } },
{ "type": "Feature", "properties": { "Id": 0, "x": 98.5026, "y": 17.9169 }, "geometry": { "type": "Point", "coordinates": [ 98.502554060147901, 17.916890965868376 ] } },
{ "type": "Feature", "properties": { "Id": 0, "x": 98.4887, "y": 17.9088 }, "geometry": { "type": "Point", "coordinates": [ 98.488700362065657, 17.908814467558035 ] } },
{ "type": "Feature", "properties": { "Id": 0, "x": 98.4825, "y": 17.8959 }, "geometry": { "type": "Point", "coordinates": [ 98.482530142913205, 17.895863307368522 ] } },
{ "type": "Feature", "properties": { "Id": 0, "x": 98.4708, "y": 17.8955 }, "geometry": { "type": "Point", "coordinates": [ 98.4708469053827, 17.895482321897738 ] } },
{ "type": "Feature", "properties": { "Id": 0, "x": 98.5714, "y": 18.1189 }, "geometry": { "type": "Point", "coordinates": [ 98.57140650622307, 18.118936136343152 ] } },
{ "type": "Feature", "properties": { "Id": 0, "x": 98.5525, "y": 18.105 }, "geometry": { "type": "Point", "coordinates": [ 98.552489144913082, 18.105021553056119 ] } },
{ "type": "Feature", "properties": { "Id": 0, "x": 98.5368, "y": 18.0954 }, "geometry": { "type": "Point", "coordinates": [ 98.536838855426893, 18.095363989517875 ] } },
{ "type": "Feature", "properties": { "Id": 0, "x": 98.509, "y": 18.0841 }, "geometry": { "type": "Point", "coordinates": [ 98.509029934321418, 18.08410848832613 ] } },
{ "type": "Feature", "properties": { "Id": 0, "x": 98.4844, "y": 18.1037 }, "geometry": { "type": "Point", "coordinates": [ 98.484409315357951, 18.103732844650903 ] } },
{ "type": "Feature", "properties": { "Id": 0, "x": 98.4538, "y": 18.0974 }, "geometry": { "type": "Point", "coordinates": [ 98.453833077799388, 18.0974400223127 ] } },
{ "type": "Feature", "properties": { "Id": 0, "x": 98.436, "y": 18.1008 }, "geometry": { "type": "Point", "coordinates": [ 98.435973203648018, 18.100802500024379 ] } },
{ "type": "Feature", "properties": { "Id": 0, "x": 98.4227, "y": 18.1145 }, "geometry": { "type": "Point", "coordinates": [ 98.422666823691458, 18.114534678046308 ] } },
{ "type": "Feature", "properties": { "Id": 0, "x": 98.4249, "y": 18.1006 }, "geometry": { "type": "Point", "coordinates": [ 98.424905928774962, 18.100558151454315 ] } },
{ "type": "Feature", "properties": { "Id": 0, "x": 98.4217, "y": 18.0841 }, "geometry": { "type": "Point", "coordinates": [ 98.421669820247715, 18.084118169869097 ] } },
{ "type": "Feature", "properties": { "Id": 0, "x": 98.4239, "y": 18.1764 }, "geometry": { "type": "Point", "coordinates": [ 98.423926524006262, 18.176413954078431 ] } },
{ "type": "Feature", "properties": { "Id": 0, "x": 98.4301, "y": 18.1981 }, "geometry": { "type": "Point", "coordinates": [ 98.430073189260838, 18.198106116098639 ] } },
{ "type": "Feature", "properties": { "Id": 0, "x": 98.4198, "y": 18.2145 }, "geometry": { "type": "Point", "coordinates": [ 98.419777665314371, 18.214505377344416 ] } },
{ "type": "Feature", "properties": { "Id": 0, "x": 98.4128, "y": 18.2299 }, "geometry": { "type": "Point", "coordinates": [ 98.412776102940001, 18.229865404396527 ] } },
{ "type": "Feature", "properties": { "Id": 0, "x": 98.3945, "y": 18.2319 }, "geometry": { "type": "Point", "coordinates": [ 98.394477866756759, 18.231905914398695 ] } },
{ "type": "Feature", "properties": { "Id": 0, "x": 98.3714, "y": 18.2507 }, "geometry": { "type": "Point", "coordinates": [ 98.371363207631802, 18.250708425032325 ] } },
{ "type": "Feature", "properties": { "Id": 0, "x": 98.36, "y": 18.2633 }, "geometry": { "type": "Point", "coordinates": [ 98.359975436003722, 18.263255281496843 ] } },
{ "type": "Feature", "properties": { "Id": 0, "x": 98.3442, "y": 18.2702 }, "geometry": { "type": "Point", "coordinates": [ 98.344216090658833, 18.27019333351603 ] } },
{ "type": "Feature", "properties": { "Id": 0, "x": 98.2991, "y": 17.7452 }, "geometry": { "type": "Point", "coordinates": [ 98.299122093020728, 17.745178315439791 ] } },
{ "type": "Feature", "properties": { "Id": 0, "x": 98.294, "y": 17.7313 }, "geometry": { "type": "Point", "coordinates": [ 98.294039848343147, 17.731288505407342 ] } },
{ "type": "Feature", "properties": { "Id": 0, "x": 98.3006, "y": 17.7141 }, "geometry": { "type": "Point", "coordinates": [ 98.300643621298846, 17.714084481335547 ] } },
{ "type": "Feature", "properties": { "Id": 0, "x": 98.3061, "y": 17.6969 }, "geometry": { "type": "Point", "coordinates": [ 98.306078984414995, 17.696876046059714 ] } },
{ "type": "Feature", "properties": { "Id": 0, "x": 98.3077, "y": 17.6875 }, "geometry": { "type": "Point", "coordinates": [ 98.307748918148121, 17.687484985273976 ] } },
{ "type": "Feature", "properties": { "Id": 0, "x": 98.2826, "y": 17.7357 }, "geometry": { "type": "Point", "coordinates": [ 98.282582358705113, 17.735721664988677 ] } },
{ "type": "Feature", "properties": { "Id": 0, "x": 98.2805, "y": 17.7295 }, "geometry": { "type": "Point", "coordinates": [ 98.280506147969902, 17.729449488729117 ] } },
{ "type": "Feature", "properties": { "Id": 0, "x": 98.2831, "y": 17.7113 }, "geometry": { "type": "Point", "coordinates": [ 98.283146226905387, 17.711336593044862 ] } },
{ "type": "Feature", "properties": { "Id": 0, "x": 98.2881, "y": 17.7024 }, "geometry": { "type": "Point", "coordinates": [ 98.288083692245934, 17.702405114773786 ] } },
{ "type": "Feature", "properties": { "Id": 0, "x": 98.7932, "y": 17.9643 }, "geometry": { "type": "Point", "coordinates": [ 98.793164210521098, 17.964306958588825 ] } },
{ "type": "Feature", "properties": { "Id": 0, "x": 98.7738, "y": 17.9441 }, "geometry": { "type": "Point", "coordinates": [ 98.773784063820131, 17.944074196311028 ] } },
{ "type": "Feature", "properties": { "Id": 0, "x": 98.7692, "y": 17.9217 }, "geometry": { "type": "Point", "coordinates": [ 98.769247519813064, 17.921672686180784 ] } },
{ "type": "Feature", "properties": { "Id": 0, "x": 98.7641, "y": 17.9064 }, "geometry": { "type": "Point", "coordinates": [ 98.764132144724513, 17.906371576219922 ] } },
{ "type": "Feature", "properties": { "Id": 0, "x": 98.5931, "y": 17.8608 }, "geometry": { "type": "Point", "coordinates": [ 98.593064701108545, 17.860750916160612 ] } },
{ "type": "Feature", "properties": { "Id": 0, "x": 98.6073, "y": 17.8504 }, "geometry": { "type": "Point", "coordinates": [ 98.607347953875902, 17.850401521578647 ] } },
{ "type": "Feature", "properties": { "Id": 0, "x": 98.6188, "y": 17.8411 }, "geometry": { "type": "Point", "coordinates": [ 98.61877546663419, 17.841137981662822 ] } },
{ "type": "Feature", "properties": { "Id": 0, "x": 98.6399, "y": 17.8395 }, "geometry": { "type": "Point", "coordinates": [ 98.639882030795079, 17.839539304418739 ] } },
{ "type": "Feature", "properties": { "Id": 0, "x": 98.7562, "y": 18.2499 }, "geometry": { "type": "Point", "coordinates": [ 98.756240876613575, 18.24994654832393 ] } },
{ "type": "Feature", "properties": { "Id": 0, "x": 98.754, "y": 18.2183 }, "geometry": { "type": "Point", "coordinates": [ 98.75399868376438, 18.218262301068755 ] } },
{ "type": "Feature", "properties": { "Id": 0, "x": 98.7495, "y": 18.1909 }, "geometry": { "type": "Point", "coordinates": [ 98.749465076673872, 18.190944821285107 ] } },
{ "type": "Feature", "properties": { "Id": 0, "x": 98.7369, "y": 18.1658 }, "geometry": { "type": "Point", "coordinates": [ 98.736929918901112, 18.165801326748465 ] } },
{ "type": "Feature", "properties": { "Id": 0, "x": 98.7232, "y": 18.1483 }, "geometry": { "type": "Point", "coordinates": [ 98.723243623904452, 18.148302624091837 ] } },
{ "type": "Feature", "properties": { "Id": 0, "x": 98.8, "y": 18.1307 }, "geometry": { "type": "Point", "coordinates": [ 98.799997902789983, 18.130719726835206 ] } },
{ "type": "Feature", "properties": { "Id": 0, "x": 98.7998, "y": 18.1415 }, "geometry": { "type": "Point", "coordinates": [ 98.799751679535106, 18.141458939602337 ] } },
{ "type": "Feature", "properties": { "Id": 0, "x": 98.8011, "y": 18.1495 }, "geometry": { "type": "Point", "coordinates": [ 98.801146681361246, 18.149514980132011 ] } },
{ "type": "Feature", "properties": { "Id": 0, "x": 98.506, "y": 18.2425 }, "geometry": { "type": "Point", "coordinates": [ 98.506011504425743, 18.242503509810412 ] } },
{ "type": "Feature", "properties": { "Id": 0, "x": 98.5139, "y": 18.2615 }, "geometry": { "type": "Point", "coordinates": [ 98.513919572722742, 18.26154086108917 ] } },
{ "type": "Feature", "properties": { "Id": 0, "x": 98.5176, "y": 18.2723 }, "geometry": { "type": "Point", "coordinates": [ 98.517636652332655, 18.272289333886796 ] } },
{ "type": "Feature", "properties": { "Id": 0, "x": 98.5687, "y": 18.2717 }, "geometry": { "type": "Point", "coordinates": [ 98.568691020760824, 18.271740073115478 ] } },
{ "type": "Feature", "properties": { "Id": 0, "x": 98.5778, "y": 18.2885 }, "geometry": { "type": "Point", "coordinates": [ 98.577783711462303, 18.28854024204281 ] } },
{ "type": "Feature", "properties": { "Id": 0, "x": 98.5808, "y": 18.2975 }, "geometry": { "type": "Point", "coordinates": [ 98.58080692242828, 18.297496158105488 ] } },
{ "type": "Feature", "properties": { "Id": 0, "x": 98.5665, "y": 18.2968 }, "geometry": { "type": "Point", "coordinates": [ 98.566521082781108, 18.296793085941093 ] } },
{ "type": "Feature", "properties": { "Id": 0, "x": 98.5588, "y": 18.284 }, "geometry": { "type": "Point", "coordinates": [ 98.558824079270735, 18.284022796168703 ] } },
{ "type": "Feature", "properties": { "Id": 0, "x": 98.7347, "y": 18.5105 }, "geometry": { "type": "Point", "coordinates": [ 98.73469039746962, 18.510465645644302 ] } },
{ "type": "Feature", "properties": { "Id": 0, "x": 98.7095, "y": 18.5121 }, "geometry": { "type": "Point", "coordinates": [ 98.709495772793346, 18.512067272276816 ] } },
{ "type": "Feature", "properties": { "Id": 0, "x": 98.6969, "y": 18.5126 }, "geometry": { "type": "Point", "coordinates": [ 98.696898784335787, 18.512593719108178 ] } },
{ "type": "Feature", "properties": { "Id": 0, "x": 98.6963, "y": 18.6255 }, "geometry": { "type": "Point", "coordinates": [ 98.696332514530397, 18.625548910918024 ] } },
{ "type": "Feature", "properties": { "Id": 0, "x": 98.685, "y": 18.6074 }, "geometry": { "type": "Point", "coordinates": [ 98.68499915093858, 18.607352538248836 ] } },
{ "type": "Feature", "properties": { "Id": 0, "x": 98.6707, "y": 18.5885 }, "geometry": { "type": "Point", "coordinates": [ 98.670736772696188, 18.588451241132518 ] } },
{ "type": "Feature", "properties": { "Id": 0, "x": 98.6653, "y": 18.5797 }, "geometry": { "type": "Point", "coordinates": [ 98.665254963028318, 18.57970227047133 ] } },
{ "type": "Feature", "properties": { "Id": 0, "x": 98.6697, "y": 18.5643 }, "geometry": { "type": "Point", "coordinates": [ 98.669683454177502, 18.564328860316287 ] } },
{ "type": "Feature", "properties": { "Id": 0, "x": 98.6477, "y": 18.5419 }, "geometry": { "type": "Point", "coordinates": [ 98.647736964684114, 18.541916480225147 ] } },
{ "type": "Feature", "properties": { "Id": 0, "x": 98.636, "y": 18.537 }, "geometry": { "type": "Point", "coordinates": [ 98.636019609933541, 18.537000238233301 ] } },
{ "type": "Feature", "properties": { "Id": 0, "x": 98.5573, "y": 18.5235 }, "geometry": { "type": "Point", "coordinates": [ 98.557260908126693, 18.523548399276041 ] } },
{ "type": "Feature", "properties": { "Id": 0, "x": 98.5489, "y": 18.5085 }, "geometry": { "type": "Point", "coordinates": [ 98.548872003879481, 18.50849700587354 ] } },
{ "type": "Feature", "properties": { "Id": 0, "x": 98.4975, "y": 18.5328 }, "geometry": { "type": "Point", "coordinates": [ 98.497502542006828, 18.532837361814668 ] } },
{ "type": "Feature", "properties": { "Id": 0, "x": 98.5011, "y": 18.5535 }, "geometry": { "type": "Point", "coordinates": [ 98.501107318852704, 18.553471440359058 ] } },
{ "type": "Feature", "properties": { "Id": 0, "x": 98.493, "y": 18.5664 }, "geometry": { "type": "Point", "coordinates": [ 98.49300592870371, 18.566383848120417 ] } },
{ "type": "Feature", "properties": { "Id": 0, "x": 98.4834, "y": 18.58 }, "geometry": { "type": "Point", "coordinates": [ 98.48343494361562, 18.579990976726865 ] } },
{ "type": "Feature", "properties": { "Id": 0, "x": 98.4709, "y": 18.6023 }, "geometry": { "type": "Point", "coordinates": [ 98.470902685712034, 18.602328398965927 ] } },
{ "type": "Feature", "properties": { "Id": 0, "x": 98.4698, "y": 18.6142 }, "geometry": { "type": "Point", "coordinates": [ 98.469766040578122, 18.614210395563489 ] } },
{ "type": "Feature", "properties": { "Id": 0, "x": 98.538, "y": 18.6102 }, "geometry": { "type": "Point", "coordinates": [ 98.537972276013136, 18.610195331996646 ] } },
{ "type": "Feature", "properties": { "Id": 0, "x": 98.5398, "y": 18.5976 }, "geometry": { "type": "Point", "coordinates": [ 98.539839256528921, 18.597615469575711 ] } },
{ "type": "Feature", "properties": { "Id": 0, "x": 98.5432, "y": 18.5833 }, "geometry": { "type": "Point", "coordinates": [ 98.543176913753257, 18.583291293868147 ] } },
{ "type": "Feature", "properties": { "Id": 0, "x": 99.1563, "y": 20.1062 }, "geometry": { "type": "Point", "coordinates": [ 99.156306295841858, 20.106223301048342 ] } },
{ "type": "Feature", "properties": { "Id": 0, "x": 99.1418, "y": 20.0755 }, "geometry": { "type": "Point", "coordinates": [ 99.141825440827873, 20.075516105299396 ] } },
{ "type": "Feature", "properties": { "Id": 0, "x": 99.122, "y": 20.0631 }, "geometry": { "type": "Point", "coordinates": [ 99.12200721778683, 20.063095640519467 ] } },
{ "type": "Feature", "properties": { "Id": 0, "x": 99.1087, "y": 20.0561 }, "geometry": { "type": "Point", "coordinates": [ 99.108685957812881, 20.056113925235234 ] } },
{ "type": "Feature", "properties": { "Id": 0, "x": 99.0887, "y": 20.0565 }, "geometry": { "type": "Point", "coordinates": [ 99.088712356947568, 20.056474595877475 ] } },
{ "type": "Feature", "properties": { "Id": 0, "x": 99.0732, "y": 20.039 }, "geometry": { "type": "Point", "coordinates": [ 99.073169042067335, 20.039005653822038 ] } },
{ "type": "Feature", "properties": { "Id": 0, "x": 99.0687, "y": 20.0184 }, "geometry": { "type": "Point", "coordinates": [ 99.068721934280859, 20.018385642954886 ] } },
{ "type": "Feature", "properties": { "Id": 0, "x": 99.0658, "y": 20.0037 }, "geometry": { "type": "Point", "coordinates": [ 99.065757457447305, 20.003706817478527 ] } },
{ "type": "Feature", "properties": { "Id": 0, "x": 99.0595, "y": 19.9918 }, "geometry": { "type": "Point", "coordinates": [ 99.059467026429061, 19.991825251429304 ] } },
{ "type": "Feature", "properties": { "Id": 0, "x": 99.0506, "y": 19.9789 }, "geometry": { "type": "Point", "coordinates": [ 99.050589253867159, 19.978895629131262 ] } },
{ "type": "Feature", "properties": { "Id": 0, "x": 99.0569, "y": 19.9597 }, "geometry": { "type": "Point", "coordinates": [ 99.056867346738855, 19.959669888997571 ] } },
{ "type": "Feature", "properties": { "Id": 0, "x": 99.0602, "y": 19.939 }, "geometry": { "type": "Point", "coordinates": [ 99.06018647158588, 19.939046813609806 ] } },
{ "type": "Feature", "properties": { "Id": 0, "x": 99.0735, "y": 19.9216 }, "geometry": { "type": "Point", "coordinates": [ 99.073484427938197, 19.921565522234218 ] } },
{ "type": "Feature", "properties": { "Id": 0, "x": 99.0702, "y": 19.8903 }, "geometry": { "type": "Point", "coordinates": [ 99.070213778755317, 19.890284199332473 ] } },
{ "type": "Feature", "properties": { "Id": 0, "x": 99.0667, "y": 19.8799 }, "geometry": { "type": "Point", "coordinates": [ 99.066745380718771, 19.879908933070578 ] } },
{ "type": "Feature", "properties": { "Id": 0, "x": 99.0606, "y": 19.8616 }, "geometry": { "type": "Point", "coordinates": [ 99.060609974735314, 19.861588125074263 ] } },
{ "type": "Feature", "properties": { "Id": 0, "x": 99.0571, "y": 19.8491 }, "geometry": { "type": "Point", "coordinates": [ 99.057125167891797, 19.849133747057945 ] } },
{ "type": "Feature", "properties": { "Id": 0, "x": 99.0556, "y": 19.8375 }, "geometry": { "type": "Point", "coordinates": [ 99.055608053057099, 19.8375376837872 ] } },
{ "type": "Feature", "properties": { "Id": 0, "x": 99.0523, "y": 19.8231 }, "geometry": { "type": "Point", "coordinates": [ 99.052274795367609, 19.823078783118419 ] } },
{ "type": "Feature", "properties": { "Id": 0, "x": 99.0515, "y": 19.8121 }, "geometry": { "type": "Point", "coordinates": [ 99.051514829330202, 19.812055097651434 ] } },
{ "type": "Feature", "properties": { "Id": 0, "x": 99.0477, "y": 19.8012 }, "geometry": { "type": "Point", "coordinates": [ 99.047729768367645, 19.80117539663626 ] } },
{ "type": "Feature", "properties": { "Id": 0, "x": 99.043, "y": 19.7924 }, "geometry": { "type": "Point", "coordinates": [ 99.04303828792888, 19.792443342511021 ] } },
{ "type": "Feature", "properties": { "Id": 0, "x": 99.0442, "y": 19.779 }, "geometry": { "type": "Point", "coordinates": [ 99.044244604294406, 19.778985243154935 ] } },
{ "type": "Feature", "properties": { "Id": 0, "x": 99.0458, "y": 19.7692 }, "geometry": { "type": "Point", "coordinates": [ 99.045754239843021, 19.769249417599333 ] } },
{ "type": "Feature", "properties": { "Id": 0, "x": 99.0492, "y": 19.7582 }, "geometry": { "type": "Point", "coordinates": [ 99.04922919748428, 19.758224522335571 ] } },
{ "type": "Feature", "properties": { "Id": 0, "x": 99.0529, "y": 19.7452 }, "geometry": { "type": "Point", "coordinates": [ 99.052854230938735, 19.7451951401648 ] } },
{ "type": "Feature", "properties": { "Id": 0, "x": 99.0592, "y": 19.7362 }, "geometry": { "type": "Point", "coordinates": [ 99.059201706317253, 19.736173518405067 ] } },
{ "type": "Feature", "properties": { "Id": 0, "x": 98.8833, "y": 19.7695 }, "geometry": { "type": "Point", "coordinates": [ 98.883266280718345, 19.769497375226731 ] } },
{ "type": "Feature", "properties": { "Id": 0, "x": 98.8656, "y": 19.7576 }, "geometry": { "type": "Point", "coordinates": [ 98.86555372633255, 19.757600862707285 ] } },
{ "type": "Feature", "properties": { "Id": 0, "x": 98.8526, "y": 19.7523 }, "geometry": { "type": "Point", "coordinates": [ 98.852636839646593, 19.752347716820523 ] } },
{ "type": "Feature", "properties": { "Id": 0, "x": 98.866, "y": 19.7045 }, "geometry": { "type": "Point", "coordinates": [ 98.865967237276536, 19.704472148540724 ] } },
{ "type": "Feature", "properties": { "Id": 0, "x": 98.8874, "y": 19.687 }, "geometry": { "type": "Point", "coordinates": [ 98.887385504348984, 19.687010137219804 ] } },
{ "type": "Feature", "properties": { "Id": 0, "x": 98.897, "y": 19.6688 }, "geometry": { "type": "Point", "coordinates": [ 98.896991898327855, 19.668840062908011 ] } },
{ "type": "Feature", "properties": { "Id": 0, "x": 98.9033, "y": 19.6391 }, "geometry": { "type": "Point", "coordinates": [ 98.903282507632468, 19.639132964109614 ] } },
{ "type": "Feature", "properties": { "Id": 0, "x": 98.8974, "y": 19.621 }, "geometry": { "type": "Point", "coordinates": [ 98.897391322091295, 19.620953762009851 ] } },
{ "type": "Feature", "properties": { "Id": 0, "x": 99.2056, "y": 20.0847 }, "geometry": { "type": "Point", "coordinates": [ 99.20563295921032, 20.084688288507071 ] } },
{ "type": "Feature", "properties": { "Id": 0, "x": 99.2367, "y": 20.1067 }, "geometry": { "type": "Point", "coordinates": [ 99.23674183592064, 20.106668907485037 ] } },
{ "type": "Feature", "properties": { "Id": 0, "x": 99.2364, "y": 20.092 }, "geometry": { "type": "Point", "coordinates": [ 99.236349805412345, 20.091989717009291 ] } },
{ "type": "Feature", "properties": { "Id": 0, "x": 99.2948, "y": 20.0653 }, "geometry": { "type": "Point", "coordinates": [ 99.294754728102816, 20.065338604614798 ] } },
{ "type": "Feature", "properties": { "Id": 0, "x": 99.3155, "y": 20.0625 }, "geometry": { "type": "Point", "coordinates": [ 99.315463649158744, 20.062506720697879 ] } },
{ "type": "Feature", "properties": { "Id": 0, "x": 99.3762, "y": 20.0778 }, "geometry": { "type": "Point", "coordinates": [ 99.376162889784823, 20.077766613959287 ] } },
{ "type": "Feature", "properties": { "Id": 0, "x": 99.4069, "y": 20.0787 }, "geometry": { "type": "Point", "coordinates": [ 99.406869592211834, 20.078747096068909 ] } },
{ "type": "Feature", "properties": { "Id": 0, "x": 99.4217, "y": 20.0819 }, "geometry": { "type": "Point", "coordinates": [ 99.421675164146393, 20.081857987583899 ] } },
{ "type": "Feature", "properties": { "Id": 0, "x": 99.4494, "y": 20.086 }, "geometry": { "type": "Point", "coordinates": [ 99.449432262701364, 20.085983675474957 ] } },
{ "type": "Feature", "properties": { "Id": 0, "x": 99.4617, "y": 20.0947 }, "geometry": { "type": "Point", "coordinates": [ 99.461666011082272, 20.094689889262725 ] } },
{ "type": "Feature", "properties": { "Id": 0, "x": 99.4841, "y": 20.1022 }, "geometry": { "type": "Point", "coordinates": [ 99.484060093541629, 20.102184747053315 ] } },
{ "type": "Feature", "properties": { "Id": 0, "x": 99.4945, "y": 20.1066 }, "geometry": { "type": "Point", "coordinates": [ 99.494548618928604, 20.10655350711772 ] } },
{ "type": "Feature", "properties": { "Id": 0, "x": 99.5052, "y": 20.1108 }, "geometry": { "type": "Point", "coordinates": [ 99.505231406951211, 20.110829453025548 ] } },
{ "type": "Feature", "properties": { "Id": 0, "x": 99.5107, "y": 20.1271 }, "geometry": { "type": "Point", "coordinates": [ 99.510728158212899, 20.127145137967027 ] } },
{ "type": "Feature", "properties": { "Id": 0, "x": 99.5142, "y": 20.135 }, "geometry": { "type": "Point", "coordinates": [ 99.51423995912937, 20.135008628285838 ] } },
{ "type": "Feature", "properties": { "Id": 0, "x": 99.528, "y": 20.1262 }, "geometry": { "type": "Point", "coordinates": [ 99.528003935242452, 20.126235292352945 ] } },
{ "type": "Feature", "properties": { "Id": 0, "x": 99.5413, "y": 20.1225 }, "geometry": { "type": "Point", "coordinates": [ 99.541328928931293, 20.122472776497265 ] } },
{ "type": "Feature", "properties": { "Id": 0, "x": 99.5674, "y": 20.118 }, "geometry": { "type": "Point", "coordinates": [ 99.567381555006776, 20.117952986245136 ] } },
{ "type": "Feature", "properties": { "Id": 0, "x": 99.568, "y": 20.1137 }, "geometry": { "type": "Point", "coordinates": [ 99.567972282148773, 20.113656361290925 ] } },
{ "type": "Feature", "properties": { "Id": 0, "x": 99.4587, "y": 20.0224 }, "geometry": { "type": "Point", "coordinates": [ 99.458738106736021, 20.022351826917895 ] } },
{ "type": "Feature", "properties": { "Id": 0, "x": 99.4486, "y": 20.0159 }, "geometry": { "type": "Point", "coordinates": [ 99.448571479275429, 20.01593563025741 ] } },
{ "type": "Feature", "properties": { "Id": 0, "x": 99.4457, "y": 20.0086 }, "geometry": { "type": "Point", "coordinates": [ 99.445673137829459, 20.008641727143964 ] } },
{ "type": "Feature", "properties": { "Id": 0, "x": 99.4573, "y": 20.0029 }, "geometry": { "type": "Point", "coordinates": [ 99.457318624902442, 20.00288560219018 ] } },
{ "type": "Feature", "properties": { "Id": 0, "x": 99.4452, "y": 19.9906 }, "geometry": { "type": "Point", "coordinates": [ 99.445168060851572, 19.990604660722077 ] } },
{ "type": "Feature", "properties": { "Id": 0, "x": 99.4498, "y": 19.9836 }, "geometry": { "type": "Point", "coordinates": [ 99.449842717997768, 19.983577945808197 ] } },
{ "type": "Feature", "properties": { "Id": 0, "x": 99.4288, "y": 19.9835 }, "geometry": { "type": "Point", "coordinates": [ 99.428793384904225, 19.98348693002184 ] } },
{ "type": "Feature", "properties": { "Id": 0, "x": 99.4215, "y": 19.9751 }, "geometry": { "type": "Point", "coordinates": [ 99.42150221739864, 19.975057847731186 ] } },
{ "type": "Feature", "properties": { "Id": 0, "x": 99.4179, "y": 19.9703 }, "geometry": { "type": "Point", "coordinates": [ 99.41785560540643, 19.970342121133047 ] } },
{ "type": "Feature", "properties": { "Id": 0, "x": 99.4165, "y": 19.964 }, "geometry": { "type": "Point", "coordinates": [ 99.416476296283278, 19.964046221266365 ] } },
{ "type": "Feature", "properties": { "Id": 0, "x": 99.4154, "y": 19.9566 }, "geometry": { "type": "Point", "coordinates": [ 99.415396918137844, 19.956604302888469 ] } },
{ "type": "Feature", "properties": { "Id": 0, "x": 99.3453, "y": 19.963 }, "geometry": { "type": "Point", "coordinates": [ 99.345252358674102, 19.962964281160829 ] } },
{ "type": "Feature", "properties": { "Id": 0, "x": 99.3507, "y": 19.9697 }, "geometry": { "type": "Point", "coordinates": [ 99.350708606137488, 19.969664358758145 ] } },
{ "type": "Feature", "properties": { "Id": 0, "x": 99.3583, "y": 19.9688 }, "geometry": { "type": "Point", "coordinates": [ 99.358277560424014, 19.968754468174033 ] } },
{ "type": "Feature", "properties": { "Id": 0, "x": 99.3584, "y": 19.987 }, "geometry": { "type": "Point", "coordinates": [ 99.358410469252078, 19.986991323519039 ] } },
{ "type": "Feature", "properties": { "Id": 0, "x": 99.3606, "y": 19.9859 }, "geometry": { "type": "Point", "coordinates": [ 99.360578920336593, 19.985872777192569 ] } },
{ "type": "Feature", "properties": { "Id": 0, "x": 99.3492, "y": 19.9877 }, "geometry": { "type": "Point", "coordinates": [ 99.349169815030621, 19.987713435595449 ] } },
{ "type": "Feature", "properties": { "Id": 0, "x": 99.3514, "y": 19.985 }, "geometry": { "type": "Point", "coordinates": [ 99.351396730457807, 19.984952979106406 ] } },
{ "type": "Feature", "properties": { "Id": 0, "x": 99.3531, "y": 19.9822 }, "geometry": { "type": "Point", "coordinates": [ 99.353065331575067, 19.982193607189615 ] } },
{ "type": "Feature", "properties": { "Id": 0, "x": 99.356, "y": 19.98 }, "geometry": { "type": "Point", "coordinates": [ 99.356037722316401, 19.980018002439987 ] } },
{ "type": "Feature", "properties": { "Id": 0, "x": 99.3577, "y": 19.9742 }, "geometry": { "type": "Point", "coordinates": [ 99.357699312612013, 19.974209344602578 ] } },
{ "type": "Feature", "properties": { "Id": 0, "x": 99.3865, "y": 19.9176 }, "geometry": { "type": "Point", "coordinates": [ 99.386534640810339, 19.91758592900494 ] } },
{ "type": "Feature", "properties": { "Id": 0, "x": 99.3887, "y": 19.9249 }, "geometry": { "type": "Point", "coordinates": [ 99.388671654699351, 19.924882606892396 ] } },
{ "type": "Feature", "properties": { "Id": 0, "x": 99.3879, "y": 19.9308 }, "geometry": { "type": "Point", "coordinates": [ 99.387929096150444, 19.930753926345631 ] } },
{ "type": "Feature", "properties": { "Id": 0, "x": 99.3878, "y": 19.9348 }, "geometry": { "type": "Point", "coordinates": [ 99.387787494753809, 19.934762807103734 ] } },
{ "type": "Feature", "properties": { "Id": 0, "x": 99.4002, "y": 19.921 }, "geometry": { "type": "Point", "coordinates": [ 99.400166512343446, 19.920991695004069 ] } },
{ "type": "Feature", "properties": { "Id": 0, "x": 99.4079, "y": 19.9287 }, "geometry": { "type": "Point", "coordinates": [ 99.407906328621763, 19.928704916013125 ] } },
{ "type": "Feature", "properties": { "Id": 0, "x": 99.3987, "y": 19.9261 }, "geometry": { "type": "Point", "coordinates": [ 99.398665710081147, 19.926148944527288 ] } },
{ "type": "Feature", "properties": { "Id": 0, "x": 99.405, "y": 19.9333 }, "geometry": { "type": "Point", "coordinates": [ 99.405041791053577, 19.933292685228214 ] } },
{ "type": "Feature", "properties": { "Id": 0, "x": 99.4022, "y": 19.941 }, "geometry": { "type": "Point", "coordinates": [ 99.402185062644477, 19.941029976243499 ] } },
{ "type": "Feature", "properties": { "Id": 0, "x": 99.4168, "y": 19.817 }, "geometry": { "type": "Point", "coordinates": [ 99.416791581514332, 19.816962820335267 ] } },
{ "type": "Feature", "properties": { "Id": 0, "x": 99.4116, "y": 19.8179 }, "geometry": { "type": "Point", "coordinates": [ 99.411593862428006, 19.81786965601977 ] } },
{ "type": "Feature", "properties": { "Id": 0, "x": 99.4038, "y": 19.8313 }, "geometry": { "type": "Point", "coordinates": [ 99.403827679028879, 19.831309086962438 ] } },
{ "type": "Feature", "properties": { "Id": 0, "x": 99.3979, "y": 19.8389 }, "geometry": { "type": "Point", "coordinates": [ 99.397936964321019, 19.838927943726926 ] } },
{ "type": "Feature", "properties": { "Id": 0, "x": 99.3961, "y": 19.8463 }, "geometry": { "type": "Point", "coordinates": [ 99.396064088370807, 19.846314036350488 ] } },
{ "type": "Feature", "properties": { "Id": 0, "x": 99.3888, "y": 19.8562 }, "geometry": { "type": "Point", "coordinates": [ 99.3887593868849, 19.856172671850025 ] } },
{ "type": "Feature", "properties": { "Id": 0, "x": 99.3843, "y": 19.8658 }, "geometry": { "type": "Point", "coordinates": [ 99.384290507436219, 19.865801223426072 ] } },
{ "type": "Feature", "properties": { "Id": 0, "x": 99.3772, "y": 19.8701 }, "geometry": { "type": "Point", "coordinates": [ 99.377207422762211, 19.870066551133881 ] } },
{ "type": "Feature", "properties": { "Id": 0, "x": 99.3687, "y": 19.867 }, "geometry": { "type": "Point", "coordinates": [ 99.368688184711914, 19.866952658348801 ] } },
{ "type": "Feature", "properties": { "Id": 0, "x": 99.363, "y": 19.8694 }, "geometry": { "type": "Point", "coordinates": [ 99.363019225752964, 19.869424938834655 ] } },
{ "type": "Feature", "properties": { "Id": 0, "x": 99.3582, "y": 19.8748 }, "geometry": { "type": "Point", "coordinates": [ 99.358162631121729, 19.874839607184583 ] } },
{ "type": "Feature", "properties": { "Id": 0, "x": 99.3594, "y": 19.8772 }, "geometry": { "type": "Point", "coordinates": [ 99.359397732202609, 19.877201492420252 ] } },
{ "type": "Feature", "properties": { "Id": 0, "x": 99.3563, "y": 19.8797 }, "geometry": { "type": "Point", "coordinates": [ 99.356348630847933, 19.879684580250409 ] } },
{ "type": "Feature", "properties": { "Id": 0, "x": 99.3535, "y": 19.8816 }, "geometry": { "type": "Point", "coordinates": [ 99.353536300062558, 19.881641730515341 ] } },
{ "type": "Feature", "properties": { "Id": 0, "x": 99.3521, "y": 19.8852 }, "geometry": { "type": "Point", "coordinates": [ 99.352076404654653, 19.885247475505228 ] } },
{ "type": "Feature", "properties": { "Id": 0, "x": 99.3507, "y": 19.8832 }, "geometry": { "type": "Point", "coordinates": [ 99.35068331917266, 19.883186089967481 ] } },
{ "type": "Feature", "properties": { "Id": 0, "x": 99.3525, "y": 19.878 }, "geometry": { "type": "Point", "coordinates": [ 99.35245719589139, 19.878041015167202 ] } },
{ "type": "Feature", "properties": { "Id": 0, "x": 99.3535, "y": 19.8739 }, "geometry": { "type": "Point", "coordinates": [ 99.353519154870568, 19.873910638734241 ] } },
{ "type": "Feature", "properties": { "Id": 0, "x": 99.3445, "y": 19.8694 }, "geometry": { "type": "Point", "coordinates": [ 99.344464619637179, 19.869387271667687 ] } },
{ "type": "Feature", "properties": { "Id": 0, "x": 99.3428, "y": 19.8697 }, "geometry": { "type": "Point", "coordinates": [ 99.34279909698833, 19.869653192292922 ] } },
{ "type": "Feature", "properties": { "Id": 0, "x": 99.3526, "y": 19.8661 }, "geometry": { "type": "Point", "coordinates": [ 99.352559827161201, 19.866146222541843 ] } },
{ "type": "Feature", "properties": { "Id": 0, "x": 99.3524, "y": 19.8588 }, "geometry": { "type": "Point", "coordinates": [ 99.352357565651474, 19.858757942244754 ] } },
{ "type": "Feature", "properties": { "Id": 0, "x": 99.3685, "y": 19.8626 }, "geometry": { "type": "Point", "coordinates": [ 99.368542806053071, 19.862595472157057 ] } },
{ "type": "Feature", "properties": { "Id": 0, "x": 99.3637, "y": 19.8646 }, "geometry": { "type": "Point", "coordinates": [ 99.363712940618811, 19.864599162330524 ] } },
{ "type": "Feature", "properties": { "Id": 0, "x": 99.3632, "y": 19.8617 }, "geometry": { "type": "Point", "coordinates": [ 99.3631484428806, 19.861668300359995 ] } },
{ "type": "Feature", "properties": { "Id": 0, "x": 99.3681, "y": 19.8573 }, "geometry": { "type": "Point", "coordinates": [ 99.368096638764655, 19.857260130663811 ] } },
{ "type": "Feature", "properties": { "Id": 0, "x": 99.3724, "y": 19.8528 }, "geometry": { "type": "Point", "coordinates": [ 99.372424666265317, 19.852794481357044 ] } },
{ "type": "Feature", "properties": { "Id": 0, "x": 99.3727, "y": 19.8479 }, "geometry": { "type": "Point", "coordinates": [ 99.372661208253746, 19.847926842462279 ] } },
{ "type": "Feature", "properties": { "Id": 0, "x": 99.3649, "y": 19.8477 }, "geometry": { "type": "Point", "coordinates": [ 99.364851959262054, 19.847708427965898 ] } },
{ "type": "Feature", "properties": { "Id": 0, "x": 99.3616, "y": 19.8474 }, "geometry": { "type": "Point", "coordinates": [ 99.361566547725474, 19.847363276609638 ] } },
{ "type": "Feature", "properties": { "Id": 0, "x": 99.365, "y": 19.837 }, "geometry": { "type": "Point", "coordinates": [ 99.365025109283692, 19.837035522932677 ] } },
{ "type": "Feature", "properties": { "Id": 0, "x": 99.363, "y": 19.8301 }, "geometry": { "type": "Point", "coordinates": [ 99.362975910195289, 19.830076149210363 ] } },
{ "type": "Feature", "properties": { "Id": 0, "x": 99.356, "y": 19.8318 }, "geometry": { "type": "Point", "coordinates": [ 99.356008494717855, 19.831831073116867 ] } },
{ "type": "Feature", "properties": { "Id": 0, "x": 99.3527, "y": 19.8354 }, "geometry": { "type": "Point", "coordinates": [ 99.352724344676986, 19.835411000125433 ] } },
{ "type": "Feature", "properties": { "Id": 0, "x": 99.3498, "y": 19.8372 }, "geometry": { "type": "Point", "coordinates": [ 99.349823551852012, 19.837249226356935 ] } },
{ "type": "Feature", "properties": { "Id": 0, "x": 99.3459, "y": 19.8435 }, "geometry": { "type": "Point", "coordinates": [ 99.345940766082364, 19.843523999743919 ] } },
{ "type": "Feature", "properties": { "Id": 0, "x": 99.3464, "y": 19.8457 }, "geometry": { "type": "Point", "coordinates": [ 99.346379278392135, 19.845692846000016 ] } },
{ "type": "Feature", "properties": { "Id": 0, "x": 99.3522, "y": 19.8467 }, "geometry": { "type": "Point", "coordinates": [ 99.352206955381504, 19.8466783206669 ] } },
{ "type": "Feature", "properties": { "Id": 0, "x": 99.316, "y": 19.8478 }, "geometry": { "type": "Point", "coordinates": [ 99.315954447638845, 19.847801757017702 ] } },
{ "type": "Feature", "properties": { "Id": 0, "x": 99.3144, "y": 19.8512 }, "geometry": { "type": "Point", "coordinates": [ 99.314411790080612, 19.851205636922057 ] } },
{ "type": "Feature", "properties": { "Id": 0, "x": 99.3055, "y": 19.8147 }, "geometry": { "type": "Point", "coordinates": [ 99.30550553575307, 19.814664580573332 ] } },
{ "type": "Feature", "properties": { "Id": 0, "x": 99.2954, "y": 19.8226 }, "geometry": { "type": "Point", "coordinates": [ 99.295384782840188, 19.822555745689961 ] } },
{ "type": "Feature", "properties": { "Id": 0, "x": 99.2863, "y": 19.8249 }, "geometry": { "type": "Point", "coordinates": [ 99.286312044824982, 19.824861184706069 ] } },
{ "type": "Feature", "properties": { "Id": 0, "x": 99.2798, "y": 19.8239 }, "geometry": { "type": "Point", "coordinates": [ 99.279805124158543, 19.8238693384843 ] } },
{ "type": "Feature", "properties": { "Id": 0, "x": 99.251, "y": 19.8129 }, "geometry": { "type": "Point", "coordinates": [ 99.251044192475931, 19.812888272278691 ] } },
{ "type": "Feature", "properties": { "Id": 0, "x": 99.2539, "y": 19.8163 }, "geometry": { "type": "Point", "coordinates": [ 99.253923814512916, 19.816320200412676 ] } },
{ "type": "Feature", "properties": { "Id": 0, "x": 99.2564, "y": 19.8239 }, "geometry": { "type": "Point", "coordinates": [ 99.256356381278039, 19.823904549955067 ] } },
{ "type": "Feature", "properties": { "Id": 0, "x": 99.2576, "y": 19.8283 }, "geometry": { "type": "Point", "coordinates": [ 99.257573790837696, 19.828340956096625 ] } },
{ "type": "Feature", "properties": { "Id": 0, "x": 99.245, "y": 19.8478 }, "geometry": { "type": "Point", "coordinates": [ 99.245046862921086, 19.847829212544589 ] } },
{ "type": "Feature", "properties": { "Id": 0, "x": 99.2623, "y": 19.8521 }, "geometry": { "type": "Point", "coordinates": [ 99.262302694333741, 19.85209964773173 ] } },
{ "type": "Feature", "properties": { "Id": 0, "x": 99.2653, "y": 19.8564 }, "geometry": { "type": "Point", "coordinates": [ 99.265336013437292, 19.856390136372838 ] } },
{ "type": "Feature", "properties": { "Id": 0, "x": 99.2647, "y": 19.8678 }, "geometry": { "type": "Point", "coordinates": [ 99.264664976695272, 19.867815761708059 ] } },
{ "type": "Feature", "properties": { "Id": 0, "x": 99.2693, "y": 19.872 }, "geometry": { "type": "Point", "coordinates": [ 99.26932076270154, 19.87202358108047 ] } },
{ "type": "Feature", "properties": { "Id": 0, "x": 99.2739, "y": 19.8745 }, "geometry": { "type": "Point", "coordinates": [ 99.273876951443242, 19.87449053539218 ] } },
{ "type": "Feature", "properties": { "Id": 0, "x": 99.2779, "y": 19.8769 }, "geometry": { "type": "Point", "coordinates": [ 99.277948856770351, 19.876866501508285 ] } },
{ "type": "Feature", "properties": { "Id": 0, "x": 99.2639, "y": 19.885 }, "geometry": { "type": "Point", "coordinates": [ 99.263918712911263, 19.885042546337431 ] } },
{ "type": "Feature", "properties": { "Id": 0, "x": 99.2686, "y": 19.8934 }, "geometry": { "type": "Point", "coordinates": [ 99.26858194030045, 19.893373520518431 ] } },
{ "type": "Feature", "properties": { "Id": 0, "x": 99.2715, "y": 19.8887 }, "geometry": { "type": "Point", "coordinates": [ 99.271479859505149, 19.888696211082085 ] } },
{ "type": "Feature", "properties": { "Id": 0, "x": 99.275, "y": 19.8952 }, "geometry": { "type": "Point", "coordinates": [ 99.274978045700564, 19.895196268909597 ] } },
{ "type": "Feature", "properties": { "Id": 0, "x": 99.276, "y": 19.9027 }, "geometry": { "type": "Point", "coordinates": [ 99.275959705000403, 19.902708052506568 ] } },
{ "type": "Feature", "properties": { "Id": 0, "x": 99.1283, "y": 20.0278 }, "geometry": { "type": "Point", "coordinates": [ 99.128266869287842, 20.027789608960035 ] } },
{ "type": "Feature", "properties": { "Id": 0, "x": 99.1438, "y": 19.9858 }, "geometry": { "type": "Point", "coordinates": [ 99.14376114190604, 19.985835046460871 ] } },
{ "type": "Feature", "properties": { "Id": 0, "x": 99.1352, "y": 19.9684 }, "geometry": { "type": "Point", "coordinates": [ 99.13524266795558, 19.968365577635492 ] } },
{ "type": "Feature", "properties": { "Id": 0, "x": 99.1282, "y": 19.9711 }, "geometry": { "type": "Point", "coordinates": [ 99.128208187263184, 19.971063848283091 ] } },
{ "type": "Feature", "properties": { "Id": 0, "x": 99.1219, "y": 19.9662 }, "geometry": { "type": "Point", "coordinates": [ 99.121940120096852, 19.96620111547842 ] } },
{ "type": "Feature", "properties": { "Id": 0, "x": 99.1206, "y": 19.9596 }, "geometry": { "type": "Point", "coordinates": [ 99.120632638533849, 19.959575641948444 ] } },
{ "type": "Feature", "properties": { "Id": 0, "x": 99.1172, "y": 19.9783 }, "geometry": { "type": "Point", "coordinates": [ 99.117173417115637, 19.978284241048303 ] } },
{ "type": "Feature", "properties": { "Id": 0, "x": 99.1226, "y": 19.9864 }, "geometry": { "type": "Point", "coordinates": [ 99.122575970084938, 19.986431589546896 ] } },
{ "type": "Feature", "properties": { "Id": 0, "x": 99.1274, "y": 19.9904 }, "geometry": { "type": "Point", "coordinates": [ 99.127417441382377, 19.990415712741253 ] } },
{ "type": "Feature", "properties": { "Id": 0, "x": 99.1399, "y": 19.9416 }, "geometry": { "type": "Point", "coordinates": [ 99.139892965505254, 19.941624856838043 ] } },
{ "type": "Feature", "properties": { "Id": 0, "x": 99.1395, "y": 19.9326 }, "geometry": { "type": "Point", "coordinates": [ 99.139497430085356, 19.932554207311902 ] } },
{ "type": "Feature", "properties": { "Id": 0, "x": 99.1438, "y": 19.9349 }, "geometry": { "type": "Point", "coordinates": [ 99.143762630936934, 19.934933081205649 ] } },
{ "type": "Feature", "properties": { "Id": 0, "x": 99.1472, "y": 19.9318 }, "geometry": { "type": "Point", "coordinates": [ 99.147247742917358, 19.931814947613248 ] } },
{ "type": "Feature", "properties": { "Id": 0, "x": 99.1528, "y": 19.9511 }, "geometry": { "type": "Point", "coordinates": [ 99.152788802148635, 19.951051683594258 ] } },
{ "type": "Feature", "properties": { "Id": 0, "x": 99.1516, "y": 19.953 }, "geometry": { "type": "Point", "coordinates": [ 99.151627855989318, 19.952976817797559 ] } },
{ "type": "Feature", "properties": { "Id": 0, "x": 99.1758, "y": 19.9647 }, "geometry": { "type": "Point", "coordinates": [ 99.175768883880806, 19.964682628180608 ] } },
{ "type": "Feature", "properties": { "Id": 0, "x": 99.1685, "y": 19.9645 }, "geometry": { "type": "Point", "coordinates": [ 99.168500673815132, 19.96450642660125 ] } },
{ "type": "Feature", "properties": { "Id": 0, "x": 99.1651, "y": 19.9726 }, "geometry": { "type": "Point", "coordinates": [ 99.165117328887675, 19.972572646668294 ] } },
{ "type": "Feature", "properties": { "Id": 0, "x": 99.1583, "y": 19.9754 }, "geometry": { "type": "Point", "coordinates": [ 99.158336342798776, 19.975419215995089 ] } },
{ "type": "Feature", "properties": { "Id": 0, "x": 99.157, "y": 19.9801 }, "geometry": { "type": "Point", "coordinates": [ 99.156984180536526, 19.980093312559926 ] } },
{ "type": "Feature", "properties": { "Id": 0, "x": 99.1531, "y": 19.9928 }, "geometry": { "type": "Point", "coordinates": [ 99.153119830956925, 19.992832609194352 ] } },
{ "type": "Feature", "properties": { "Id": 0, "x": 99.1583, "y": 20.0005 }, "geometry": { "type": "Point", "coordinates": [ 99.158264501818238, 20.000524606699837 ] } },
{ "type": "Feature", "properties": { "Id": 0, "x": 99.1704, "y": 19.9987 }, "geometry": { "type": "Point", "coordinates": [ 99.17037863289768, 19.998680871535644 ] } },
{ "type": "Feature", "properties": { "Id": 0, "x": 99.1786, "y": 19.9914 }, "geometry": { "type": "Point", "coordinates": [ 99.178609320357324, 19.99143438230573 ] } },
{ "type": "Feature", "properties": { "Id": 0, "x": 99.1824, "y": 19.9852 }, "geometry": { "type": "Point", "coordinates": [ 99.182382152880351, 19.985200028296561 ] } },
{ "type": "Feature", "properties": { "Id": 0, "x": 99.1856, "y": 19.9797 }, "geometry": { "type": "Point", "coordinates": [ 99.185574054899774, 19.979699202540459 ] } },
{ "type": "Feature", "properties": { "Id": 0, "x": 99.188, "y": 19.9985 }, "geometry": { "type": "Point", "coordinates": [ 99.188019241257038, 19.998479784564307 ] } },
{ "type": "Feature", "properties": { "Id": 0, "x": 99.1894, "y": 20.0022 }, "geometry": { "type": "Point", "coordinates": [ 99.189380718160805, 20.002234961413116 ] } },
{ "type": "Feature", "properties": { "Id": 0, "x": 99.2006, "y": 20.0077 }, "geometry": { "type": "Point", "coordinates": [ 99.200631530816722, 20.007720076554904 ] } },
{ "type": "Feature", "properties": { "Id": 0, "x": 99.2042, "y": 19.9855 }, "geometry": { "type": "Point", "coordinates": [ 99.204189346746631, 19.985451133865368 ] } },
{ "type": "Feature", "properties": { "Id": 0, "x": 99.2015, "y": 19.9855 }, "geometry": { "type": "Point", "coordinates": [ 99.201475603722258, 19.985454237976921 ] } },
{ "type": "Feature", "properties": { "Id": 0, "x": 99.2077, "y": 19.9747 }, "geometry": { "type": "Point", "coordinates": [ 99.20766440069184, 19.974726953841252 ] } },
{ "type": "Feature", "properties": { "Id": 0, "x": 99.2132, "y": 19.9732 }, "geometry": { "type": "Point", "coordinates": [ 99.213186335600739, 19.973162775582086 ] } },
{ "type": "Feature", "properties": { "Id": 0, "x": 99.2181, "y": 20.0058 }, "geometry": { "type": "Point", "coordinates": [ 99.218076815388912, 20.00577533940838 ] } },
{ "type": "Feature", "properties": { "Id": 0, "x": 99.2156, "y": 20.0072 }, "geometry": { "type": "Point", "coordinates": [ 99.215558461547886, 20.007152794116369 ] } },
{ "type": "Feature", "properties": { "Id": 0, "x": 99.2043, "y": 20.014 }, "geometry": { "type": "Point", "coordinates": [ 99.204323147616407, 20.014037972974631 ] } },
{ "type": "Feature", "properties": { "Id": 0, "x": 99.201, "y": 20.0173 }, "geometry": { "type": "Point", "coordinates": [ 99.201031484232161, 20.017340233540086 ] } },
{ "type": "Feature", "properties": { "Id": 0, "x": 99.208, "y": 20.022 }, "geometry": { "type": "Point", "coordinates": [ 99.208017229890373, 20.022005028148616 ] } },
{ "type": "Feature", "properties": { "Id": 0, "x": 99.211, "y": 20.0257 }, "geometry": { "type": "Point", "coordinates": [ 99.211027313836865, 20.025666454095575 ] } },
{ "type": "Feature", "properties": { "Id": 0, "x": 99.1966, "y": 20.0257 }, "geometry": { "type": "Point", "coordinates": [ 99.196582655510198, 20.025683083560867 ] } },
{ "type": "Feature", "properties": { "Id": 0, "x": 99.1957, "y": 20.0281 }, "geometry": { "type": "Point", "coordinates": [ 99.195713107433406, 20.02806629013832 ] } },
{ "type": "Feature", "properties": { "Id": 0, "x": 99.2859, "y": 20.0823 }, "geometry": { "type": "Point", "coordinates": [ 99.285867483288285, 20.082270944020838 ] } },
{ "type": "Feature", "properties": { "Id": 0, "x": 99.283, "y": 20.0753 }, "geometry": { "type": "Point", "coordinates": [ 99.282975853800167, 20.075260657371306 ] } },
{ "type": "Feature", "properties": { "Id": 0, "x": 99.2822, "y": 20.069 }, "geometry": { "type": "Point", "coordinates": [ 99.282206975200552, 20.068962749387467 ] } },
{ "type": "Feature", "properties": { "Id": 0, "x": 99.2819, "y": 20.0627 }, "geometry": { "type": "Point", "coordinates": [ 99.281892690189778, 20.062664108541448 ] } },
{ "type": "Feature", "properties": { "Id": 0, "x": 99.2766, "y": 20.0602 }, "geometry": { "type": "Point", "coordinates": [ 99.276585587177138, 20.060238731010415 ] } },
{ "type": "Feature", "properties": { "Id": 0, "x": 99.2456, "y": 20.0369 }, "geometry": { "type": "Point", "coordinates": [ 99.245641746171188, 20.036948880823275 ] } },
{ "type": "Feature", "properties": { "Id": 0, "x": 99.2464, "y": 20.0425 }, "geometry": { "type": "Point", "coordinates": [ 99.246407879701138, 20.042531175117666 ] } },
{ "type": "Feature", "properties": { "Id": 0, "x": 99.2516, "y": 20.0511 }, "geometry": { "type": "Point", "coordinates": [ 99.251572244163484, 20.051113680812641 ] } },
{ "type": "Feature", "properties": { "Id": 0, "x": 99.2569, "y": 20.0512 }, "geometry": { "type": "Point", "coordinates": [ 99.256874937550577, 20.051249220584364 ] } },
{ "type": "Feature", "properties": { "Id": 0, "x": 99.2489, "y": 20.0646 }, "geometry": { "type": "Point", "coordinates": [ 99.248866478304407, 20.064574807972999 ] } },
{ "type": "Feature", "properties": { "Id": 0, "x": 99.2368, "y": 20.0832 }, "geometry": { "type": "Point", "coordinates": [ 99.236773461284898, 20.083202558882327 ] } },
{ "type": "Feature", "properties": { "Id": 0, "x": 99.2322, "y": 20.0815 }, "geometry": { "type": "Point", "coordinates": [ 99.23222503313994, 20.081490648388037 ] } },
{ "type": "Feature", "properties": { "Id": 0, "x": 99.2315, "y": 20.0736 }, "geometry": { "type": "Point", "coordinates": [ 99.231455834049854, 20.073617716512128 ] } },
{ "type": "Feature", "properties": { "Id": 0, "x": 99.2307, "y": 20.056 }, "geometry": { "type": "Point", "coordinates": [ 99.230672487778847, 20.056009718331691 ] } },
{ "type": "Feature", "properties": { "Id": 0, "x": 99.2349, "y": 20.0506 }, "geometry": { "type": "Point", "coordinates": [ 99.234906500930862, 20.05056395199577 ] } },
{ "type": "Feature", "properties": { "Id": 0, "x": 99.2363, "y": 20.0478 }, "geometry": { "type": "Point", "coordinates": [ 99.236265918676722, 20.047842044152606 ] } },
{ "type": "Feature", "properties": { "Id": 0, "x": 99.3072, "y": 20.055 }, "geometry": { "type": "Point", "coordinates": [ 99.307179998254441, 20.05503437531031 ] } },
{ "type": "Feature", "properties": { "Id": 0, "x": 99.3134, "y": 20.058 }, "geometry": { "type": "Point", "coordinates": [ 99.313397544241113, 20.0580298695793 ] } },
{ "type": "Feature", "properties": { "Id": 0, "x": 99.3243, "y": 20.0592 }, "geometry": { "type": "Point", "coordinates": [ 99.32430823156767, 20.059155487601664 ] } },
{ "type": "Feature", "properties": { "Id": 0, "x": 99.3302, "y": 20.0616 }, "geometry": { "type": "Point", "coordinates": [ 99.330222041849837, 20.061578292416112 ] } },
{ "type": "Feature", "properties": { "Id": 0, "x": 99.337, "y": 20.0634 }, "geometry": { "type": "Point", "coordinates": [ 99.337043868789905, 20.063426520137188 ] } },
{ "type": "Feature", "properties": { "Id": 0, "x": 99.3402, "y": 20.0593 }, "geometry": { "type": "Point", "coordinates": [ 99.340216619298886, 20.059268749620347 ] } },
{ "type": "Feature", "properties": { "Id": 0, "x": 99.4184, "y": 20.0146 }, "geometry": { "type": "Point", "coordinates": [ 99.418360045115236, 20.014577960801411 ] } },
{ "type": "Feature", "properties": { "Id": 0, "x": 99.4133, "y": 20.0187 }, "geometry": { "type": "Point", "coordinates": [ 99.413330182605648, 20.018712824481231 ] } },
{ "type": "Feature", "properties": { "Id": 0, "x": 99.41, "y": 20.0201 }, "geometry": { "type": "Point", "coordinates": [ 99.410037858090149, 20.020094829979985 ] } },
{ "type": "Feature", "properties": { "Id": 0, "x": 99.4071, "y": 20.0222 }, "geometry": { "type": "Point", "coordinates": [ 99.40713512026079, 20.02220886684189 ] } },
{ "type": "Feature", "properties": { "Id": 0, "x": 99.4051, "y": 20.024 }, "geometry": { "type": "Point", "coordinates": [ 99.4051038380031, 20.023954371175833 ] } },
{ "type": "Feature", "properties": { "Id": 0, "x": 99.416, "y": 20.0102 }, "geometry": { "type": "Point", "coordinates": [ 99.416022037084716, 20.010185543287058 ] } },
{ "type": "Feature", "properties": { "Id": 0, "x": 99.4141, "y": 20.0057 }, "geometry": { "type": "Point", "coordinates": [ 99.414071640624343, 20.005700561752409 ] } },
{ "type": "Feature", "properties": { "Id": 0, "x": 99.4101, "y": 20.0072 }, "geometry": { "type": "Point", "coordinates": [ 99.410101313527662, 20.007175773103562 ] } },
{ "type": "Feature", "properties": { "Id": 0, "x": 99.4068, "y": 20.0099 }, "geometry": { "type": "Point", "coordinates": [ 99.406812730185123, 20.00993206177727 ] } },
{ "type": "Feature", "properties": { "Id": 0, "x": 99.4052, "y": 20.0117 }, "geometry": { "type": "Point", "coordinates": [ 99.405169333772548, 20.011676675661182 ] } },
{ "type": "Feature", "properties": { "Id": 0, "x": 99.407, "y": 20.0062 }, "geometry": { "type": "Point", "coordinates": [ 99.40699693587446, 20.00617507271566 ] } },
{ "type": "Feature", "properties": { "Id": 0, "x": 99.3988, "y": 20.0026 }, "geometry": { "type": "Point", "coordinates": [ 99.398748861721472, 20.002620505259188 ] } },
{ "type": "Feature", "properties": { "Id": 0, "x": 99.3922, "y": 20.0101 }, "geometry": { "type": "Point", "coordinates": [ 99.392216093549877, 20.010098679309085 ] } },
{ "type": "Feature", "properties": { "Id": 0, "x": 99.3886, "y": 19.9986 }, "geometry": { "type": "Point", "coordinates": [ 99.388574870765098, 19.998622802533284 ] } },
{ "type": "Feature", "properties": { "Id": 0, "x": 99.3931, "y": 19.9999 }, "geometry": { "type": "Point", "coordinates": [ 99.393104023037552, 19.999926332648922 ] } },
{ "type": "Feature", "properties": { "Id": 0, "x": 99.3946, "y": 20.0024 }, "geometry": { "type": "Point", "coordinates": [ 99.394618931872301, 20.002437414303621 ] } },
{ "type": "Feature", "properties": { "Id": 0, "x": 99.3915, "y": 19.9942 }, "geometry": { "type": "Point", "coordinates": [ 99.391462177129952, 19.994225542180647 ] } },
{ "type": "Feature", "properties": { "Id": 0, "x": 99.3934, "y": 19.9947 }, "geometry": { "type": "Point", "coordinates": [ 99.393448466925562, 19.994746552071287 ] } },
{ "type": "Feature", "properties": { "Id": 0, "x": 99.3955, "y": 19.9929 }, "geometry": { "type": "Point", "coordinates": [ 99.395468660268961, 19.992940659057066 ] } },
{ "type": "Feature", "properties": { "Id": 0, "x": 99.3971, "y": 19.9924 }, "geometry": { "type": "Point", "coordinates": [ 99.397134621944801, 19.992373997960613 ] } },
{ "type": "Feature", "properties": { "Id": 0, "x": 99.4, "y": 19.9931 }, "geometry": { "type": "Point", "coordinates": [ 99.40003455901433, 19.99311805960188 ] } },
{ "type": "Feature", "properties": { "Id": 0, "x": 99.4025, "y": 19.9932 }, "geometry": { "type": "Point", "coordinates": [ 99.402496206319881, 19.99322507459587 ] } },
{ "type": "Feature", "properties": { "Id": 0, "x": 99.4043, "y": 19.9915 }, "geometry": { "type": "Point", "coordinates": [ 99.404278177629578, 19.991457152483026 ] } },
{ "type": "Feature", "properties": { "Id": 0, "x": 99.4084, "y": 19.9901 }, "geometry": { "type": "Point", "coordinates": [ 99.408409537638391, 19.990137683521279 ] } },
{ "type": "Feature", "properties": { "Id": 0, "x": 99.4107, "y": 19.986 }, "geometry": { "type": "Point", "coordinates": [ 99.410724939460607, 19.986009266585295 ] } },
{ "type": "Feature", "properties": { "Id": 0, "x": 99.4118, "y": 19.9892 }, "geometry": { "type": "Point", "coordinates": [ 99.411799369297924, 19.989213605057081 ] } },
{ "type": "Feature", "properties": { "Id": 0, "x": 99.363, "y": 19.9663 }, "geometry": { "type": "Point", "coordinates": [ 99.362995897356626, 19.966322560251758 ] } },
{ "type": "Feature", "properties": { "Id": 0, "x": 99.3736, "y": 19.964 }, "geometry": { "type": "Point", "coordinates": [ 99.37365019480643, 19.964009840464652 ] } },
{ "type": "Feature", "properties": { "Id": 0, "x": 99.3766, "y": 19.9627 }, "geometry": { "type": "Point", "coordinates": [ 99.376607107748228, 19.962708545883196 ] } },
{ "type": "Feature", "properties": { "Id": 0, "x": 99.3746, "y": 19.9612 }, "geometry": { "type": "Point", "coordinates": [ 99.374652615498889, 19.961206225503773 ] } },
{ "type": "Feature", "properties": { "Id": 0, "x": 99.3837, "y": 19.9633 }, "geometry": { "type": "Point", "coordinates": [ 99.383685582685587, 19.963318473025222 ] } },
{ "type": "Feature", "properties": { "Id": 0, "x": 99.3835, "y": 19.967 }, "geometry": { "type": "Point", "coordinates": [ 99.383535796292719, 19.967034194709221 ] } },
{ "type": "Feature", "properties": { "Id": 0, "x": 99.3845, "y": 19.9691 }, "geometry": { "type": "Point", "coordinates": [ 99.384453827089146, 19.969133846603224 ] } },
{ "type": "Feature", "properties": { "Id": 0, "x": 99.3853, "y": 19.9715 }, "geometry": { "type": "Point", "coordinates": [ 99.385293041696755, 19.971458839516977 ] } },
{ "type": "Feature", "properties": { "Id": 0, "x": 99.4498, "y": 19.9801 }, "geometry": { "type": "Point", "coordinates": [ 99.449758461176103, 19.980098301492408 ] } },
{ "type": "Feature", "properties": { "Id": 0, "x": 99.4476, "y": 19.9779 }, "geometry": { "type": "Point", "coordinates": [ 99.447581467813663, 19.977934164524655 ] } },
{ "type": "Feature", "properties": { "Id": 0, "x": 99.4457, "y": 19.9762 }, "geometry": { "type": "Point", "coordinates": [ 99.445715803433146, 19.97617969078058 ] } },
{ "type": "Feature", "properties": { "Id": 0, "x": 99.441, "y": 19.9806 }, "geometry": { "type": "Point", "coordinates": [ 99.441014428680205, 19.980648010923311 ] } },
{ "type": "Feature", "properties": { "Id": 0, "x": 99.433, "y": 19.9766 }, "geometry": { "type": "Point", "coordinates": [ 99.433002138215741, 19.976621653883811 ] } },
{ "type": "Feature", "properties": { "Id": 0, "x": 99.4286, "y": 19.9717 }, "geometry": { "type": "Point", "coordinates": [ 99.428647172339922, 19.971706540122156 ] } },
{ "type": "Feature", "properties": { "Id": 0, "x": 99.4278, "y": 19.9692 }, "geometry": { "type": "Point", "coordinates": [ 99.42777222632958, 19.969245805168352 ] } },
{ "type": "Feature", "properties": { "Id": 0, "x": 99.4235, "y": 19.9652 }, "geometry": { "type": "Point", "coordinates": [ 99.423481993701785, 19.965209987721391 ] } },
{ "type": "Feature", "properties": { "Id": 0, "x": 99.3799, "y": 19.9124 }, "geometry": { "type": "Point", "coordinates": [ 99.379941928379793, 19.912415551136004 ] } },
{ "type": "Feature", "properties": { "Id": 0, "x": 99.3787, "y": 19.9148 }, "geometry": { "type": "Point", "coordinates": [ 99.378707533250775, 19.914763777772876 ] } },
{ "type": "Feature", "properties": { "Id": 0, "x": 99.3824, "y": 19.9183 }, "geometry": { "type": "Point", "coordinates": [ 99.382436121836861, 19.918332827557435 ] } },
{ "type": "Feature", "properties": { "Id": 0, "x": 99.3805, "y": 19.9214 }, "geometry": { "type": "Point", "coordinates": [ 99.380459377417353, 19.92138633763399 ] } },
{ "type": "Feature", "properties": { "Id": 0, "x": 99.378, "y": 19.9241 }, "geometry": { "type": "Point", "coordinates": [ 99.378047835406761, 19.924147552001944 ] } },
{ "type": "Feature", "properties": { "Id": 0, "x": 99.3731, "y": 19.9237 }, "geometry": { "type": "Point", "coordinates": [ 99.373148594421124, 19.923747424231127 ] } },
{ "type": "Feature", "properties": { "Id": 0, "x": 99.3716, "y": 19.9235 }, "geometry": { "type": "Point", "coordinates": [ 99.3715979617578, 19.923516112869329 ] } },
{ "type": "Feature", "properties": { "Id": 0, "x": 99.3703, "y": 19.928 }, "geometry": { "type": "Point", "coordinates": [ 99.370346086281785, 19.928031645303868 ] } },
{ "type": "Feature", "properties": { "Id": 0, "x": 99.367, "y": 19.9314 }, "geometry": { "type": "Point", "coordinates": [ 99.367020405069482, 19.931378666784994 ] } },
{ "type": "Feature", "properties": { "Id": 0, "x": 99.3642, "y": 19.9337 }, "geometry": { "type": "Point", "coordinates": [ 99.364168481277261, 19.933711360838547 ] } },
{ "type": "Feature", "properties": { "Id": 0, "x": 99.3618, "y": 19.9357 }, "geometry": { "type": "Point", "coordinates": [ 99.361791842489595, 19.93566774788663 ] } },
{ "type": "Feature", "properties": { "Id": 0, "x": 99.3353, "y": 19.9331 }, "geometry": { "type": "Point", "coordinates": [ 99.335283984170943, 19.933087982615238 ] } },
{ "type": "Feature", "properties": { "Id": 0, "x": 99.3339, "y": 19.9347 }, "geometry": { "type": "Point", "coordinates": [ 99.333861266011908, 19.934732579437778 ] } },
{ "type": "Feature", "properties": { "Id": 0, "x": 99.3351, "y": 19.936 }, "geometry": { "type": "Point", "coordinates": [ 99.335104021148766, 19.935961678591614 ] } },
{ "type": "Feature", "properties": { "Id": 0, "x": 99.3197, "y": 19.9405 }, "geometry": { "type": "Point", "coordinates": [ 99.319673001676463, 19.940505387971967 ] } },
{ "type": "Feature", "properties": { "Id": 0, "x": 99.3215, "y": 19.9422 }, "geometry": { "type": "Point", "coordinates": [ 99.321474740433274, 19.942202695229632 ] } },
{ "type": "Feature", "properties": { "Id": 0, "x": 99.3246, "y": 19.9406 }, "geometry": { "type": "Point", "coordinates": [ 99.324572050843358, 19.940613784962686 ] } },
{ "type": "Feature", "properties": { "Id": 0, "x": 99.3277, "y": 19.9397 }, "geometry": { "type": "Point", "coordinates": [ 99.327670749968448, 19.939728497777498 ] } },
{ "type": "Feature", "properties": { "Id": 0, "x": 99.3289, "y": 19.9386 }, "geometry": { "type": "Point", "coordinates": [ 99.328908641612358, 19.938612051735479 ] } },
{ "type": "Feature", "properties": { "Id": 0, "x": 99.3248, "y": 19.901 }, "geometry": { "type": "Point", "coordinates": [ 99.324801254752387, 19.901031321385599 ] } },
{ "type": "Feature", "properties": { "Id": 0, "x": 99.3201, "y": 19.9042 }, "geometry": { "type": "Point", "coordinates": [ 99.320096012330723, 19.90420641859631 ] } },
{ "type": "Feature", "properties": { "Id": 0, "x": 99.3183, "y": 19.9034 }, "geometry": { "type": "Point", "coordinates": [ 99.318296600709814, 19.903447324041366 ] } },
{ "type": "Feature", "properties": { "Id": 0, "x": 99.3154, "y": 19.9051 }, "geometry": { "type": "Point", "coordinates": [ 99.315386049610012, 19.905094432923377 ] } },
{ "type": "Feature", "properties": { "Id": 0, "x": 99.3116, "y": 19.9065 }, "geometry": { "type": "Point", "coordinates": [ 99.311606903751652, 19.906449816994332 ] } },
{ "type": "Feature", "properties": { "Id": 0, "x": 99.3099, "y": 19.902 }, "geometry": { "type": "Point", "coordinates": [ 99.309862311299071, 19.90199620580448 ] } },
{ "type": "Feature", "properties": { "Id": 0, "x": 99.3118, "y": 19.8998 }, "geometry": { "type": "Point", "coordinates": [ 99.311841911286038, 19.899823058179269 ] } },
{ "type": "Feature", "properties": { "Id": 0, "x": 99.3134, "y": 19.8998 }, "geometry": { "type": "Point", "coordinates": [ 99.31339177244881, 19.899820335551784 ] } },
{ "type": "Feature", "properties": { "Id": 0, "x": 99.3013, "y": 19.8926 }, "geometry": { "type": "Point", "coordinates": [ 99.301289091657139, 19.89256983652254 ] } },
{ "type": "Feature", "properties": { "Id": 0, "x": 99.3026, "y": 19.8946 }, "geometry": { "type": "Point", "coordinates": [ 99.302594704822752, 19.894561393563279 ] } },
{ "type": "Feature", "properties": { "Id": 0, "x": 99.3195, "y": 19.864 }, "geometry": { "type": "Point", "coordinates": [ 99.319457395597965, 19.863980299260504 ] } },
{ "type": "Feature", "properties": { "Id": 0, "x": 99.321, "y": 19.8671 }, "geometry": { "type": "Point", "coordinates": [ 99.321013161374609, 19.867085447485906 ] } },
{ "type": "Feature", "properties": { "Id": 0, "x": 99.3199, "y": 19.8676 }, "geometry": { "type": "Point", "coordinates": [ 99.319898432241303, 19.867556575588214 ] } },
{ "type": "Feature", "properties": { "Id": 0, "x": 99.318, "y": 19.8691 }, "geometry": { "type": "Point", "coordinates": [ 99.317980151147651, 19.869143300829602 ] } },
{ "type": "Feature", "properties": { "Id": 0, "x": 99.3151, "y": 19.8704 }, "geometry": { "type": "Point", "coordinates": [ 99.315131389872903, 19.870379811099379 ] } },
{ "type": "Feature", "properties": { "Id": 0, "x": 99.3135, "y": 19.872 }, "geometry": { "type": "Point", "coordinates": [ 99.313523060357014, 19.872024580760215 ] } },
{ "type": "Feature", "properties": { "Id": 0, "x": 99.3216, "y": 19.8547 }, "geometry": { "type": "Point", "coordinates": [ 99.321608037869893, 19.854711234954475 ] } },
{ "type": "Feature", "properties": { "Id": 0, "x": 99.3208, "y": 19.8571 }, "geometry": { "type": "Point", "coordinates": [ 99.320807053452825, 19.857058298374191 ] } },
{ "type": "Feature", "properties": { "Id": 0, "x": 99.3206, "y": 19.8596 }, "geometry": { "type": "Point", "coordinates": [ 99.320564207510714, 19.85958027649745 ] } },
{ "type": "Feature", "properties": { "Id": 0, "x": 99.3227, "y": 19.8622 }, "geometry": { "type": "Point", "coordinates": [ 99.32267670256455, 19.862156645680646 ] } },
{ "type": "Feature", "properties": { "Id": 0, "x": 99.3901, "y": 19.8152 }, "geometry": { "type": "Point", "coordinates": [ 99.390068476744204, 19.815215732354769 ] } },
{ "type": "Feature", "properties": { "Id": 0, "x": 99.3922, "y": 19.8317 }, "geometry": { "type": "Point", "coordinates": [ 99.392226672958003, 19.831674976459677 ] } },
{ "type": "Feature", "properties": { "Id": 0, "x": 99.3889, "y": 19.8396 }, "geometry": { "type": "Point", "coordinates": [ 99.388917508695314, 19.839556283363521 ] } },
{ "type": "Feature", "properties": { "Id": 0, "x": 99.387, "y": 19.8457 }, "geometry": { "type": "Point", "coordinates": [ 99.386965585312439, 19.845716611090033 ] } },
{ "type": "Feature", "properties": { "Id": 0, "x": 99.3809, "y": 19.8495 }, "geometry": { "type": "Point", "coordinates": [ 99.38092241954503, 19.849451902685885 ] } },
{ "type": "Feature", "properties": { "Id": 0, "x": 99.3788, "y": 19.8452 }, "geometry": { "type": "Point", "coordinates": [ 99.378793964397829, 19.845161493623863 ] } },
{ "type": "Feature", "properties": { "Id": 0, "x": 99.3668, "y": 19.8246 }, "geometry": { "type": "Point", "coordinates": [ 99.366793873432528, 19.82457079886338 ] } },
{ "type": "Feature", "properties": { "Id": 0, "x": 99.3607, "y": 19.8161 }, "geometry": { "type": "Point", "coordinates": [ 99.360723560745583, 19.816136408473557 ] } },
{ "type": "Feature", "properties": { "Id": 0, "x": 99.3619, "y": 19.8012 }, "geometry": { "type": "Point", "coordinates": [ 99.361900073348835, 19.801244807068613 ] } },
{ "type": "Feature", "properties": { "Id": 0, "x": 99.3625, "y": 19.7908 }, "geometry": { "type": "Point", "coordinates": [ 99.36248145217904, 19.790792526599393 ] } },
{ "type": "Feature", "properties": { "Id": 0, "x": 99.3563, "y": 19.7815 }, "geometry": { "type": "Point", "coordinates": [ 99.356259524882674, 19.781499242935578 ] } },
{ "type": "Feature", "properties": { "Id": 0, "x": 99.3498, "y": 19.7925 }, "geometry": { "type": "Point", "coordinates": [ 99.349780231745541, 19.792535820463851 ] } },
{ "type": "Feature", "properties": { "Id": 0, "x": 99.3483, "y": 19.8 }, "geometry": { "type": "Point", "coordinates": [ 99.348283909664787, 19.799983371393189 ] } },
{ "type": "Feature", "properties": { "Id": 0, "x": 99.3406, "y": 19.8029 }, "geometry": { "type": "Point", "coordinates": [ 99.340575816056685, 19.802861546868566 ] } },
{ "type": "Feature", "properties": { "Id": 0, "x": 99.3383, "y": 19.7969 }, "geometry": { "type": "Point", "coordinates": [ 99.338294189928646, 19.796852908838403 ] } },
{ "type": "Feature", "properties": { "Id": 0, "x": 99.3442, "y": 19.7966 }, "geometry": { "type": "Point", "coordinates": [ 99.344192543495922, 19.796555315216608 ] } },
{ "type": "Feature", "properties": { "Id": 0, "x": 99.3364, "y": 19.7997 }, "geometry": { "type": "Point", "coordinates": [ 99.336428787652608, 19.799737618108381 ] } },
{ "type": "Feature", "properties": { "Id": 0, "x": 99.334, "y": 19.8013 }, "geometry": { "type": "Point", "coordinates": [ 99.334015705861844, 19.801266805749997 ] } },
{ "type": "Feature", "properties": { "Id": 0, "x": 99.3309, "y": 19.8039 }, "geometry": { "type": "Point", "coordinates": [ 99.330923357830784, 19.803911395775884 ] } },
{ "type": "Feature", "properties": { "Id": 0, "x": 99.3234, "y": 19.8083 }, "geometry": { "type": "Point", "coordinates": [ 99.323373474916238, 19.808323281172548 ] } },
{ "type": "Feature", "properties": { "Id": 0, "x": 99.3213, "y": 19.8073 }, "geometry": { "type": "Point", "coordinates": [ 99.321264754507638, 19.80727155107126 ] } },
{ "type": "Feature", "properties": { "Id": 0, "x": 99.3219, "y": 19.8097 }, "geometry": { "type": "Point", "coordinates": [ 99.321889175414753, 19.809674700523349 ] } },
{ "type": "Feature", "properties": { "Id": 0, "x": 99.3266, "y": 19.7972 }, "geometry": { "type": "Point", "coordinates": [ 99.326572602668776, 19.797175703498869 ] } },
{ "type": "Feature", "properties": { "Id": 0, "x": 99.3243, "y": 19.7982 }, "geometry": { "type": "Point", "coordinates": [ 99.324282422909391, 19.798235409251141 ] } },
{ "type": "Feature", "properties": { "Id": 0, "x": 99.3212, "y": 19.7996 }, "geometry": { "type": "Point", "coordinates": [ 99.321187380872871, 19.799589738643565 ] } },
{ "type": "Feature", "properties": { "Id": 0, "x": 99.3205, "y": 19.8008 }, "geometry": { "type": "Point", "coordinates": [ 99.320508335887283, 19.800822416172835 ] } },
{ "type": "Feature", "properties": { "Id": 0, "x": 99.3073, "y": 19.8098 }, "geometry": { "type": "Point", "coordinates": [ 99.307338779082571, 19.809782424494976 ] } },
{ "type": "Feature", "properties": { "Id": 0, "x": 99.2994, "y": 19.8131 }, "geometry": { "type": "Point", "coordinates": [ 99.299374413160663, 19.813061074718924 ] } },
{ "type": "Feature", "properties": { "Id": 0, "x": 99.2938, "y": 19.8166 }, "geometry": { "type": "Point", "coordinates": [ 99.293829132172831, 19.816560589428949 ] } },
{ "type": "Feature", "properties": { "Id": 0, "x": 99.2955, "y": 19.8151 }, "geometry": { "type": "Point", "coordinates": [ 99.295491972534634, 19.815094169347301 ] } },
{ "type": "Feature", "properties": { "Id": 0, "x": 99.2952, "y": 19.8127 }, "geometry": { "type": "Point", "coordinates": [ 99.295209951852172, 19.812692704727329 ] } },
{ "type": "Feature", "properties": { "Id": 0, "x": 98.5472, "y": 18.7421 }, "geometry": { "type": "Point", "coordinates": [ 98.547247029832462, 18.74212838413121 ] } },
{ "type": "Feature", "properties": { "Id": 0, "x": 98.553, "y": 18.7575 }, "geometry": { "type": "Point", "coordinates": [ 98.552968824971131, 18.757513359250979 ] } },
{ "type": "Feature", "properties": { "Id": 0, "x": 98.5697, "y": 18.7673 }, "geometry": { "type": "Point", "coordinates": [ 98.569720201658114, 18.767312155991785 ] } },
{ "type": "Feature", "properties": { "Id": 0, "x": 98.5715, "y": 18.7796 }, "geometry": { "type": "Point", "coordinates": [ 98.571482040684572, 18.77963757216795 ] } },
{ "type": "Feature", "properties": { "Id": 0, "x": 98.4904, "y": 18.8207 }, "geometry": { "type": "Point", "coordinates": [ 98.490407975478476, 18.820711761584402 ] } },
{ "type": "Feature", "properties": { "Id": 0, "x": 98.5008, "y": 18.8079 }, "geometry": { "type": "Point", "coordinates": [ 98.500767015626607, 18.807932974209738 ] } },
{ "type": "Feature", "properties": { "Id": 0, "x": 98.5102, "y": 18.799 }, "geometry": { "type": "Point", "coordinates": [ 98.510175126987278, 18.79902290610088 ] } },
{ "type": "Feature", "properties": { "Id": 0, "x": 98.4864, "y": 18.78 }, "geometry": { "type": "Point", "coordinates": [ 98.486436377670742, 18.780033140081798 ] } },
{ "type": "Feature", "properties": { "Id": 0, "x": 98.5388, "y": 18.7798 }, "geometry": { "type": "Point", "coordinates": [ 98.538821342863642, 18.779803801460925 ] } },
{ "type": "Feature", "properties": { "Id": 0, "x": 98.5305, "y": 18.7709 }, "geometry": { "type": "Point", "coordinates": [ 98.53052090875282, 18.770877627334563 ] } },
{ "type": "Feature", "properties": { "Id": 0, "x": 98.5068, "y": 18.7296 }, "geometry": { "type": "Point", "coordinates": [ 98.506819423396678, 18.729582902995286 ] } },
{ "type": "Feature", "properties": { "Id": 0, "x": 98.5134, "y": 18.7435 }, "geometry": { "type": "Point", "coordinates": [ 98.513437686684199, 18.743507467997645 ] } },
{ "type": "Feature", "properties": { "Id": 0, "x": 98.5096, "y": 18.7462 }, "geometry": { "type": "Point", "coordinates": [ 98.50958842204389, 18.746181273551379 ] } },
{ "type": "Feature", "properties": { "Id": 0, "x": 98.5203, "y": 18.7515 }, "geometry": { "type": "Point", "coordinates": [ 98.520330025312177, 18.751454830830937 ] } },
{ "type": "Feature", "properties": { "Id": 0, "x": 98.521, "y": 18.6947 }, "geometry": { "type": "Point", "coordinates": [ 98.521002051244054, 18.694729467953007 ] } },
{ "type": "Feature", "properties": { "Id": 0, "x": 98.5262, "y": 18.7077 }, "geometry": { "type": "Point", "coordinates": [ 98.526214649048356, 18.707674079920707 ] } },
{ "type": "Feature", "properties": { "Id": 0, "x": 98.5262, "y": 18.7168 }, "geometry": { "type": "Point", "coordinates": [ 98.52618917489319, 18.716823561334465 ] } },
{ "type": "Feature", "properties": { "Id": 0, "x": 98.5314, "y": 18.7276 }, "geometry": { "type": "Point", "coordinates": [ 98.531408859023472, 18.727572149033499 ] } },
{ "type": "Feature", "properties": { "Id": 0, "x": 98.5698, "y": 18.7401 }, "geometry": { "type": "Point", "coordinates": [ 98.569789146178806, 18.740107654218228 ] } },
{ "type": "Feature", "properties": { "Id": 0, "x": 98.5816, "y": 18.7304 }, "geometry": { "type": "Point", "coordinates": [ 98.581593693937918, 18.730374861870384 ] } },
{ "type": "Feature", "properties": { "Id": 0, "x": 98.5761, "y": 18.658 }, "geometry": { "type": "Point", "coordinates": [ 98.576139891899913, 18.658019655204324 ] } },
{ "type": "Feature", "properties": { "Id": 0, "x": 98.5694, "y": 18.6601 }, "geometry": { "type": "Point", "coordinates": [ 98.56935132977857, 18.660078136787355 ] } },
{ "type": "Feature", "properties": { "Id": 0, "x": 98.5626, "y": 18.666 }, "geometry": { "type": "Point", "coordinates": [ 98.562552601574026, 18.666040187854879 ] } },
{ "type": "Feature", "properties": { "Id": 0, "x": 98.5534, "y": 18.6866 }, "geometry": { "type": "Point", "coordinates": [ 98.553411099646638, 18.686635791932876 ] } },
{ "type": "Feature", "properties": { "Id": 0, "x": 98.5753, "y": 18.6875 }, "geometry": { "type": "Point", "coordinates": [ 98.575298461404572, 18.687540571612544 ] } },
{ "type": "Feature", "properties": { "Id": 0, "x": 98.5799, "y": 18.6886 }, "geometry": { "type": "Point", "coordinates": [ 98.5799041003703, 18.688648894382116 ] } },
{ "type": "Feature", "properties": { "Id": 0, "x": 98.5925, "y": 18.6879 }, "geometry": { "type": "Point", "coordinates": [ 98.592450887796687, 18.687944596437251 ] } },
{ "type": "Feature", "properties": { "Id": 0, "x": 98.6, "y": 18.6821 }, "geometry": { "type": "Point", "coordinates": [ 98.600017232310933, 18.682105106221574 ] } },
{ "type": "Feature", "properties": { "Id": 0, "x": 98.6059, "y": 18.6849 }, "geometry": { "type": "Point", "coordinates": [ 98.605899017668449, 18.684923442006259 ] } },
{ "type": "Feature", "properties": { "Id": 0, "x": 98.561, "y": 18.611 }, "geometry": { "type": "Point", "coordinates": [ 98.561030036996229, 18.61101672467915 ] } },
{ "type": "Feature", "properties": { "Id": 0, "x": 98.5815, "y": 18.6229 }, "geometry": { "type": "Point", "coordinates": [ 98.58147344052378, 18.62289687762377 ] } },
{ "type": "Feature", "properties": { "Id": 0, "x": 98.5904, "y": 18.6343 }, "geometry": { "type": "Point", "coordinates": [ 98.590403554617197, 18.634262141413473 ] } },
{ "type": "Feature", "properties": { "Id": 0, "x": 98.595, "y": 18.6482 }, "geometry": { "type": "Point", "coordinates": [ 98.594977506832379, 18.648179562712418 ] } },
{ "type": "Feature", "properties": { "Id": 0, "x": 98.7284, "y": 18.6422 }, "geometry": { "type": "Point", "coordinates": [ 98.728399482094559, 18.642207374510178 ] } },
{ "type": "Feature", "properties": { "Id": 0, "x": 98.7402, "y": 18.6768 }, "geometry": { "type": "Point", "coordinates": [ 98.740219837944011, 18.676773997584473 ] } },
{ "type": "Feature", "properties": { "Id": 0, "x": 98.7496, "y": 18.6961 }, "geometry": { "type": "Point", "coordinates": [ 98.749566665434585, 18.696146524009006 ] } },
{ "type": "Feature", "properties": { "Id": 0, "x": 98.7924, "y": 18.7132 }, "geometry": { "type": "Point", "coordinates": [ 98.792364665747272, 18.713175869502706 ] } },
{ "type": "Feature", "properties": { "Id": 0, "x": 98.8046, "y": 18.72 }, "geometry": { "type": "Point", "coordinates": [ 98.804547302427437, 18.720039368386235 ] } },
{ "type": "Feature", "properties": { "Id": 0, "x": 98.8061, "y": 18.7433 }, "geometry": { "type": "Point", "coordinates": [ 98.806083751134921, 18.743272714256079 ] } },
{ "type": "Feature", "properties": { "Id": 0, "x": 98.7829, "y": 18.7689 }, "geometry": { "type": "Point", "coordinates": [ 98.78291620549011, 18.768861673497341 ] } },
{ "type": "Feature", "properties": { "Id": 0, "x": 98.7654, "y": 18.7808 }, "geometry": { "type": "Point", "coordinates": [ 98.765389696952681, 18.780754137438176 ] } },
{ "type": "Feature", "properties": { "Id": 0, "x": 98.7464, "y": 18.7402 }, "geometry": { "type": "Point", "coordinates": [ 98.746375508030567, 18.740222911105523 ] } },
{ "type": "Feature", "properties": { "Id": 0, "x": 98.7226, "y": 18.7289 }, "geometry": { "type": "Point", "coordinates": [ 98.722634453569611, 18.728871264346299 ] } },
{ "type": "Feature", "properties": { "Id": 0, "x": 98.7098, "y": 18.7241 }, "geometry": { "type": "Point", "coordinates": [ 98.709825822485755, 18.724086394337782 ] } },
{ "type": "Feature", "properties": { "Id": 0, "x": 98.7802, "y": 18.7292 }, "geometry": { "type": "Point", "coordinates": [ 98.780153382126002, 18.729245458924893 ] } },
{ "type": "Feature", "properties": { "Id": 0, "x": 98.8141, "y": 18.6333 }, "geometry": { "type": "Point", "coordinates": [ 98.814099145311559, 18.633274272222881 ] } },
{ "type": "Feature", "properties": { "Id": 0, "x": 98.8435, "y": 18.6556 }, "geometry": { "type": "Point", "coordinates": [ 98.843512219166385, 18.655626637557852 ] } },
{ "type": "Feature", "properties": { "Id": 0, "x": 98.848, "y": 18.6611 }, "geometry": { "type": "Point", "coordinates": [ 98.847986934323885, 18.661120204266808 ] } },
{ "type": "Feature", "properties": { "Id": 0, "x": 98.8503, "y": 18.6733 }, "geometry": { "type": "Point", "coordinates": [ 98.850280099994691, 18.673321798882412 ] } },
{ "type": "Feature", "properties": { "Id": 0, "x": 98.8548, "y": 18.6808 }, "geometry": { "type": "Point", "coordinates": [ 98.854753831122594, 18.680767155727342 ] } },
{ "type": "Feature", "properties": { "Id": 0, "x": 98.8515, "y": 18.6909 }, "geometry": { "type": "Point", "coordinates": [ 98.851544821881603, 18.690890420540171 ] } },
{ "type": "Feature", "properties": { "Id": 0, "x": 98.8433, "y": 18.6988 }, "geometry": { "type": "Point", "coordinates": [ 98.843344559846713, 18.698813566638453 ] } },
{ "type": "Feature", "properties": { "Id": 0, "x": 98.8341, "y": 18.696 }, "geometry": { "type": "Point", "coordinates": [ 98.834129776692251, 18.695999710626701 ] } },
{ "type": "Feature", "properties": { "Id": 0, "x": 98.8242, "y": 18.6934 }, "geometry": { "type": "Point", "coordinates": [ 98.824146949233338, 18.693428678873129 ] } },
{ "type": "Feature", "properties": { "Id": 0, "x": 98.8368, "y": 18.6816 }, "geometry": { "type": "Point", "coordinates": [ 98.836831958814628, 18.681606412571494 ] } },
{ "type": "Feature", "properties": { "Id": 0, "x": 98.8939, "y": 18.732 }, "geometry": { "type": "Point", "coordinates": [ 98.893907621988731, 18.732032189398367 ] } },
{ "type": "Feature", "properties": { "Id": 0, "x": 98.8923, "y": 18.7253 }, "geometry": { "type": "Point", "coordinates": [ 98.892272883587381, 18.725316547086766 ] } },
{ "type": "Feature", "properties": { "Id": 0, "x": 98.8985, "y": 18.7209 }, "geometry": { "type": "Point", "coordinates": [ 98.898503421423484, 18.720947654764558 ] } },
{ "type": "Feature", "properties": { "Id": 0, "x": 98.912, "y": 18.7365 }, "geometry": { "type": "Point", "coordinates": [ 98.912016198248566, 18.736492019408896 ] } },
{ "type": "Feature", "properties": { "Id": 0, "x": 98.9017, "y": 18.7442 }, "geometry": { "type": "Point", "coordinates": [ 98.901685793684663, 18.744216595036345 ] } },
{ "type": "Feature", "properties": { "Id": 0, "x": 98.892, "y": 18.7619 }, "geometry": { "type": "Point", "coordinates": [ 98.892009617172803, 18.761899876109922 ] } },
{ "type": "Feature", "properties": { "Id": 0, "x": 98.8985, "y": 18.7711 }, "geometry": { "type": "Point", "coordinates": [ 98.898532127897766, 18.771053542423228 ] } },
{ "type": "Feature", "properties": { "Id": 0, "x": 98.9167, "y": 18.7736 }, "geometry": { "type": "Point", "coordinates": [ 98.916716990981698, 18.773549910751615 ] } },
{ "type": "Feature", "properties": { "Id": 0, "x": 98.9335, "y": 18.7801 }, "geometry": { "type": "Point", "coordinates": [ 98.933501822235897, 18.780130429692996 ] } },
{ "type": "Feature", "properties": { "Id": 0, "x": 98.9398, "y": 18.784 }, "geometry": { "type": "Point", "coordinates": [ 98.939842592857687, 18.784041318998455 ] } },
{ "type": "Feature", "properties": { "Id": 0, "x": 98.923, "y": 18.8271 }, "geometry": { "type": "Point", "coordinates": [ 98.923011251639394, 18.827075581369382 ] } },
{ "type": "Feature", "properties": { "Id": 0, "x": 98.9287, "y": 18.8175 }, "geometry": { "type": "Point", "coordinates": [ 98.928700324412063, 18.817500362428088 ] } },
{ "type": "Feature", "properties": { "Id": 0, "x": 98.9297, "y": 18.8082 }, "geometry": { "type": "Point", "coordinates": [ 98.929724520302102, 18.808200868465043 ] } },
{ "type": "Feature", "properties": { "Id": 0, "x": 98.9251, "y": 18.7978 }, "geometry": { "type": "Point", "coordinates": [ 98.92506500508415, 18.79778872909344 ] } },
{ "type": "Feature", "properties": { "Id": 0, "x": 98.9119, "y": 18.7929 }, "geometry": { "type": "Point", "coordinates": [ 98.911950493543372, 18.792924849735563 ] } },
{ "type": "Feature", "properties": { "Id": 0, "x": 98.9447, "y": 18.8279 }, "geometry": { "type": "Point", "coordinates": [ 98.944730730651116, 18.827916108723937 ] } },
{ "type": "Feature", "properties": { "Id": 0, "x": 98.9479, "y": 18.838 }, "geometry": { "type": "Point", "coordinates": [ 98.947934568885884, 18.838049719756519 ] } },
{ "type": "Feature", "properties": { "Id": 0, "x": 98.9312, "y": 18.8465 }, "geometry": { "type": "Point", "coordinates": [ 98.931166462368608, 18.846511311591652 ] } },
{ "type": "Feature", "properties": { "Id": 0, "x": 98.9278, "y": 18.8511 }, "geometry": { "type": "Point", "coordinates": [ 98.927811405492946, 18.851090563115761 ] } },
{ "type": "Feature", "properties": { "Id": 0, "x": 98.923, "y": 18.8634 }, "geometry": { "type": "Point", "coordinates": [ 98.922994671481575, 18.863442149092968 ] } },
{ "type": "Feature", "properties": { "Id": 0, "x": 98.8912, "y": 18.8284 }, "geometry": { "type": "Point", "coordinates": [ 98.891232490525795, 18.828447790286507 ] } },
{ "type": "Feature", "properties": { "Id": 0, "x": 98.8797, "y": 18.8289 }, "geometry": { "type": "Point", "coordinates": [ 98.879716275348528, 18.828857127722362 ] } },
{ "type": "Feature", "properties": { "Id": 0, "x": 98.8683, "y": 18.8352 }, "geometry": { "type": "Point", "coordinates": [ 98.868341131109119, 18.835234413197206 ] } },
{ "type": "Feature", "properties": { "Id": 0, "x": 98.8861, "y": 18.8354 }, "geometry": { "type": "Point", "coordinates": [ 98.886125824578755, 18.835384931192976 ] } },
{ "type": "Feature", "properties": { "Id": 0, "x": 98.8778, "y": 18.8559 }, "geometry": { "type": "Point", "coordinates": [ 98.877801666808125, 18.855922586762517 ] } },
{ "type": "Feature", "properties": { "Id": 0, "x": 98.8937, "y": 18.8643 }, "geometry": { "type": "Point", "coordinates": [ 98.893688058117093, 18.864260538790294 ] } },
{ "type": "Feature", "properties": { "Id": 0, "x": 98.8975, "y": 18.8697 }, "geometry": { "type": "Point", "coordinates": [ 98.897475622295914, 18.869675992921238 ] } },
{ "type": "Feature", "properties": { "Id": 0, "x": 98.9256, "y": 18.8852 }, "geometry": { "type": "Point", "coordinates": [ 98.925609484128827, 18.885235329477307 ] } },
{ "type": "Feature", "properties": { "Id": 0, "x": 98.9277, "y": 18.8936 }, "geometry": { "type": "Point", "coordinates": [ 98.927647392288875, 18.893564317955267 ] } },
{ "type": "Feature", "properties": { "Id": 0, "x": 98.9368, "y": 18.8876 }, "geometry": { "type": "Point", "coordinates": [ 98.936836768315388, 18.887599135092362 ] } },
{ "type": "Feature", "properties": { "Id": 0, "x": 98.8911, "y": 18.8824 }, "geometry": { "type": "Point", "coordinates": [ 98.891051872360791, 18.8824422339029 ] } },
{ "type": "Feature", "properties": { "Id": 0, "x": 98.8718, "y": 18.8751 }, "geometry": { "type": "Point", "coordinates": [ 98.871809525335664, 18.875073405456828 ] } },
{ "type": "Feature", "properties": { "Id": 0, "x": 98.8644, "y": 18.8651 }, "geometry": { "type": "Point", "coordinates": [ 98.864381186247044, 18.86507431286617 ] } },
{ "type": "Feature", "properties": { "Id": 0, "x": 98.8615, "y": 18.858 }, "geometry": { "type": "Point", "coordinates": [ 98.861470945974261, 18.857993203731521 ] } },
{ "type": "Feature", "properties": { "Id": 0, "x": 98.8577, "y": 18.8572 }, "geometry": { "type": "Point", "coordinates": [ 98.857680939789716, 18.857157525610489 ] } },
{ "type": "Feature", "properties": { "Id": 0, "x": 98.838, "y": 18.818 }, "geometry": { "type": "Point", "coordinates": [ 98.8380216256013, 18.81798942585052 ] } },
{ "type": "Feature", "properties": { "Id": 0, "x": 98.833, "y": 18.8299 }, "geometry": { "type": "Point", "coordinates": [ 98.833021244523536, 18.829911718605164 ] } },
{ "type": "Feature", "properties": { "Id": 0, "x": 98.828, "y": 18.8389 }, "geometry": { "type": "Point", "coordinates": [ 98.828023135987365, 18.838902726418191 ] } },
{ "type": "Feature", "properties": { "Id": 0, "x": 98.8239, "y": 18.8441 }, "geometry": { "type": "Point", "coordinates": [ 98.823877771804504, 18.844053604157992 ] } },
{ "type": "Feature", "properties": { "Id": 0, "x": 98.8142, "y": 18.844 }, "geometry": { "type": "Point", "coordinates": [ 98.814217504991859, 18.844044221738958 ] } },
{ "type": "Feature", "properties": { "Id": 0, "x": 98.8063, "y": 18.8386 }, "geometry": { "type": "Point", "coordinates": [ 98.80626201092646, 18.838578153238657 ] } },
{ "type": "Feature", "properties": { "Id": 0, "x": 98.8112, "y": 18.8284 }, "geometry": { "type": "Point", "coordinates": [ 98.811156469383405, 18.828374749028352 ] } },
{ "type": "Feature", "properties": { "Id": 0, "x": 98.8163, "y": 18.8298 }, "geometry": { "type": "Point", "coordinates": [ 98.81624998246825, 18.829794869201145 ] } },
{ "type": "Feature", "properties": { "Id": 0, "x": 98.8171, "y": 18.8243 }, "geometry": { "type": "Point", "coordinates": [ 98.817105069694193, 18.824337733279808 ] } },
{ "type": "Feature", "properties": { "Id": 0, "x": 98.8047, "y": 18.8485 }, "geometry": { "type": "Point", "coordinates": [ 98.804658256532818, 18.848481673012401 ] } },
{ "type": "Feature", "properties": { "Id": 0, "x": 98.7994, "y": 18.8543 }, "geometry": { "type": "Point", "coordinates": [ 98.799449479267381, 18.854338389067639 ] } },
{ "type": "Feature", "properties": { "Id": 0, "x": 98.8226, "y": 18.816 }, "geometry": { "type": "Point", "coordinates": [ 98.822633290648142, 18.816036075167109 ] } },
{ "type": "Feature", "properties": { "Id": 0, "x": 98.8315, "y": 18.8087 }, "geometry": { "type": "Point", "coordinates": [ 98.831476686922443, 18.80871010147121 ] } },
{ "type": "Feature", "properties": { "Id": 0, "x": 98.8251, "y": 18.8046 }, "geometry": { "type": "Point", "coordinates": [ 98.825152696337383, 18.804553936207629 ] } },
{ "type": "Feature", "properties": { "Id": 0, "x": 98.8214, "y": 18.8077 }, "geometry": { "type": "Point", "coordinates": [ 98.821448043964736, 18.807677402387256 ] } },
{ "type": "Feature", "properties": { "Id": 0, "x": 98.7907, "y": 18.8692 }, "geometry": { "type": "Point", "coordinates": [ 98.790700171297644, 18.869206727491154 ] } },
{ "type": "Feature", "properties": { "Id": 0, "x": 98.7988, "y": 18.8896 }, "geometry": { "type": "Point", "coordinates": [ 98.798778929055644, 18.889591952906894 ] } },
{ "type": "Feature", "properties": { "Id": 0, "x": 98.7931, "y": 18.8804 }, "geometry": { "type": "Point", "coordinates": [ 98.793132633833864, 18.880416422866588 ] } },
{ "type": "Feature", "properties": { "Id": 0, "x": 98.7862, "y": 18.8884 }, "geometry": { "type": "Point", "coordinates": [ 98.786165553263444, 18.888351338603378 ] } },
{ "type": "Feature", "properties": { "Id": 0, "x": 98.7851, "y": 18.8912 }, "geometry": { "type": "Point", "coordinates": [ 98.785091825009573, 18.891198355067488 ] } },
{ "type": "Feature", "properties": { "Id": 0, "x": 98.7804, "y": 18.8829 }, "geometry": { "type": "Point", "coordinates": [ 98.780425853996519, 18.882893353343754 ] } },
{ "type": "Feature", "properties": { "Id": 0, "x": 98.7815, "y": 18.8713 }, "geometry": { "type": "Point", "coordinates": [ 98.781545692432843, 18.871268518985353 ] } },
{ "type": "Feature", "properties": { "Id": 0, "x": 98.7759, "y": 18.8669 }, "geometry": { "type": "Point", "coordinates": [ 98.775907679166266, 18.866912517937653 ] } },
{ "type": "Feature", "properties": { "Id": 0, "x": 98.7677, "y": 18.8659 }, "geometry": { "type": "Point", "coordinates": [ 98.767712367673425, 18.865879106333754 ] } },
{ "type": "Feature", "properties": { "Id": 0, "x": 98.7594, "y": 18.8623 }, "geometry": { "type": "Point", "coordinates": [ 98.759386439005056, 18.862286756902101 ] } },
{ "type": "Feature", "properties": { "Id": 0, "x": 98.7489, "y": 18.8606 }, "geometry": { "type": "Point", "coordinates": [ 98.748908161935546, 18.860609953347947 ] } },
{ "type": "Feature", "properties": { "Id": 0, "x": 98.7434, "y": 18.8565 }, "geometry": { "type": "Point", "coordinates": [ 98.743405331049843, 18.856508997606561 ] } },
{ "type": "Feature", "properties": { "Id": 0, "x": 98.739, "y": 18.8423 }, "geometry": { "type": "Point", "coordinates": [ 98.73899327375392, 18.842303691506011 ] } },
{ "type": "Feature", "properties": { "Id": 0, "x": 98.7475, "y": 18.839 }, "geometry": { "type": "Point", "coordinates": [ 98.74746246007652, 18.838989425279848 ] } },
{ "type": "Feature", "properties": { "Id": 0, "x": 98.7583, "y": 18.8352 }, "geometry": { "type": "Point", "coordinates": [ 98.758350304500169, 18.835166237785277 ] } },
{ "type": "Feature", "properties": { "Id": 0, "x": 98.7688, "y": 18.84 }, "geometry": { "type": "Point", "coordinates": [ 98.768822730201236, 18.840040514410894 ] } },
{ "type": "Feature", "properties": { "Id": 0, "x": 98.7812, "y": 18.8375 }, "geometry": { "type": "Point", "coordinates": [ 98.781186347050365, 18.837497023548639 ] } },
{ "type": "Feature", "properties": { "Id": 0, "x": 98.7915, "y": 18.8339 }, "geometry": { "type": "Point", "coordinates": [ 98.791535654399226, 18.833927097821153 ] } },
{ "type": "Feature", "properties": { "Id": 0, "x": 98.7526, "y": 18.8232 }, "geometry": { "type": "Point", "coordinates": [ 98.752641299530865, 18.823174162021793 ] } },
{ "type": "Feature", "properties": { "Id": 0, "x": 98.747, "y": 18.8064 }, "geometry": { "type": "Point", "coordinates": [ 98.74699904761556, 18.806376958327146 ] } },
{ "type": "Feature", "properties": { "Id": 0, "x": 98.7655, "y": 18.7986 }, "geometry": { "type": "Point", "coordinates": [ 98.765479423879697, 18.798605890040697 ] } },
{ "type": "Feature", "properties": { "Id": 0, "x": 98.78, "y": 18.8012 }, "geometry": { "type": "Point", "coordinates": [ 98.779957227270771, 18.801221920229004 ] } },
{ "type": "Feature", "properties": { "Id": 0, "x": 98.5505, "y": 17.9412 }, "geometry": { "type": "Point", "coordinates": [ 98.550541297049563, 17.941203062365108 ] } },
{ "type": "Feature", "properties": { "Id": 0, "x": 98.5446, "y": 17.9587 }, "geometry": { "type": "Point", "coordinates": [ 98.54462310535088, 17.958679758994307 ] } },
{ "type": "Feature", "properties": { "Id": 0, "x": 98.5426, "y": 17.9771 }, "geometry": { "type": "Point", "coordinates": [ 98.542617688442007, 17.977102472372049 ] } },
{ "type": "Feature", "properties": { "Id": 0, "x": 98.5318, "y": 17.9864 }, "geometry": { "type": "Point", "coordinates": [ 98.531822871077608, 17.986446572803267 ] } },
{ "type": "Feature", "properties": { "Id": 0, "x": 98.526, "y": 17.9752 }, "geometry": { "type": "Point", "coordinates": [ 98.525977967870332, 17.97518855421735 ] } },
{ "type": "Feature", "properties": { "Id": 0, "x": 98.5025, "y": 17.9839 }, "geometry": { "type": "Point", "coordinates": [ 98.502455366770249, 17.983874820494609 ] } },
{ "type": "Feature", "properties": { "Id": 0, "x": 98.6037, "y": 17.946 }, "geometry": { "type": "Point", "coordinates": [ 98.603718294389679, 17.946003765989772 ] } },
{ "type": "Feature", "properties": { "Id": 0, "x": 98.6131, "y": 17.9666 }, "geometry": { "type": "Point", "coordinates": [ 98.613136546541526, 17.966636658147337 ] } },
{ "type": "Feature", "properties": { "Id": 0, "x": 98.6164, "y": 17.9791 }, "geometry": { "type": "Point", "coordinates": [ 98.616373089266887, 17.979136343453636 ] } },
{ "type": "Feature", "properties": { "Id": 0, "x": 98.6168, "y": 17.9886 }, "geometry": { "type": "Point", "coordinates": [ 98.616796469907456, 17.988632048306577 ] } },
{ "type": "Feature", "properties": { "Id": 0, "x": 98.5952, "y": 18.0028 }, "geometry": { "type": "Point", "coordinates": [ 98.595248383808837, 18.002780542151338 ] } },
{ "type": "Feature", "properties": { "Id": 0, "x": 98.5819, "y": 17.9998 }, "geometry": { "type": "Point", "coordinates": [ 98.581885423912055, 17.999753801150476 ] } },
{ "type": "Feature", "properties": { "Id": 0, "x": 98.5597, "y": 18.0097 }, "geometry": { "type": "Point", "coordinates": [ 98.559716936834178, 18.009699216976081 ] } },
{ "type": "Feature", "properties": { "Id": 0, "x": 98.5457, "y": 18.0191 }, "geometry": { "type": "Point", "coordinates": [ 98.545695632289878, 18.019061658653243 ] } },
{ "type": "Feature", "properties": { "Id": 0, "x": 98.5292, "y": 18.0226 }, "geometry": { "type": "Point", "coordinates": [ 98.529181042951365, 18.022620207592912 ] } },
{ "type": "Feature", "properties": { "Id": 0, "x": 98.5069, "y": 18.0126 }, "geometry": { "type": "Point", "coordinates": [ 98.506853556500232, 18.012570165929102 ] } },
{ "type": "Feature", "properties": { "Id": 0, "x": 98.504, "y": 18.0056 }, "geometry": { "type": "Point", "coordinates": [ 98.503948307824174, 18.005566631432803 ] } },
{ "type": "Feature", "properties": { "Id": 0, "x": 98.6273, "y": 18.0265 }, "geometry": { "type": "Point", "coordinates": [ 98.627260422481825, 18.026489542170737 ] } },
{ "type": "Feature", "properties": { "Id": 0, "x": 98.632, "y": 18.0182 }, "geometry": { "type": "Point", "coordinates": [ 98.631984502109205, 18.018229154012722 ] } },
{ "type": "Feature", "properties": { "Id": 0, "x": 98.6167, "y": 18.0158 }, "geometry": { "type": "Point", "coordinates": [ 98.616671534209956, 18.015825051624223 ] } },
{ "type": "Feature", "properties": { "Id": 0, "x": 98.6191, "y": 18.0129 }, "geometry": { "type": "Point", "coordinates": [ 98.619073962233017, 18.012882274694618 ] } },
{ "type": "Feature", "properties": { "Id": 0, "x": 98.6378, "y": 18.0335 }, "geometry": { "type": "Point", "coordinates": [ 98.637772537779384, 18.033468922493764 ] } },
{ "type": "Feature", "properties": { "Id": 0, "x": 98.6527, "y": 18.0258 }, "geometry": { "type": "Point", "coordinates": [ 98.652676681359424, 18.025813962487309 ] } },
{ "type": "Feature", "properties": { "Id": 0, "x": 98.6583, "y": 18.0487 }, "geometry": { "type": "Point", "coordinates": [ 98.65828335718254, 18.048653219251953 ] } },
{ "type": "Feature", "properties": { "Id": 0, "x": 98.6439, "y": 18.0394 }, "geometry": { "type": "Point", "coordinates": [ 98.643922694657007, 18.039375376566984 ] } },
{ "type": "Feature", "properties": { "Id": 0, "x": 98.6624, "y": 18.051 }, "geometry": { "type": "Point", "coordinates": [ 98.662387352014818, 18.050952944677988 ] } },
{ "type": "Feature", "properties": { "Id": 0, "x": 98.6491, "y": 18.0648 }, "geometry": { "type": "Point", "coordinates": [ 98.649092950389587, 18.064848079554654 ] } },
{ "type": "Feature", "properties": { "Id": 0, "x": 98.6463, "y": 18.074 }, "geometry": { "type": "Point", "coordinates": [ 98.646301668424456, 18.073965710751402 ] } },
{ "type": "Feature", "properties": { "Id": 0, "x": 98.6488, "y": 18.0798 }, "geometry": { "type": "Point", "coordinates": [ 98.648822331026778, 18.079839126103433 ] } },
{ "type": "Feature", "properties": { "Id": 0, "x": 98.6368, "y": 18.0825 }, "geometry": { "type": "Point", "coordinates": [ 98.636836501937836, 18.08251846226494 ] } },
{ "type": "Feature", "properties": { "Id": 0, "x": 98.6277, "y": 18.0961 }, "geometry": { "type": "Point", "coordinates": [ 98.627652022841886, 18.096101663576022 ] } },
{ "type": "Feature", "properties": { "Id": 0, "x": 98.6245, "y": 18.1002 }, "geometry": { "type": "Point", "coordinates": [ 98.624526197157465, 18.100194440618729 ] } },
{ "type": "Feature", "properties": { "Id": 0, "x": 98.6069, "y": 18.0927 }, "geometry": { "type": "Point", "coordinates": [ 98.606911319292024, 18.092706920554225 ] } },
{ "type": "Feature", "properties": { "Id": 0, "x": 98.6075, "y": 18.0898 }, "geometry": { "type": "Point", "coordinates": [ 98.607502186705602, 18.08982030956534 ] } },
{ "type": "Feature", "properties": { "Id": 0, "x": 98.6106, "y": 18.0848 }, "geometry": { "type": "Point", "coordinates": [ 98.610630267821804, 18.084796258307701 ] } },
{ "type": "Feature", "properties": { "Id": 0, "x": 98.6147, "y": 18.0832 }, "geometry": { "type": "Point", "coordinates": [ 98.614724650018914, 18.083220833459919 ] } },
{ "type": "Feature", "properties": { "Id": 0, "x": 98.6175, "y": 18.0828 }, "geometry": { "type": "Point", "coordinates": [ 98.617452919977936, 18.082760483145769 ] } },
{ "type": "Feature", "properties": { "Id": 0, "x": 98.5637, "y": 18.0719 }, "geometry": { "type": "Point", "coordinates": [ 98.563695456015068, 18.07193362049194 ] } },
{ "type": "Feature", "properties": { "Id": 0, "x": 98.5584, "y": 18.0732 }, "geometry": { "type": "Point", "coordinates": [ 98.558365877637129, 18.073231497316044 ] } },
{ "type": "Feature", "properties": { "Id": 0, "x": 98.5539, "y": 18.0742 }, "geometry": { "type": "Point", "coordinates": [ 98.553950052430622, 18.074240229262024 ] } },
{ "type": "Feature", "properties": { "Id": 0, "x": 98.5722, "y": 18.0651 }, "geometry": { "type": "Point", "coordinates": [ 98.572203804382013, 18.065059173986892 ] } },
{ "type": "Feature", "properties": { "Id": 0, "x": 98.5747, "y": 18.0596 }, "geometry": { "type": "Point", "coordinates": [ 98.574651821548684, 18.05956841961142 ] } },
{ "type": "Feature", "properties": { "Id": 0, "x": 98.5916, "y": 18.0444 }, "geometry": { "type": "Point", "coordinates": [ 98.591632523702444, 18.044420704478757 ] } },
{ "type": "Feature", "properties": { "Id": 0, "x": 98.5891, "y": 18.0472 }, "geometry": { "type": "Point", "coordinates": [ 98.589094140879794, 18.047209993545867 ] } },
{ "type": "Feature", "properties": { "Id": 0, "x": 98.5815, "y": 18.0365 }, "geometry": { "type": "Point", "coordinates": [ 98.581523682059512, 18.036480870058362 ] } },
{ "type": "Feature", "properties": { "Id": 0, "x": 98.5777, "y": 18.0344 }, "geometry": { "type": "Point", "coordinates": [ 98.577730907276646, 18.034423205423749 ] } },
{ "type": "Feature", "properties": { "Id": 0, "x": 98.5738, "y": 18.0385 }, "geometry": { "type": "Point", "coordinates": [ 98.573826048010133, 18.038513484355573 ] } },
{ "type": "Feature", "properties": { "Id": 0, "x": 98.5533, "y": 18.0405 }, "geometry": { "type": "Point", "coordinates": [ 98.553279050019995, 18.040542204070775 ] } },
{ "type": "Feature", "properties": { "Id": 0, "x": 98.5512, "y": 18.0452 }, "geometry": { "type": "Point", "coordinates": [ 98.551162128714338, 18.045200859375083 ] } },
{ "type": "Feature", "properties": { "Id": 0, "x": 98.5519, "y": 18.0499 }, "geometry": { "type": "Point", "coordinates": [ 98.551925898034057, 18.049866185797342 ] } },
{ "type": "Feature", "properties": { "Id": 0, "x": 98.5456, "y": 18.0504 }, "geometry": { "type": "Point", "coordinates": [ 98.545608928438469, 18.050381389164738 ] } },
{ "type": "Feature", "properties": { "Id": 0, "x": 98.5458, "y": 18.054 }, "geometry": { "type": "Point", "coordinates": [ 98.545821275243682, 18.0539855401165 ] } },
{ "type": "Feature", "properties": { "Id": 0, "x": 98.5418, "y": 18.0521 }, "geometry": { "type": "Point", "coordinates": [ 98.541837322320077, 18.052068322153488 ] } },
{ "type": "Feature", "properties": { "Id": 0, "x": 98.698, "y": 18.1209 }, "geometry": { "type": "Point", "coordinates": [ 98.697973356001441, 18.120867193358752 ] } },
{ "type": "Feature", "properties": { "Id": 0, "x": 98.6846, "y": 18.1119 }, "geometry": { "type": "Point", "coordinates": [ 98.684638752964389, 18.111875280275825 ] } },
{ "type": "Feature", "properties": { "Id": 0, "x": 98.6905, "y": 18.1136 }, "geometry": { "type": "Point", "coordinates": [ 98.690528955664107, 18.11360993451666 ] } },
{ "type": "Feature", "properties": { "Id": 0, "x": 98.6754, "y": 18.11 }, "geometry": { "type": "Point", "coordinates": [ 98.675381356323314, 18.110019799002192 ] } },
{ "type": "Feature", "properties": { "Id": 0, "x": 98.663, "y": 18.1075 }, "geometry": { "type": "Point", "coordinates": [ 98.662998533165108, 18.107468395546427 ] } },
{ "type": "Feature", "properties": { "Id": 0, "x": 98.6572, "y": 18.1088 }, "geometry": { "type": "Point", "coordinates": [ 98.657223048021706, 18.108838295001799 ] } },
{ "type": "Feature", "properties": { "Id": 0, "x": 98.652, "y": 18.1164 }, "geometry": { "type": "Point", "coordinates": [ 98.652036555915174, 18.116419448070932 ] } },
{ "type": "Feature", "properties": { "Id": 0, "x": 98.6483, "y": 18.1072 }, "geometry": { "type": "Point", "coordinates": [ 98.648326462303189, 18.107212175038232 ] } },
{ "type": "Feature", "properties": { "Id": 0, "x": 98.6438, "y": 18.1011 }, "geometry": { "type": "Point", "coordinates": [ 98.64376865635117, 18.101108448083149 ] } },
{ "type": "Feature", "properties": { "Id": 0, "x": 98.6958, "y": 18.132 }, "geometry": { "type": "Point", "coordinates": [ 98.695815818504784, 18.132032255632542 ] } },
{ "type": "Feature", "properties": { "Id": 0, "x": 98.69, "y": 18.1449 }, "geometry": { "type": "Point", "coordinates": [ 98.69001950282788, 18.144903773112578 ] } },
{ "type": "Feature", "properties": { "Id": 0, "x": 98.684, "y": 18.1539 }, "geometry": { "type": "Point", "coordinates": [ 98.684015440128562, 18.153890080922221 ] } },
{ "type": "Feature", "properties": { "Id": 0, "x": 98.6609, "y": 18.1581 }, "geometry": { "type": "Point", "coordinates": [ 98.660909834575406, 18.158144306414734 ] } },
{ "type": "Feature", "properties": { "Id": 0, "x": 98.6511, "y": 18.1536 }, "geometry": { "type": "Point", "coordinates": [ 98.651080792299823, 18.153628703383536 ] } },
{ "type": "Feature", "properties": { "Id": 0, "x": 98.6447, "y": 18.1559 }, "geometry": { "type": "Point", "coordinates": [ 98.644660348626687, 18.15586595969382 ] } },
{ "type": "Feature", "properties": { "Id": 0, "x": 98.5286, "y": 17.4075 }, "geometry": { "type": "Point", "coordinates": [ 98.528573583327699, 17.407494485886033 ] } },
{ "type": "Feature", "properties": { "Id": 0, "x": 98.5149, "y": 17.4226 }, "geometry": { "type": "Point", "coordinates": [ 98.514903314699623, 17.422592342073358 ] } },
{ "type": "Feature", "properties": { "Id": 0, "x": 98.5111, "y": 17.4263 }, "geometry": { "type": "Point", "coordinates": [ 98.511059676387305, 17.426263369598786 ] } },
{ "type": "Feature", "properties": { "Id": 0, "x": 98.4902, "y": 17.4386 }, "geometry": { "type": "Point", "coordinates": [ 98.490225384729754, 17.438567581802122 ] } },
{ "type": "Feature", "properties": { "Id": 0, "x": 98.4908, "y": 17.4423 }, "geometry": { "type": "Point", "coordinates": [ 98.490829202951261, 17.442321109431756 ] } },
{ "type": "Feature", "properties": { "Id": 0, "x": 98.4991, "y": 17.4458 }, "geometry": { "type": "Point", "coordinates": [ 98.499139882690997, 17.445826172517666 ] } },
{ "type": "Feature", "properties": { "Id": 0, "x": 98.5049, "y": 17.4515 }, "geometry": { "type": "Point", "coordinates": [ 98.504932190213196, 17.45146863962249 ] } },
{ "type": "Feature", "properties": { "Id": 0, "x": 98.5163, "y": 17.452 }, "geometry": { "type": "Point", "coordinates": [ 98.516267073030647, 17.451978908245636 ] } },
{ "type": "Feature", "properties": { "Id": 0, "x": 98.5109, "y": 17.468 }, "geometry": { "type": "Point", "coordinates": [ 98.510948474663735, 17.467974412140517 ] } },
{ "type": "Feature", "properties": { "Id": 0, "x": 98.5013, "y": 17.4819 }, "geometry": { "type": "Point", "coordinates": [ 98.501323646855042, 17.481854228136907 ] } },
{ "type": "Feature", "properties": { "Id": 0, "x": 98.5072, "y": 17.5027 }, "geometry": { "type": "Point", "coordinates": [ 98.507233139311595, 17.50272452240641 ] } },
{ "type": "Feature", "properties": { "Id": 0, "x": 98.5164, "y": 17.497 }, "geometry": { "type": "Point", "coordinates": [ 98.516410907956129, 17.497022033415956 ] } },
{ "type": "Feature", "properties": { "Id": 0, "x": 98.5004, "y": 17.4937 }, "geometry": { "type": "Point", "coordinates": [ 98.500439029987135, 17.493711042437312 ] } },
{ "type": "Feature", "properties": { "Id": 0, "x": 98.4843, "y": 17.4792 }, "geometry": { "type": "Point", "coordinates": [ 98.484286387750046, 17.479152692262364 ] } },
{ "type": "Feature", "properties": { "Id": 0, "x": 98.4703, "y": 17.465 }, "geometry": { "type": "Point", "coordinates": [ 98.470265521790338, 17.465007689442441 ] } },
{ "type": "Feature", "properties": { "Id": 0, "x": 98.4665, "y": 17.4535 }, "geometry": { "type": "Point", "coordinates": [ 98.466464152904976, 17.453547443601821 ] } },
{ "type": "Feature", "properties": { "Id": 0, "x": 98.4629, "y": 17.4419 }, "geometry": { "type": "Point", "coordinates": [ 98.462876850858194, 17.441883235214572 ] } },
{ "type": "Feature", "properties": { "Id": 0, "x": 98.4653, "y": 17.4789 }, "geometry": { "type": "Point", "coordinates": [ 98.465325037031064, 17.478898126293537 ] } },
{ "type": "Feature", "properties": { "Id": 0, "x": 98.4581, "y": 17.4887 }, "geometry": { "type": "Point", "coordinates": [ 98.458052109273098, 17.48869275368984 ] } },
{ "type": "Feature", "properties": { "Id": 0, "x": 98.4491, "y": 17.4932 }, "geometry": { "type": "Point", "coordinates": [ 98.44908979172493, 17.493166326885575 ] } },
{ "type": "Feature", "properties": { "Id": 0, "x": 98.438, "y": 17.5095 }, "geometry": { "type": "Point", "coordinates": [ 98.4379598232494, 17.509492277851209 ] } },
{ "type": "Feature", "properties": { "Id": 0, "x": 98.4565, "y": 17.5069 }, "geometry": { "type": "Point", "coordinates": [ 98.456506561314697, 17.506885894906823 ] } },
{ "type": "Feature", "properties": { "Id": 0, "x": 98.462, "y": 17.5128 }, "geometry": { "type": "Point", "coordinates": [ 98.462029376123553, 17.512830415307015 ] } },
{ "type": "Feature", "properties": { "Id": 0, "x": 98.4622, "y": 17.5192 }, "geometry": { "type": "Point", "coordinates": [ 98.462223808815068, 17.519169343162432 ] } },
{ "type": "Feature", "properties": { "Id": 0, "x": 98.4837, "y": 17.5266 }, "geometry": { "type": "Point", "coordinates": [ 98.483726320025767, 17.526587209442898 ] } },
{ "type": "Feature", "properties": { "Id": 0, "x": 98.492, "y": 17.5325 }, "geometry": { "type": "Point", "coordinates": [ 98.492021159440881, 17.532538118547663 ] } },
{ "type": "Feature", "properties": { "Id": 0, "x": 98.5129, "y": 17.5189 }, "geometry": { "type": "Point", "coordinates": [ 98.512943356848879, 17.51889142580518 ] } },
{ "type": "Feature", "properties": { "Id": 0, "x": 98.5155, "y": 17.533 }, "geometry": { "type": "Point", "coordinates": [ 98.515463148530969, 17.533005732293983 ] } },
{ "type": "Feature", "properties": { "Id": 0, "x": 98.5237, "y": 17.5449 }, "geometry": { "type": "Point", "coordinates": [ 98.523743860380776, 17.544884808498473 ] } },
{ "type": "Feature", "properties": { "Id": 0, "x": 98.5335, "y": 17.5533 }, "geometry": { "type": "Point", "coordinates": [ 98.533526574821551, 17.553291177289967 ] } },
{ "type": "Feature", "properties": { "Id": 0, "x": 98.5086, "y": 17.569 }, "geometry": { "type": "Point", "coordinates": [ 98.508580308106517, 17.569024482168555 ] } },
{ "type": "Feature", "properties": { "Id": 0, "x": 98.5043, "y": 17.5711 }, "geometry": { "type": "Point", "coordinates": [ 98.504274930891555, 17.571055517832779 ] } },
{ "type": "Feature", "properties": { "Id": 0, "x": 98.5016, "y": 17.5713 }, "geometry": { "type": "Point", "coordinates": [ 98.501634740089258, 17.571293898308543 ] } },
{ "type": "Feature", "properties": { "Id": 0, "x": 98.4992, "y": 17.5689 }, "geometry": { "type": "Point", "coordinates": [ 98.499172137442628, 17.568878387970265 ] } },
{ "type": "Feature", "properties": { "Id": 0, "x": 98.4984, "y": 17.5661 }, "geometry": { "type": "Point", "coordinates": [ 98.498371025074363, 17.566058711446555 ] } },
{ "type": "Feature", "properties": { "Id": 0, "x": 98.4994, "y": 17.5643 }, "geometry": { "type": "Point", "coordinates": [ 98.499354889548897, 17.564346112421653 ] } },
{ "type": "Feature", "properties": { "Id": 0, "x": 98.501, "y": 17.5614 }, "geometry": { "type": "Point", "coordinates": [ 98.501023337896925, 17.561369334009719 ] } },
{ "type": "Feature", "properties": { "Id": 0, "x": 98.4979, "y": 17.5584 }, "geometry": { "type": "Point", "coordinates": [ 98.49792378651992, 17.55842134111624 ] } },
{ "type": "Feature", "properties": { "Id": 0, "x": 98.4949, "y": 17.5564 }, "geometry": { "type": "Point", "coordinates": [ 98.494864300908915, 17.556412619788016 ] } },
{ "type": "Feature", "properties": { "Id": 0, "x": 98.5214, "y": 17.5975 }, "geometry": { "type": "Point", "coordinates": [ 98.521410752614244, 17.597494688447409 ] } },
{ "type": "Feature", "properties": { "Id": 0, "x": 98.5197, "y": 17.5941 }, "geometry": { "type": "Point", "coordinates": [ 98.519723907618427, 17.594125857546132 ] } },
{ "type": "Feature", "properties": { "Id": 0, "x": 98.5195, "y": 17.5903 }, "geometry": { "type": "Point", "coordinates": [ 98.519500095894344, 17.590311942265174 ] } },
{ "type": "Feature", "properties": { "Id": 0, "x": 98.517, "y": 17.5881 }, "geometry": { "type": "Point", "coordinates": [ 98.516991787955874, 17.588062669674628 ] } },
{ "type": "Feature", "properties": { "Id": 0, "x": 98.512, "y": 17.5924 }, "geometry": { "type": "Point", "coordinates": [ 98.512010202421095, 17.592368515118512 ] } },
{ "type": "Feature", "properties": { "Id": 0, "x": 98.5092, "y": 17.5964 }, "geometry": { "type": "Point", "coordinates": [ 98.509192649629398, 17.596399220051659 ] } },
{ "type": "Feature", "properties": { "Id": 0, "x": 98.5073, "y": 17.5976 }, "geometry": { "type": "Point", "coordinates": [ 98.507318163606968, 17.597628290920802 ] } },
{ "type": "Feature", "properties": { "Id": 0, "x": 98.5014, "y": 17.5926 }, "geometry": { "type": "Point", "coordinates": [ 98.501426025705626, 17.592622494718817 ] } },
{ "type": "Feature", "properties": { "Id": 0, "x": 98.5023, "y": 17.59 }, "geometry": { "type": "Point", "coordinates": [ 98.50225169454923, 17.59004494745399 ] } },
{ "type": "Feature", "properties": { "Id": 0, "x": 98.4989, "y": 17.593 }, "geometry": { "type": "Point", "coordinates": [ 98.498852180334453, 17.593008537368281 ] } },
{ "type": "Feature", "properties": { "Id": 0, "x": 98.4965, "y": 17.5924 }, "geometry": { "type": "Point", "coordinates": [ 98.496456537119585, 17.592385581452572 ] } },
{ "type": "Feature", "properties": { "Id": 0, "x": 98.492, "y": 17.5916 }, "geometry": { "type": "Point", "coordinates": [ 98.492014720109736, 17.591645191162556 ] } },
{ "type": "Feature", "properties": { "Id": 0, "x": 98.4896, "y": 17.5929 }, "geometry": { "type": "Point", "coordinates": [ 98.489613767972969, 17.592928818132705 ] } },
{ "type": "Feature", "properties": { "Id": 0, "x": 98.4902, "y": 17.5955 }, "geometry": { "type": "Point", "coordinates": [ 98.490191252583799, 17.595509932130241 ] } },
{ "type": "Feature", "properties": { "Id": 0, "x": 98.4887, "y": 17.5991 }, "geometry": { "type": "Point", "coordinates": [ 98.488660864434578, 17.599095017987292 ] } },
{ "type": "Feature", "properties": { "Id": 0, "x": 98.5079, "y": 17.6101 }, "geometry": { "type": "Point", "coordinates": [ 98.507869025448855, 17.61013524585988 ] } },
{ "type": "Feature", "properties": { "Id": 0, "x": 98.5055, "y": 17.6084 }, "geometry": { "type": "Point", "coordinates": [ 98.505534502296157, 17.608447050397796 ] } },
{ "type": "Feature", "properties": { "Id": 0, "x": 98.5017, "y": 17.6098 }, "geometry": { "type": "Point", "coordinates": [ 98.501671326491461, 17.609783231060653 ] } },
{ "type": "Feature", "properties": { "Id": 0, "x": 98.5006, "y": 17.6085 }, "geometry": { "type": "Point", "coordinates": [ 98.500563648065295, 17.608546700055395 ] } },
{ "type": "Feature", "properties": { "Id": 0, "x": 98.4949, "y": 17.6105 }, "geometry": { "type": "Point", "coordinates": [ 98.49494439846481, 17.610495165191107 ] } },
{ "type": "Feature", "properties": { "Id": 0, "x": 98.4924, "y": 17.6113 }, "geometry": { "type": "Point", "coordinates": [ 98.492369190107368, 17.611273663940608 ] } },
{ "type": "Feature", "properties": { "Id": 0, "x": 98.5211, "y": 17.6167 }, "geometry": { "type": "Point", "coordinates": [ 98.521067818722514, 17.616672846914302 ] } },
{ "type": "Feature", "properties": { "Id": 0, "x": 98.5215, "y": 17.6142 }, "geometry": { "type": "Point", "coordinates": [ 98.521483681012668, 17.614206384989163 ] } },
{ "type": "Feature", "properties": { "Id": 0, "x": 98.5223, "y": 17.6112 }, "geometry": { "type": "Point", "coordinates": [ 98.52225187591867, 17.611179985084519 ] } },
{ "type": "Feature", "properties": { "Id": 0, "x": 98.5287, "y": 17.6165 }, "geometry": { "type": "Point", "coordinates": [ 98.528729116323476, 17.616523047739182 ] } },
{ "type": "Feature", "properties": { "Id": 0, "x": 98.5308, "y": 17.6173 }, "geometry": { "type": "Point", "coordinates": [ 98.530773881584352, 17.617313023291452 ] } },
{ "type": "Feature", "properties": { "Id": 0, "x": 98.5309, "y": 17.6219 }, "geometry": { "type": "Point", "coordinates": [ 98.530937438337432, 17.621911882710187 ] } },
{ "type": "Feature", "properties": { "Id": 0, "x": 98.53, "y": 17.6067 }, "geometry": { "type": "Point", "coordinates": [ 98.529982594610345, 17.606712219752403 ] } },
{ "type": "Feature", "properties": { "Id": 0, "x": 98.5197, "y": 17.6088 }, "geometry": { "type": "Point", "coordinates": [ 98.519703943941067, 17.608757925732309 ] } },
{ "type": "Feature", "properties": { "Id": 0, "x": 98.5186, "y": 17.6103 }, "geometry": { "type": "Point", "coordinates": [ 98.518614515580268, 17.610298564234508 ] } },
{ "type": "Feature", "properties": { "Id": 0, "x": 98.5141, "y": 17.6072 }, "geometry": { "type": "Point", "coordinates": [ 98.514056833271766, 17.607200821193512 ] } },
{ "type": "Feature", "properties": { "Id": 0, "x": 98.5151, "y": 17.6038 }, "geometry": { "type": "Point", "coordinates": [ 98.515113932642038, 17.603757932514615 ] } },
{ "type": "Feature", "properties": { "Id": 0, "x": 98.5104, "y": 17.6059 }, "geometry": { "type": "Point", "coordinates": [ 98.510355329754475, 17.605863732419635 ] } },
{ "type": "Feature", "properties": { "Id": 0, "x": 98.5065, "y": 17.6029 }, "geometry": { "type": "Point", "coordinates": [ 98.506471147129247, 17.602911048522042 ] } },
{ "type": "Feature", "properties": { "Id": 0, "x": 98.5064, "y": 17.601 }, "geometry": { "type": "Point", "coordinates": [ 98.50643889001212, 17.60100877350882 ] } },
{ "type": "Feature", "properties": { "Id": 0, "x": 98.5038, "y": 17.604 }, "geometry": { "type": "Point", "coordinates": [ 98.503848515711169, 17.60398119248995 ] } },
{ "type": "Feature", "properties": { "Id": 0, "x": 98.519, "y": 17.5985 }, "geometry": { "type": "Point", "coordinates": [ 98.518982707400255, 17.598455594067349 ] } },
{ "type": "Feature", "properties": { "Id": 0, "x": 98.5172, "y": 17.5996 }, "geometry": { "type": "Point", "coordinates": [ 98.517183432467078, 17.599563811870716 ] } },
{ "type": "Feature", "properties": { "Id": 0, "x": 98.5191, "y": 17.6019 }, "geometry": { "type": "Point", "coordinates": [ 98.519123378118749, 17.601865536137144 ] } },
{ "type": "Feature", "properties": { "Id": 0, "x": 98.5188, "y": 17.6032 }, "geometry": { "type": "Point", "coordinates": [ 98.518783139931628, 17.60315676615166 ] } },
{ "type": "Feature", "properties": { "Id": 0, "x": 98.5216, "y": 17.6015 }, "geometry": { "type": "Point", "coordinates": [ 98.521594214509705, 17.601548520094234 ] } },
{ "type": "Feature", "properties": { "Id": 0, "x": 98.5222, "y": 17.6028 }, "geometry": { "type": "Point", "coordinates": [ 98.522189789116254, 17.602770239371857 ] } },
{ "type": "Feature", "properties": { "Id": 0, "x": 98.5034, "y": 17.6033 }, "geometry": { "type": "Point", "coordinates": [ 98.503363961062931, 17.603262166044644 ] } },
{ "type": "Feature", "properties": { "Id": 0, "x": 98.5014, "y": 17.6046 }, "geometry": { "type": "Point", "coordinates": [ 98.501451682054707, 17.604585295276213 ] } },
{ "type": "Feature", "properties": { "Id": 0, "x": 98.5007, "y": 17.604 }, "geometry": { "type": "Point", "coordinates": [ 98.500667346289418, 17.604009067345956 ] } },
{ "type": "Feature", "properties": { "Id": 0, "x": 98.4994, "y": 17.6018 }, "geometry": { "type": "Point", "coordinates": [ 98.499400950330923, 17.601816546171356 ] } },
{ "type": "Feature", "properties": { "Id": 0, "x": 98.4988, "y": 17.6007 }, "geometry": { "type": "Point", "coordinates": [ 98.498767813123294, 17.600702337558435 ] } },
{ "type": "Feature", "properties": { "Id": 0, "x": 98.4996, "y": 17.5989 }, "geometry": { "type": "Point", "coordinates": [ 98.499558652074015, 17.598909820403836 ] } },
{ "type": "Feature", "properties": { "Id": 0, "x": 98.5004, "y": 17.5981 }, "geometry": { "type": "Point", "coordinates": [ 98.500384135461687, 17.598122319585045 ] } },
{ "type": "Feature", "properties": { "Id": 0, "x": 98.504, "y": 17.5966 }, "geometry": { "type": "Point", "coordinates": [ 98.503980872401755, 17.596623981424095 ] } },
{ "type": "Feature", "properties": { "Id": 0, "x": 98.4949, "y": 17.5961 }, "geometry": { "type": "Point", "coordinates": [ 98.494850998798512, 17.596134278426266 ] } },
{ "type": "Feature", "properties": { "Id": 0, "x": 98.495, "y": 17.5984 }, "geometry": { "type": "Point", "coordinates": [ 98.495031830268516, 17.59839583745584 ] } },
{ "type": "Feature", "properties": { "Id": 0, "x": 98.4788, "y": 17.5912 }, "geometry": { "type": "Point", "coordinates": [ 98.478801460755818, 17.591162162015834 ] } },
{ "type": "Feature", "properties": { "Id": 0, "x": 98.4777, "y": 17.5903 }, "geometry": { "type": "Point", "coordinates": [ 98.477693084987052, 17.590261977124701 ] } },
{ "type": "Feature", "properties": { "Id": 0, "x": 98.4785, "y": 17.5876 }, "geometry": { "type": "Point", "coordinates": [ 98.478460766540337, 17.587628304273093 ] } },
{ "type": "Feature", "properties": { "Id": 0, "x": 98.481, "y": 17.5888 }, "geometry": { "type": "Point", "coordinates": [ 98.481030090255175, 17.588812719113637 ] } },
{ "type": "Feature", "properties": { "Id": 0, "x": 98.4786, "y": 17.585 }, "geometry": { "type": "Point", "coordinates": [ 98.478643571635715, 17.585049164641283 ] } },
{ "type": "Feature", "properties": { "Id": 0, "x": 98.4822, "y": 17.5843 }, "geometry": { "type": "Point", "coordinates": [ 98.482212273040133, 17.584329518283454 ] } },
{ "type": "Feature", "properties": { "Id": 0, "x": 98.4847, "y": 17.5868 }, "geometry": { "type": "Point", "coordinates": [ 98.484660982991272, 17.586803381831022 ] } },
{ "type": "Feature", "properties": { "Id": 0, "x": 98.487, "y": 17.5883 }, "geometry": { "type": "Point", "coordinates": [ 98.486995665751564, 17.588267502052027 ] } },
{ "type": "Feature", "properties": { "Id": 0, "x": 98.4896, "y": 17.5869 }, "geometry": { "type": "Point", "coordinates": [ 98.489630767687061, 17.58687235224528 ] } },
{ "type": "Feature", "properties": { "Id": 0, "x": 98.4921, "y": 17.5862 }, "geometry": { "type": "Point", "coordinates": [ 98.49214685519236, 17.586205885377399 ] } },
{ "type": "Feature", "properties": { "Id": 0, "x": 98.4965, "y": 17.5864 }, "geometry": { "type": "Point", "coordinates": [ 98.496472997854156, 17.586441265731963 ] } },
{ "type": "Feature", "properties": { "Id": 0, "x": 98.5114, "y": 17.5848 }, "geometry": { "type": "Point", "coordinates": [ 98.511445823116517, 17.584796462003101 ] } },
{ "type": "Feature", "properties": { "Id": 0, "x": 98.5107, "y": 17.5832 }, "geometry": { "type": "Point", "coordinates": [ 98.510690094724055, 17.583168302986703 ] } },
{ "type": "Feature", "properties": { "Id": 0, "x": 98.5094, "y": 17.5819 }, "geometry": { "type": "Point", "coordinates": [ 98.509409661725002, 17.581850639287943 ] } },
{ "type": "Feature", "properties": { "Id": 0, "x": 98.507, "y": 17.5822 }, "geometry": { "type": "Point", "coordinates": [ 98.507013722056413, 17.582239476879018 ] } },
{ "type": "Feature", "properties": { "Id": 0, "x": 98.5056, "y": 17.5836 }, "geometry": { "type": "Point", "coordinates": [ 98.505625381358058, 17.583635741463034 ] } },
{ "type": "Feature", "properties": { "Id": 0, "x": 98.5075, "y": 17.5842 }, "geometry": { "type": "Point", "coordinates": [ 98.507457416203223, 17.584214561786411 ] } },
{ "type": "Feature", "properties": { "Id": 0, "x": 98.5071, "y": 17.5866 }, "geometry": { "type": "Point", "coordinates": [ 98.507114116915147, 17.586618371419533 ] } },
{ "type": "Feature", "properties": { "Id": 0, "x": 98.5068, "y": 17.5885 }, "geometry": { "type": "Point", "coordinates": [ 98.506809689114732, 17.588483919003185 ] } },
{ "type": "Feature", "properties": { "Id": 0, "x": 98.5067, "y": 17.5906 }, "geometry": { "type": "Point", "coordinates": [ 98.506654356600848, 17.590565180809389 ] } },
{ "type": "Feature", "properties": { "Id": 0, "x": 98.5063, "y": 17.5921 }, "geometry": { "type": "Point", "coordinates": [ 98.506350890906504, 17.592071824140717 ] } },
{ "type": "Feature", "properties": { "Id": 0, "x": 98.5091, "y": 17.5892 }, "geometry": { "type": "Point", "coordinates": [ 98.509127866187924, 17.589207499057295 ] } },
{ "type": "Feature", "properties": { "Id": 0, "x": 98.5125, "y": 17.5891 }, "geometry": { "type": "Point", "coordinates": [ 98.512533403333322, 17.58914414494895 ] } },
{ "type": "Feature", "properties": { "Id": 0, "x": 98.5149, "y": 17.59 }, "geometry": { "type": "Point", "coordinates": [ 98.514888556102463, 17.590047201973189 ] } },
{ "type": "Feature", "properties": { "Id": 0, "x": 98.5192, "y": 17.5892 }, "geometry": { "type": "Point", "coordinates": [ 98.51915679889288, 17.589232147519265 ] } },
{ "type": "Feature", "properties": { "Id": 0, "x": 98.5188, "y": 17.5864 }, "geometry": { "type": "Point", "coordinates": [ 98.518789992419912, 17.586431790832041 ] } },
{ "type": "Feature", "properties": { "Id": 0, "x": 98.519, "y": 17.5848 }, "geometry": { "type": "Point", "coordinates": [ 98.518981462955438, 17.584781290320528 ] } },
{ "type": "Feature", "properties": { "Id": 0, "x": 98.5186, "y": 17.5832 }, "geometry": { "type": "Point", "coordinates": [ 98.518574112014392, 17.583165222882485 ] } },
{ "type": "Feature", "properties": { "Id": 0, "x": 98.5152, "y": 17.5876 }, "geometry": { "type": "Point", "coordinates": [ 98.515194339608868, 17.587643285526102 ] } },
{ "type": "Feature", "properties": { "Id": 0, "x": 98.4859, "y": 17.5818 }, "geometry": { "type": "Point", "coordinates": [ 98.485895794724286, 17.581763885840719 ] } },
{ "type": "Feature", "properties": { "Id": 0, "x": 98.4861, "y": 17.5767 }, "geometry": { "type": "Point", "coordinates": [ 98.486052848613397, 17.576698579578739 ] } },
{ "type": "Feature", "properties": { "Id": 0, "x": 98.4821, "y": 17.5713 }, "geometry": { "type": "Point", "coordinates": [ 98.482071301133047, 17.57134865762308 ] } },
{ "type": "Feature", "properties": { "Id": 0, "x": 98.4791, "y": 17.5661 }, "geometry": { "type": "Point", "coordinates": [ 98.479088719793069, 17.566138201302284 ] } },
{ "type": "Feature", "properties": { "Id": 0, "x": 98.4737, "y": 17.5649 }, "geometry": { "type": "Point", "coordinates": [ 98.473668452628459, 17.564891660106031 ] } },
{ "type": "Feature", "properties": { "Id": 0, "x": 98.4705, "y": 17.5683 }, "geometry": { "type": "Point", "coordinates": [ 98.47051841226569, 17.568306035628421 ] } },
{ "type": "Feature", "properties": { "Id": 0, "x": 98.4706, "y": 17.5771 }, "geometry": { "type": "Point", "coordinates": [ 98.470635663958475, 17.57706865434022 ] } },
{ "type": "Feature", "properties": { "Id": 0, "x": 98.4655, "y": 17.5797 }, "geometry": { "type": "Point", "coordinates": [ 98.465489357031856, 17.579656120793562 ] } },
{ "type": "Feature", "properties": { "Id": 0, "x": 98.4604, "y": 17.5761 }, "geometry": { "type": "Point", "coordinates": [ 98.460361179429185, 17.576082515311757 ] } },
{ "type": "Feature", "properties": { "Id": 0, "x": 98.4591, "y": 17.5825 }, "geometry": { "type": "Point", "coordinates": [ 98.459057391144228, 17.582513757735672 ] } },
{ "type": "Feature", "properties": { "Id": 0, "x": 98.4588, "y": 17.5863 }, "geometry": { "type": "Point", "coordinates": [ 98.458760494778645, 17.586346443185768 ] } },
{ "type": "Feature", "properties": { "Id": 0, "x": 98.4593, "y": 17.5905 }, "geometry": { "type": "Point", "coordinates": [ 98.459319274016906, 17.590455289844865 ] } },
{ "type": "Feature", "properties": { "Id": 0, "x": 98.4536, "y": 17.5967 }, "geometry": { "type": "Point", "coordinates": [ 98.453590307171567, 17.596737415787555 ] } },
{ "type": "Feature", "properties": { "Id": 0, "x": 98.4641, "y": 17.5998 }, "geometry": { "type": "Point", "coordinates": [ 98.464145366673804, 17.599778351572468 ] } },
{ "type": "Feature", "properties": { "Id": 0, "x": 98.4674, "y": 17.6032 }, "geometry": { "type": "Point", "coordinates": [ 98.467418779910361, 17.603209966262661 ] } },
{ "type": "Feature", "properties": { "Id": 0, "x": 98.4613, "y": 17.6063 }, "geometry": { "type": "Point", "coordinates": [ 98.461270712702756, 17.606342234918017 ] } },
{ "type": "Feature", "properties": { "Id": 0, "x": 98.4584, "y": 17.6035 }, "geometry": { "type": "Point", "coordinates": [ 98.458424013812902, 17.603459332652182 ] } },
{ "type": "Feature", "properties": { "Id": 0, "x": 98.4524, "y": 17.6073 }, "geometry": { "type": "Point", "coordinates": [ 98.452416491162424, 17.60727625795387 ] } },
{ "type": "Feature", "properties": { "Id": 0, "x": 98.4635, "y": 17.6095 }, "geometry": { "type": "Point", "coordinates": [ 98.463522641388224, 17.609546591240903 ] } },
{ "type": "Feature", "properties": { "Id": 0, "x": 98.4672, "y": 17.6147 }, "geometry": { "type": "Point", "coordinates": [ 98.467162285584379, 17.614726182078623 ] } },
{ "type": "Feature", "properties": { "Id": 0, "x": 98.4629, "y": 17.6161 }, "geometry": { "type": "Point", "coordinates": [ 98.46286360968854, 17.616116495368512 ] } },
{ "type": "Feature", "properties": { "Id": 0, "x": 98.458, "y": 17.6141 }, "geometry": { "type": "Point", "coordinates": [ 98.458026826665773, 17.614087958215773 ] } },
{ "type": "Feature", "properties": { "Id": 0, "x": 98.4561, "y": 17.6104 }, "geometry": { "type": "Point", "coordinates": [ 98.456119026952834, 17.610402565773249 ] } },
{ "type": "Feature", "properties": { "Id": 0, "x": 98.4529, "y": 17.6155 }, "geometry": { "type": "Point", "coordinates": [ 98.452905743696959, 17.61547579404489 ] } },
{ "type": "Feature", "properties": { "Id": 0, "x": 98.4564, "y": 17.6237 }, "geometry": { "type": "Point", "coordinates": [ 98.456444631735394, 17.623722081283212 ] } },
{ "type": "Feature", "properties": { "Id": 0, "x": 98.464, "y": 17.6313 }, "geometry": { "type": "Point", "coordinates": [ 98.464006693228114, 17.631278298903002 ] } },
{ "type": "Feature", "properties": { "Id": 0, "x": 98.4732, "y": 17.6317 }, "geometry": { "type": "Point", "coordinates": [ 98.473234935703331, 17.631741269015539 ] } },
{ "type": "Feature", "properties": { "Id": 0, "x": 98.4772, "y": 17.6291 }, "geometry": { "type": "Point", "coordinates": [ 98.477171924131255, 17.629123064034502 ] } },
{ "type": "Feature", "properties": { "Id": 0, "x": 98.4867, "y": 17.625 }, "geometry": { "type": "Point", "coordinates": [ 98.486687142627247, 17.625029780175197 ] } },
{ "type": "Feature", "properties": { "Id": 0, "x": 98.4873, "y": 17.6199 }, "geometry": { "type": "Point", "coordinates": [ 98.487341396320417, 17.619861735494847 ] } },
{ "type": "Feature", "properties": { "Id": 0, "x": 98.4872, "y": 17.6159 }, "geometry": { "type": "Point", "coordinates": [ 98.487169784291211, 17.615918261790423 ] } },
{ "type": "Feature", "properties": { "Id": 0, "x": 98.4924, "y": 17.6156 }, "geometry": { "type": "Point", "coordinates": [ 98.49237907695408, 17.615581233089667 ] } },
{ "type": "Feature", "properties": { "Id": 0, "x": 98.4991, "y": 17.6215 }, "geometry": { "type": "Point", "coordinates": [ 98.499124540528044, 17.621469200621352 ] } },
{ "type": "Feature", "properties": { "Id": 0, "x": 98.5012, "y": 17.615 }, "geometry": { "type": "Point", "coordinates": [ 98.50124402432148, 17.614990466271877 ] } },
{ "type": "Feature", "properties": { "Id": 0, "x": 98.4989, "y": 17.6156 }, "geometry": { "type": "Point", "coordinates": [ 98.498866618214976, 17.615597807123731 ] } },
{ "type": "Feature", "properties": { "Id": 0, "x": 98.4984, "y": 17.6122 }, "geometry": { "type": "Point", "coordinates": [ 98.498419189193669, 17.612179373785771 ] } },
{ "type": "Feature", "properties": { "Id": 0, "x": 98.4946, "y": 17.6201 }, "geometry": { "type": "Point", "coordinates": [ 98.49455960514868, 17.620055596783427 ] } },
{ "type": "Feature", "properties": { "Id": 0, "x": 98.5013, "y": 17.6264 }, "geometry": { "type": "Point", "coordinates": [ 98.501332505128644, 17.626436440861905 ] } },
{ "type": "Feature", "properties": { "Id": 0, "x": 98.5088, "y": 17.6289 }, "geometry": { "type": "Point", "coordinates": [ 98.508750409697214, 17.628919444509407 ] } },
{ "type": "Feature", "properties": { "Id": 0, "x": 98.5207, "y": 17.6296 }, "geometry": { "type": "Point", "coordinates": [ 98.520742331705407, 17.629633494151097 ] } },
{ "type": "Feature", "properties": { "Id": 0, "x": 98.5238, "y": 17.6261 }, "geometry": { "type": "Point", "coordinates": [ 98.523750124237139, 17.626081087184438 ] } },
{ "type": "Feature", "properties": { "Id": 0, "x": 98.4342, "y": 17.6039 }, "geometry": { "type": "Point", "coordinates": [ 98.43415295679155, 17.603938941345007 ] } },
{ "type": "Feature", "properties": { "Id": 0, "x": 98.4317, "y": 17.6093 }, "geometry": { "type": "Point", "coordinates": [ 98.431709315917914, 17.609271409385716 ] } },
{ "type": "Feature", "properties": { "Id": 0, "x": 98.4165, "y": 17.6485 }, "geometry": { "type": "Point", "coordinates": [ 98.416449847552641, 17.648519852762099 ] } },
{ "type": "Feature", "properties": { "Id": 0, "x": 98.4223, "y": 17.6533 }, "geometry": { "type": "Point", "coordinates": [ 98.422289191339672, 17.65332887009119 ] } },
{ "type": "Feature", "properties": { "Id": 0, "x": 98.4301, "y": 17.6507 }, "geometry": { "type": "Point", "coordinates": [ 98.430125343620745, 17.650690506095447 ] } },
{ "type": "Feature", "properties": { "Id": 0, "x": 98.4126, "y": 17.6725 }, "geometry": { "type": "Point", "coordinates": [ 98.412610542190038, 17.672460076002785 ] } },
{ "type": "Feature", "properties": { "Id": 0, "x": 98.4101, "y": 17.6691 }, "geometry": { "type": "Point", "coordinates": [ 98.410150519211285, 17.66911497471607 ] } },
{ "type": "Feature", "properties": { "Id": 0, "x": 98.4094, "y": 17.6665 }, "geometry": { "type": "Point", "coordinates": [ 98.409447878266576, 17.666457027038025 ] } },
{ "type": "Feature", "properties": { "Id": 0, "x": 98.4215, "y": 17.6723 }, "geometry": { "type": "Point", "coordinates": [ 98.421521354136146, 17.672307011582685 ] } },
{ "type": "Feature", "properties": { "Id": 0, "x": 98.4204, "y": 17.6679 }, "geometry": { "type": "Point", "coordinates": [ 98.420449676903402, 17.667925304065445 ] } },
{ "type": "Feature", "properties": { "Id": 0, "x": 98.4222, "y": 17.6649 }, "geometry": { "type": "Point", "coordinates": [ 98.422181406530882, 17.664915647997692 ] } },
{ "type": "Feature", "properties": { "Id": 0, "x": 98.4278, "y": 17.6655 }, "geometry": { "type": "Point", "coordinates": [ 98.427795061185051, 17.66550627551716 ] } },
{ "type": "Feature", "properties": { "Id": 0, "x": 98.4139, "y": 17.6663 }, "geometry": { "type": "Point", "coordinates": [ 98.413903309989948, 17.666326778344569 ] } },
{ "type": "Feature", "properties": { "Id": 0, "x": 98.4171, "y": 17.6647 }, "geometry": { "type": "Point", "coordinates": [ 98.417090745816452, 17.664685307976189 ] } },
{ "type": "Feature", "properties": { "Id": 0, "x": 98.4143, "y": 17.6618 }, "geometry": { "type": "Point", "coordinates": [ 98.414254757110456, 17.661841600230595 ] } },
{ "type": "Feature", "properties": { "Id": 0, "x": 98.4212, "y": 17.6599 }, "geometry": { "type": "Point", "coordinates": [ 98.421186687563292, 17.659888150567909 ] } },
{ "type": "Feature", "properties": { "Id": 0, "x": 98.4237, "y": 17.6596 }, "geometry": { "type": "Point", "coordinates": [ 98.423658452715642, 17.659572388933665 ] } },
{ "type": "Feature", "properties": { "Id": 0, "x": 98.4023, "y": 17.6614 }, "geometry": { "type": "Point", "coordinates": [ 98.402330807298227, 17.661390105198084 ] } },
{ "type": "Feature", "properties": { "Id": 0, "x": 98.4027, "y": 17.6569 }, "geometry": { "type": "Point", "coordinates": [ 98.40270740493213, 17.656943582636796 ] } },
{ "type": "Feature", "properties": { "Id": 0, "x": 98.4021, "y": 17.655 }, "geometry": { "type": "Point", "coordinates": [ 98.402055934937522, 17.654954351615078 ] } },
{ "type": "Feature", "properties": { "Id": 0, "x": 98.3934, "y": 17.6577 }, "geometry": { "type": "Point", "coordinates": [ 98.39336083389469, 17.657672074448794 ] } },
{ "type": "Feature", "properties": { "Id": 0, "x": 98.3916, "y": 17.6567 }, "geometry": { "type": "Point", "coordinates": [ 98.391587537016349, 17.656657208619308 ] } },
{ "type": "Feature", "properties": { "Id": 0, "x": 98.3904, "y": 17.6556 }, "geometry": { "type": "Point", "coordinates": [ 98.39043938410309, 17.655644262244508 ] } },
{ "type": "Feature", "properties": { "Id": 0, "x": 98.3984, "y": 17.6541 }, "geometry": { "type": "Point", "coordinates": [ 98.39837393599278, 17.654059919779208 ] } },
{ "type": "Feature", "properties": { "Id": 0, "x": 98.3963, "y": 17.6554 }, "geometry": { "type": "Point", "coordinates": [ 98.396263855496485, 17.655378301746026 ] } },
{ "type": "Feature", "properties": { "Id": 0, "x": 98.3929, "y": 17.6535 }, "geometry": { "type": "Point", "coordinates": [ 98.392914168236175, 17.653506931892775 ] } },
{ "type": "Feature", "properties": { "Id": 0, "x": 98.3938, "y": 17.6641 }, "geometry": { "type": "Point", "coordinates": [ 98.393799911755949, 17.664108335566215 ] } },
{ "type": "Feature", "properties": { "Id": 0, "x": 98.3949, "y": 17.6679 }, "geometry": { "type": "Point", "coordinates": [ 98.39493885648686, 17.667897077479466 ] } },
{ "type": "Feature", "properties": { "Id": 0, "x": 98.3973, "y": 17.6707 }, "geometry": { "type": "Point", "coordinates": [ 98.397331358299766, 17.670743344149258 ] } },
{ "type": "Feature", "properties": { "Id": 0, "x": 98.4018, "y": 17.6705 }, "geometry": { "type": "Point", "coordinates": [ 98.401807248047163, 17.6704731006058 ] } },
{ "type": "Feature", "properties": { "Id": 0, "x": 98.4037, "y": 17.6661 }, "geometry": { "type": "Point", "coordinates": [ 98.40369712083816, 17.666125802951527 ] } },
{ "type": "Feature", "properties": { "Id": 0, "x": 98.4047, "y": 17.6634 }, "geometry": { "type": "Point", "coordinates": [ 98.404725938916471, 17.663447699750382 ] } },
{ "type": "Feature", "properties": { "Id": 0, "x": 98.3898, "y": 17.6633 }, "geometry": { "type": "Point", "coordinates": [ 98.389755419843553, 17.663338798060586 ] } },
{ "type": "Feature", "properties": { "Id": 0, "x": 98.3892, "y": 17.6672 }, "geometry": { "type": "Point", "coordinates": [ 98.389150185099908, 17.667185245826136 ] } },
{ "type": "Feature", "properties": { "Id": 0, "x": 98.3904, "y": 17.6687 }, "geometry": { "type": "Point", "coordinates": [ 98.390362402196232, 17.668734640498773 ] } },
{ "type": "Feature", "properties": { "Id": 0, "x": 98.3946, "y": 17.6736 }, "geometry": { "type": "Point", "coordinates": [ 98.39459071898473, 17.673605407608378 ] } },
{ "type": "Feature", "properties": { "Id": 0, "x": 98.3888, "y": 17.6706 }, "geometry": { "type": "Point", "coordinates": [ 98.388776848527016, 17.670559255299974 ] } },
{ "type": "Feature", "properties": { "Id": 0, "x": 98.3884, "y": 17.6693 }, "geometry": { "type": "Point", "coordinates": [ 98.388386265782302, 17.669296297596755 ] } },
{ "type": "Feature", "properties": { "Id": 0, "x": 98.3874, "y": 17.6674 }, "geometry": { "type": "Point", "coordinates": [ 98.387372764337783, 17.667368986055813 ] } },
{ "type": "Feature", "properties": { "Id": 0, "x": 98.3847, "y": 17.6687 }, "geometry": { "type": "Point", "coordinates": [ 98.384735777383099, 17.668748683456485 ] } },
{ "type": "Feature", "properties": { "Id": 0, "x": 98.3832, "y": 17.6706 }, "geometry": { "type": "Point", "coordinates": [ 98.383183072290493, 17.670573354270246 ] } },
{ "type": "Feature", "properties": { "Id": 0, "x": 98.383, "y": 17.6724 }, "geometry": { "type": "Point", "coordinates": [ 98.383012421625139, 17.672370804163066 ] } },
{ "type": "Feature", "properties": { "Id": 0, "x": 98.3856, "y": 17.6713 }, "geometry": { "type": "Point", "coordinates": [ 98.385582595510968, 17.671306359719082 ] } },
{ "type": "Feature", "properties": { "Id": 0, "x": 98.3866, "y": 17.6726 }, "geometry": { "type": "Point", "coordinates": [ 98.386565332863313, 17.672602711903821 ] } },
{ "type": "Feature", "properties": { "Id": 0, "x": 98.3893, "y": 17.676 }, "geometry": { "type": "Point", "coordinates": [ 98.389318008742691, 17.675954892512575 ] } },
{ "type": "Feature", "properties": { "Id": 0, "x": 98.3935, "y": 17.6796 }, "geometry": { "type": "Point", "coordinates": [ 98.393550478692191, 17.679627037933891 ] } },
{ "type": "Feature", "properties": { "Id": 0, "x": 98.3909, "y": 17.679 }, "geometry": { "type": "Point", "coordinates": [ 98.390920047371452, 17.679019586238354 ] } },
{ "type": "Feature", "properties": { "Id": 0, "x": 98.3947, "y": 17.6784 }, "geometry": { "type": "Point", "coordinates": [ 98.394706398826614, 17.678368851637824 ] } },
{ "type": "Feature", "properties": { "Id": 0, "x": 98.3889, "y": 17.6791 }, "geometry": { "type": "Point", "coordinates": [ 98.388912598842538, 17.679076450591584 ] } },
{ "type": "Feature", "properties": { "Id": 0, "x": 98.384, "y": 17.6773 }, "geometry": { "type": "Point", "coordinates": [ 98.384048602784375, 17.677294847783529 ] } },
{ "type": "Feature", "properties": { "Id": 0, "x": 98.3804, "y": 17.6782 }, "geometry": { "type": "Point", "coordinates": [ 98.380359985594424, 17.678229576661312 ] } },
{ "type": "Feature", "properties": { "Id": 0, "x": 98.378, "y": 17.6784 }, "geometry": { "type": "Point", "coordinates": [ 98.3779900455269, 17.678442905884939 ] } },
{ "type": "Feature", "properties": { "Id": 0, "x": 98.3789, "y": 17.6824 }, "geometry": { "type": "Point", "coordinates": [ 98.378897852353262, 17.682388715400329 ] } },
{ "type": "Feature", "properties": { "Id": 0, "x": 98.3852, "y": 17.6821 }, "geometry": { "type": "Point", "coordinates": [ 98.385200509945633, 17.682071386222901 ] } },
{ "type": "Feature", "properties": { "Id": 0, "x": 98.3853, "y": 17.6855 }, "geometry": { "type": "Point", "coordinates": [ 98.385343028061783, 17.685521908473099 ] } },
{ "type": "Feature", "properties": { "Id": 0, "x": 98.3806, "y": 17.6846 }, "geometry": { "type": "Point", "coordinates": [ 98.380564322061673, 17.684619759341096 ] } },
{ "type": "Feature", "properties": { "Id": 0, "x": 98.3797, "y": 17.689 }, "geometry": { "type": "Point", "coordinates": [ 98.379675360839457, 17.688954193251821 ] } },
{ "type": "Feature", "properties": { "Id": 0, "x": 98.3757, "y": 17.6881 }, "geometry": { "type": "Point", "coordinates": [ 98.375719103703574, 17.688103803405433 ] } },
{ "type": "Feature", "properties": { "Id": 0, "x": 98.373, "y": 17.688 }, "geometry": { "type": "Point", "coordinates": [ 98.372994330236395, 17.687996564256409 ] } },
{ "type": "Feature", "properties": { "Id": 0, "x": 98.3689, "y": 17.6868 }, "geometry": { "type": "Point", "coordinates": [ 98.368936328427765, 17.686849995040113 ] } },
{ "type": "Feature", "properties": { "Id": 0, "x": 98.3678, "y": 17.6851 }, "geometry": { "type": "Point", "coordinates": [ 98.367811362517457, 17.685072063157328 ] } },
{ "type": "Feature", "properties": { "Id": 0, "x": 98.3673, "y": 17.6829 }, "geometry": { "type": "Point", "coordinates": [ 98.367253544832423, 17.682852369644174 ] } },
{ "type": "Feature", "properties": { "Id": 0, "x": 98.3657, "y": 17.6815 }, "geometry": { "type": "Point", "coordinates": [ 98.365715741870403, 17.681516678482534 ] } },
{ "type": "Feature", "properties": { "Id": 0, "x": 98.3641, "y": 17.6915 }, "geometry": { "type": "Point", "coordinates": [ 98.364086845742122, 17.691467322208609 ] } },
{ "type": "Feature", "properties": { "Id": 0, "x": 98.3618, "y": 17.6918 }, "geometry": { "type": "Point", "coordinates": [ 98.36177198617753, 17.691755543978395 ] } },
{ "type": "Feature", "properties": { "Id": 0, "x": 98.3526, "y": 17.6961 }, "geometry": { "type": "Point", "coordinates": [ 98.352604018328009, 17.696062793920689 ] } },
{ "type": "Feature", "properties": { "Id": 0, "x": 98.3531, "y": 17.6985 }, "geometry": { "type": "Point", "coordinates": [ 98.353109563756945, 17.69847949602153 ] } },
{ "type": "Feature", "properties": { "Id": 0, "x": 98.3596, "y": 17.7003 }, "geometry": { "type": "Point", "coordinates": [ 98.359633444972999, 17.700324453602978 ] } },
{ "type": "Feature", "properties": { "Id": 0, "x": 98.3619, "y": 17.7007 }, "geometry": { "type": "Point", "coordinates": [ 98.361945979833891, 17.700726264708358 ] } },
{ "type": "Feature", "properties": { "Id": 0, "x": 98.3699, "y": 17.719 }, "geometry": { "type": "Point", "coordinates": [ 98.369852374245511, 17.719037081908724 ] } },
{ "type": "Feature", "properties": { "Id": 0, "x": 98.3712, "y": 17.7162 }, "geometry": { "type": "Point", "coordinates": [ 98.371199241898239, 17.716232065482071 ] } },
{ "type": "Feature", "properties": { "Id": 0, "x": 98.3691, "y": 17.713 }, "geometry": { "type": "Point", "coordinates": [ 98.369102006945809, 17.713021716469388 ] } },
{ "type": "Feature", "properties": { "Id": 0, "x": 98.3672, "y": 17.7099 }, "geometry": { "type": "Point", "coordinates": [ 98.367210193390903, 17.709910580835832 ] } },
{ "type": "Feature", "properties": { "Id": 0, "x": 98.3666, "y": 17.7147 }, "geometry": { "type": "Point", "coordinates": [ 98.366627759481901, 17.714689497853442 ] } },
{ "type": "Feature", "properties": { "Id": 0, "x": 98.3623, "y": 17.7115 }, "geometry": { "type": "Point", "coordinates": [ 98.362267802424114, 17.711521058156276 ] } },
{ "type": "Feature", "properties": { "Id": 0, "x": 98.362, "y": 17.7056 }, "geometry": { "type": "Point", "coordinates": [ 98.361980162081053, 17.705605742966085 ] } },
{ "type": "Feature", "properties": { "Id": 0, "x": 98.3698, "y": 17.7035 }, "geometry": { "type": "Point", "coordinates": [ 98.369774994708337, 17.703493824264495 ] } },
{ "type": "Feature", "properties": { "Id": 0, "x": 98.3769, "y": 17.7011 }, "geometry": { "type": "Point", "coordinates": [ 98.376892011998663, 17.701056123071933 ] } },
{ "type": "Feature", "properties": { "Id": 0, "x": 98.3809, "y": 17.7121 }, "geometry": { "type": "Point", "coordinates": [ 98.380902127026332, 17.712077462391356 ] } },
{ "type": "Feature", "properties": { "Id": 0, "x": 98.3845, "y": 17.7142 }, "geometry": { "type": "Point", "coordinates": [ 98.384482377880616, 17.714170579021136 ] } },
{ "type": "Feature", "properties": { "Id": 0, "x": 98.3871, "y": 17.7054 }, "geometry": { "type": "Point", "coordinates": [ 98.387145099640591, 17.705409813361065 ] } },
{ "type": "Feature", "properties": { "Id": 0, "x": 98.3924, "y": 17.711 }, "geometry": { "type": "Point", "coordinates": [ 98.392358940328478, 17.711040747094014 ] } },
{ "type": "Feature", "properties": { "Id": 0, "x": 98.3835, "y": 17.7156 }, "geometry": { "type": "Point", "coordinates": [ 98.383490280483528, 17.715555380368912 ] } },
{ "type": "Feature", "properties": { "Id": 0, "x": 98.3801, "y": 17.7178 }, "geometry": { "type": "Point", "coordinates": [ 98.380059835824895, 17.717752625397836 ] } },
{ "type": "Feature", "properties": { "Id": 0, "x": 98.388, "y": 17.7188 }, "geometry": { "type": "Point", "coordinates": [ 98.387988222319194, 17.718818421327999 ] } },
{ "type": "Feature", "properties": { "Id": 0, "x": 98.3864, "y": 17.7168 }, "geometry": { "type": "Point", "coordinates": [ 98.386349344455837, 17.716826070274003 ] } },
{ "type": "Feature", "properties": { "Id": 0, "x": 98.392, "y": 17.7163 }, "geometry": { "type": "Point", "coordinates": [ 98.391979275034615, 17.716275793489373 ] } },
{ "type": "Feature", "properties": { "Id": 0, "x": 98.3914, "y": 17.718 }, "geometry": { "type": "Point", "coordinates": [ 98.391380895528158, 17.71804037572134 ] } },
{ "type": "Feature", "properties": { "Id": 0, "x": 98.3927, "y": 17.7202 }, "geometry": { "type": "Point", "coordinates": [ 98.392723093140773, 17.720189486727904 ] } },
{ "type": "Feature", "properties": { "Id": 0, "x": 98.3908, "y": 17.7221 }, "geometry": { "type": "Point", "coordinates": [ 98.390840447570966, 17.722139351965446 ] } },
{ "type": "Feature", "properties": { "Id": 0, "x": 98.3898, "y": 17.7211 }, "geometry": { "type": "Point", "coordinates": [ 98.389790634668387, 17.721126702105909 ] } },
{ "type": "Feature", "properties": { "Id": 0, "x": 98.3886, "y": 17.7236 }, "geometry": { "type": "Point", "coordinates": [ 98.388597314355223, 17.723614923869825 ] } },
{ "type": "Feature", "properties": { "Id": 0, "x": 98.3867, "y": 17.7258 }, "geometry": { "type": "Point", "coordinates": [ 98.386681030912413, 17.725753902216454 ] } },
{ "type": "Feature", "properties": { "Id": 0, "x": 98.3829, "y": 17.7279 }, "geometry": { "type": "Point", "coordinates": [ 98.382921605200451, 17.727855532500239 ] } },
{ "type": "Feature", "properties": { "Id": 0, "x": 98.3829, "y": 17.7266 }, "geometry": { "type": "Point", "coordinates": [ 98.382892900749994, 17.726625249217879 ] } },
{ "type": "Feature", "properties": { "Id": 0, "x": 98.3832, "y": 17.7254 }, "geometry": { "type": "Point", "coordinates": [ 98.383193227589913, 17.725427543028815 ] } },
{ "type": "Feature", "properties": { "Id": 0, "x": 98.3825, "y": 17.7247 }, "geometry": { "type": "Point", "coordinates": [ 98.38250451946044, 17.724699879877825 ] } },
{ "type": "Feature", "properties": { "Id": 0, "x": 98.384, "y": 17.7246 }, "geometry": { "type": "Point", "coordinates": [ 98.384051682636326, 17.724641652098629 ] } },
{ "type": "Feature", "properties": { "Id": 0, "x": 98.3856, "y": 17.725 }, "geometry": { "type": "Point", "coordinates": [ 98.385630254679654, 17.725025118429524 ] } },
{ "type": "Feature", "properties": { "Id": 0, "x": 98.3854, "y": 17.7267 }, "geometry": { "type": "Point", "coordinates": [ 98.385361246098213, 17.726696078294744 ] } },
{ "type": "Feature", "properties": { "Id": 0, "x": 98.3744, "y": 17.7243 }, "geometry": { "type": "Point", "coordinates": [ 98.37435957723045, 17.724325149972877 ] } },
{ "type": "Feature", "properties": { "Id": 0, "x": 98.376, "y": 17.7266 }, "geometry": { "type": "Point", "coordinates": [ 98.376048673655802, 17.726646991423252 ] } },
{ "type": "Feature", "properties": { "Id": 0, "x": 98.3786, "y": 17.7279 }, "geometry": { "type": "Point", "coordinates": [ 98.378564413207243, 17.727887133407641 ] } },
{ "type": "Feature", "properties": { "Id": 0, "x": 98.3812, "y": 17.7297 }, "geometry": { "type": "Point", "coordinates": [ 98.381232614693047, 17.729669876679456 ] } },
{ "type": "Feature", "properties": { "Id": 0, "x": 98.3639, "y": 17.7241 }, "geometry": { "type": "Point", "coordinates": [ 98.36386888225509, 17.724143587104741 ] } },
{ "type": "Feature", "properties": { "Id": 0, "x": 98.3629, "y": 17.7259 }, "geometry": { "type": "Point", "coordinates": [ 98.362949319538856, 17.725899146237516 ] } },
{ "type": "Feature", "properties": { "Id": 0, "x": 98.3596, "y": 17.7257 }, "geometry": { "type": "Point", "coordinates": [ 98.35959277794322, 17.725698967929173 ] } },
{ "type": "Feature", "properties": { "Id": 0, "x": 98.3584, "y": 17.7265 }, "geometry": { "type": "Point", "coordinates": [ 98.358405187516041, 17.726452130167406 ] } },
{ "type": "Feature", "properties": { "Id": 0, "x": 98.3597, "y": 17.7285 }, "geometry": { "type": "Point", "coordinates": [ 98.359747267667089, 17.728538368509419 ] } },
{ "type": "Feature", "properties": { "Id": 0, "x": 98.3582, "y": 17.7304 }, "geometry": { "type": "Point", "coordinates": [ 98.358160867379624, 17.730362699082182 ] } },
{ "type": "Feature", "properties": { "Id": 0, "x": 98.3577, "y": 17.7316 }, "geometry": { "type": "Point", "coordinates": [ 98.357662652218622, 17.731622800548607 ] } },
{ "type": "Feature", "properties": { "Id": 0, "x": 98.3622, "y": 17.7308 }, "geometry": { "type": "Point", "coordinates": [ 98.362240612688396, 17.730849144734353 ] } },
{ "type": "Feature", "properties": { "Id": 0, "x": 98.3633, "y": 17.7327 }, "geometry": { "type": "Point", "coordinates": [ 98.363254620273295, 17.732650404507893 ] } },
{ "type": "Feature", "properties": { "Id": 0, "x": 98.3648, "y": 17.7314 }, "geometry": { "type": "Point", "coordinates": [ 98.364838991055237, 17.731393805304119 ] } },
{ "type": "Feature", "properties": { "Id": 0, "x": 98.3664, "y": 17.7296 }, "geometry": { "type": "Point", "coordinates": [ 98.366392420515496, 17.729569312858303 ] } },
{ "type": "Feature", "properties": { "Id": 0, "x": 98.3676, "y": 17.7282 }, "geometry": { "type": "Point", "coordinates": [ 98.36758221289314, 17.728185242609324 ] } },
{ "type": "Feature", "properties": { "Id": 0, "x": 98.3621, "y": 17.7277 }, "geometry": { "type": "Point", "coordinates": [ 98.362087087225305, 17.727725858958003 ] } },
{ "type": "Feature", "properties": { "Id": 0, "x": 98.3649, "y": 17.735 }, "geometry": { "type": "Point", "coordinates": [ 98.364859124952929, 17.735021350408807 ] } },
{ "type": "Feature", "properties": { "Id": 0, "x": 98.3637, "y": 17.7386 }, "geometry": { "type": "Point", "coordinates": [ 98.363727301244282, 17.738613619187646 ] } },
{ "type": "Feature", "properties": { "Id": 0, "x": 98.3649, "y": 17.7414 }, "geometry": { "type": "Point", "coordinates": [ 98.364869584209117, 17.741393128472808 ] } },
{ "type": "Feature", "properties": { "Id": 0, "x": 98.3669, "y": 17.7426 }, "geometry": { "type": "Point", "coordinates": [ 98.366939236698684, 17.742566918683956 ] } },
{ "type": "Feature", "properties": { "Id": 0, "x": 98.3584, "y": 17.7455 }, "geometry": { "type": "Point", "coordinates": [ 98.358436001807817, 17.745535904885791 ] } },
{ "type": "Feature", "properties": { "Id": 0, "x": 98.3609, "y": 17.7468 }, "geometry": { "type": "Point", "coordinates": [ 98.360867415117355, 17.746805571427895 ] } },
{ "type": "Feature", "properties": { "Id": 0, "x": 98.3611, "y": 17.7494 }, "geometry": { "type": "Point", "coordinates": [ 98.361121469367049, 17.749424487797583 ] } },
{ "type": "Feature", "properties": { "Id": 0, "x": 98.359, "y": 17.7497 }, "geometry": { "type": "Point", "coordinates": [ 98.35904672784406, 17.749670064321521 ] } },
{ "type": "Feature", "properties": { "Id": 0, "x": 98.358, "y": 17.7526 }, "geometry": { "type": "Point", "coordinates": [ 98.35804861181758, 17.752631861916978 ] } },
{ "type": "Feature", "properties": { "Id": 0, "x": 98.3603, "y": 17.7541 }, "geometry": { "type": "Point", "coordinates": [ 98.360347655930369, 17.754121905791877 ] } },
{ "type": "Feature", "properties": { "Id": 0, "x": 98.3492, "y": 17.7524 }, "geometry": { "type": "Point", "coordinates": [ 98.349194053927562, 17.752444959978106 ] } },
{ "type": "Feature", "properties": { "Id": 0, "x": 98.3512, "y": 17.7533 }, "geometry": { "type": "Point", "coordinates": [ 98.351166216783014, 17.753271617601055 ] } },
{ "type": "Feature", "properties": { "Id": 0, "x": 98.3535, "y": 17.7569 }, "geometry": { "type": "Point", "coordinates": [ 98.353523344415791, 17.756906868087707 ] } },
{ "type": "Feature", "properties": { "Id": 0, "x": 98.3554, "y": 17.7604 }, "geometry": { "type": "Point", "coordinates": [ 98.355420135432112, 17.760414405817606 ] } },
{ "type": "Feature", "properties": { "Id": 0, "x": 98.3505, "y": 17.7576 }, "geometry": { "type": "Point", "coordinates": [ 98.350525283103892, 17.757559365739848 ] } },
{ "type": "Feature", "properties": { "Id": 0, "x": 98.3434, "y": 17.7501 }, "geometry": { "type": "Point", "coordinates": [ 98.343375971799077, 17.750091372913673 ] } },
{ "type": "Feature", "properties": { "Id": 0, "x": 98.3415, "y": 17.749 }, "geometry": { "type": "Point", "coordinates": [ 98.341536361133734, 17.749044281858719 ] } },
{ "type": "Feature", "properties": { "Id": 0, "x": 98.3407, "y": 17.7477 }, "geometry": { "type": "Point", "coordinates": [ 98.340718377443494, 17.747685179291931 ] } },
{ "type": "Feature", "properties": { "Id": 0, "x": 98.3438, "y": 17.7458 }, "geometry": { "type": "Point", "coordinates": [ 98.343753817852118, 17.745771226034194 ] } },
{ "type": "Feature", "properties": { "Id": 0, "x": 98.345, "y": 17.7472 }, "geometry": { "type": "Point", "coordinates": [ 98.344999401790403, 17.74722637442602 ] } },
{ "type": "Feature", "properties": { "Id": 0, "x": 98.3416, "y": 17.7518 }, "geometry": { "type": "Point", "coordinates": [ 98.341559129561816, 17.751820153796302 ] } },
{ "type": "Feature", "properties": { "Id": 0, "x": 98.3424, "y": 17.7534 }, "geometry": { "type": "Point", "coordinates": [ 98.342442283621025, 17.753368730337364 ] } },
{ "type": "Feature", "properties": { "Id": 0, "x": 98.3415, "y": 17.7548 }, "geometry": { "type": "Point", "coordinates": [ 98.34151513621805, 17.754848145722196 ] } },
{ "type": "Feature", "properties": { "Id": 0, "x": 98.3403, "y": 17.7561 }, "geometry": { "type": "Point", "coordinates": [ 98.340292508940763, 17.756105760316192 ] } },
{ "type": "Feature", "properties": { "Id": 0, "x": 98.3394, "y": 17.7562 }, "geometry": { "type": "Point", "coordinates": [ 98.339436377249484, 17.756165964008304 ] } },
{ "type": "Feature", "properties": { "Id": 0, "x": 98.3367, "y": 17.7531 }, "geometry": { "type": "Point", "coordinates": [ 98.336715353469387, 17.753097097797955 ] } },
{ "type": "Feature", "properties": { "Id": 0, "x": 98.3363, "y": 17.7519 }, "geometry": { "type": "Point", "coordinates": [ 98.336324863929491, 17.751865595810287 ] } },
{ "type": "Feature", "properties": { "Id": 0, "x": 98.3348, "y": 17.7511 }, "geometry": { "type": "Point", "coordinates": [ 98.334846214348303, 17.751135094984953 ] } },
{ "type": "Feature", "properties": { "Id": 0, "x": 98.3326, "y": 17.7487 }, "geometry": { "type": "Point", "coordinates": [ 98.33261665516865, 17.748730245866732 ] } },
{ "type": "Feature", "properties": { "Id": 0, "x": 98.3304, "y": 17.7478 }, "geometry": { "type": "Point", "coordinates": [ 98.330447361649163, 17.747839646312592 ] } },
{ "type": "Feature", "properties": { "Id": 0, "x": 98.3288, "y": 17.7478 }, "geometry": { "type": "Point", "coordinates": [ 98.328801713845323, 17.747770935751873 ] } },
{ "type": "Feature", "properties": { "Id": 0, "x": 98.3297, "y": 17.7435 }, "geometry": { "type": "Point", "coordinates": [ 98.329673654425832, 17.743452515063897 ] } },
{ "type": "Feature", "properties": { "Id": 0, "x": 98.3322, "y": 17.7442 }, "geometry": { "type": "Point", "coordinates": [ 98.332205446881062, 17.744218183743918 ] } },
{ "type": "Feature", "properties": { "Id": 0, "x": 98.3342, "y": 17.7431 }, "geometry": { "type": "Point", "coordinates": [ 98.334184548516248, 17.743120901627023 ] } },
{ "type": "Feature", "properties": { "Id": 0, "x": 98.3363, "y": 17.7434 }, "geometry": { "type": "Point", "coordinates": [ 98.336257263168406, 17.743411813022153 ] } },
{ "type": "Feature", "properties": { "Id": 0, "x": 98.3372, "y": 17.746 }, "geometry": { "type": "Point", "coordinates": [ 98.337244600602745, 17.745966358965319 ] } },
{ "type": "Feature", "properties": { "Id": 0, "x": 98.3388, "y": 17.7462 }, "geometry": { "type": "Point", "coordinates": [ 98.338845034743883, 17.746153448079689 ] } },
{ "type": "Feature", "properties": { "Id": 0, "x": 98.3391, "y": 17.745 }, "geometry": { "type": "Point", "coordinates": [ 98.339059928414002, 17.745003478758075 ] } },
{ "type": "Feature", "properties": { "Id": 0, "x": 98.3396, "y": 17.7434 }, "geometry": { "type": "Point", "coordinates": [ 98.339634806023653, 17.743350030765999 ] } },
{ "type": "Feature", "properties": { "Id": 0, "x": 98.3407, "y": 17.7437 }, "geometry": { "type": "Point", "coordinates": [ 98.340686965002604, 17.743676571320947 ] } },
{ "type": "Feature", "properties": { "Id": 0, "x": 98.3411, "y": 17.7451 }, "geometry": { "type": "Point", "coordinates": [ 98.341081992637427, 17.745111219093932 ] } },
{ "type": "Feature", "properties": { "Id": 0, "x": 98.3393, "y": 17.7373 }, "geometry": { "type": "Point", "coordinates": [ 98.339330077691542, 17.737312189642033 ] } },
{ "type": "Feature", "properties": { "Id": 0, "x": 98.3409, "y": 17.736 }, "geometry": { "type": "Point", "coordinates": [ 98.340868853676596, 17.736008128899627 ] } },
{ "type": "Feature", "properties": { "Id": 0, "x": 98.3439, "y": 17.737 }, "geometry": { "type": "Point", "coordinates": [ 98.343861474740066, 17.736959887687878 ] } },
{ "type": "Feature", "properties": { "Id": 0, "x": 98.3464, "y": 17.7396 }, "geometry": { "type": "Point", "coordinates": [ 98.346368673627936, 17.739586726236496 ] } },
{ "type": "Feature", "properties": { "Id": 0, "x": 98.3473, "y": 17.7404 }, "geometry": { "type": "Point", "coordinates": [ 98.34730063164497, 17.74037077619338 ] } },
{ "type": "Feature", "properties": { "Id": 0, "x": 98.3493, "y": 17.741 }, "geometry": { "type": "Point", "coordinates": [ 98.349335591664598, 17.74104363745203 ] } },
{ "type": "Feature", "properties": { "Id": 0, "x": 98.3494, "y": 17.7432 }, "geometry": { "type": "Point", "coordinates": [ 98.349423588713549, 17.7432259895144 ] } },
{ "type": "Feature", "properties": { "Id": 0, "x": 98.3233, "y": 17.7575 }, "geometry": { "type": "Point", "coordinates": [ 98.323348229024461, 17.757520022787894 ] } },
{ "type": "Feature", "properties": { "Id": 0, "x": 98.3284, "y": 17.7598 }, "geometry": { "type": "Point", "coordinates": [ 98.328431185082195, 17.759836636970146 ] } },
{ "type": "Feature", "properties": { "Id": 0, "x": 98.3322, "y": 17.7627 }, "geometry": { "type": "Point", "coordinates": [ 98.332224853441474, 17.762653423238 ] } },
{ "type": "Feature", "properties": { "Id": 0, "x": 98.3347, "y": 17.7654 }, "geometry": { "type": "Point", "coordinates": [ 98.334672749147273, 17.765409498110749 ] } },
{ "type": "Feature", "properties": { "Id": 0, "x": 98.337, "y": 17.763 }, "geometry": { "type": "Point", "coordinates": [ 98.337022883534104, 17.762950094029193 ] } },
{ "type": "Feature", "properties": { "Id": 0, "x": 98.3414, "y": 17.7669 }, "geometry": { "type": "Point", "coordinates": [ 98.341397707723146, 17.766946281296413 ] } },
{ "type": "Feature", "properties": { "Id": 0, "x": 98.3447, "y": 17.7672 }, "geometry": { "type": "Point", "coordinates": [ 98.344732705810614, 17.767237844438075 ] } },
{ "type": "Feature", "properties": { "Id": 0, "x": 98.3489, "y": 17.7674 }, "geometry": { "type": "Point", "coordinates": [ 98.348946229185685, 17.767364041983569 ] } },
{ "type": "Feature", "properties": { "Id": 0, "x": 98.3302, "y": 17.7681 }, "geometry": { "type": "Point", "coordinates": [ 98.330214541068599, 17.768142059601356 ] } },
{ "type": "Feature", "properties": { "Id": 0, "x": 98.3295, "y": 17.7716 }, "geometry": { "type": "Point", "coordinates": [ 98.329499467032321, 17.771560277843765 ] } },
{ "type": "Feature", "properties": { "Id": 0, "x": 98.3276, "y": 17.7741 }, "geometry": { "type": "Point", "coordinates": [ 98.327558607947026, 17.774077064835687 ] } },
{ "type": "Feature", "properties": { "Id": 0, "x": 98.3214, "y": 17.7742 }, "geometry": { "type": "Point", "coordinates": [ 98.321412666074721, 17.774168024076811 ] } },
{ "type": "Feature", "properties": { "Id": 0, "x": 98.3154, "y": 17.776 }, "geometry": { "type": "Point", "coordinates": [ 98.315435692945599, 17.775997745870246 ] } },
{ "type": "Feature", "properties": { "Id": 0, "x": 98.3161, "y": 17.7798 }, "geometry": { "type": "Point", "coordinates": [ 98.316065221809268, 17.779757055932286 ] } },
{ "type": "Feature", "properties": { "Id": 0, "x": 98.3149, "y": 17.7817 }, "geometry": { "type": "Point", "coordinates": [ 98.314887345001594, 17.781659531543234 ] } },
{ "type": "Feature", "properties": { "Id": 0, "x": 98.3115, "y": 17.78 }, "geometry": { "type": "Point", "coordinates": [ 98.311498771379178, 17.780021436299787 ] } },
{ "type": "Feature", "properties": { "Id": 0, "x": 98.309, "y": 17.7792 }, "geometry": { "type": "Point", "coordinates": [ 98.308984977267215, 17.779227515578643 ] } },
{ "type": "Feature", "properties": { "Id": 0, "x": 98.308, "y": 17.7815 }, "geometry": { "type": "Point", "coordinates": [ 98.308039643012592, 17.781523301630141 ] } },
{ "type": "Feature", "properties": { "Id": 0, "x": 98.3158, "y": 17.7856 }, "geometry": { "type": "Point", "coordinates": [ 98.315750366515374, 17.785587886367352 ] } },
{ "type": "Feature", "properties": { "Id": 0, "x": 98.3169, "y": 17.7878 }, "geometry": { "type": "Point", "coordinates": [ 98.316912700552919, 17.787778918590085 ] } },
{ "type": "Feature", "properties": { "Id": 0, "x": 98.3202, "y": 17.7923 }, "geometry": { "type": "Point", "coordinates": [ 98.320232114986936, 17.792276573390478 ] } },
{ "type": "Feature", "properties": { "Id": 0, "x": 98.3221, "y": 17.7945 }, "geometry": { "type": "Point", "coordinates": [ 98.322096757601344, 17.794526090819364 ] } },
{ "type": "Feature", "properties": { "Id": 0, "x": 98.3254, "y": 17.7948 }, "geometry": { "type": "Point", "coordinates": [ 98.325373897735247, 17.794761720554828 ] } },
{ "type": "Feature", "properties": { "Id": 0, "x": 98.3265, "y": 17.7956 }, "geometry": { "type": "Point", "coordinates": [ 98.326541453654244, 17.795606886264309 ] } },
{ "type": "Feature", "properties": { "Id": 0, "x": 98.3264, "y": 17.7922 }, "geometry": { "type": "Point", "coordinates": [ 98.326437210454273, 17.792185873750924 ] } },
{ "type": "Feature", "properties": { "Id": 0, "x": 98.328, "y": 17.7899 }, "geometry": { "type": "Point", "coordinates": [ 98.328026037679862, 17.789948282295473 ] } },
{ "type": "Feature", "properties": { "Id": 0, "x": 98.3287, "y": 17.7865 }, "geometry": { "type": "Point", "coordinates": [ 98.328682902109222, 17.786473802852914 ] } },
{ "type": "Feature", "properties": { "Id": 0, "x": 98.3337, "y": 17.784 }, "geometry": { "type": "Point", "coordinates": [ 98.33366755333526, 17.783967393500582 ] } },
{ "type": "Feature", "properties": { "Id": 0, "x": 98.3349, "y": 17.7867 }, "geometry": { "type": "Point", "coordinates": [ 98.33494529768133, 17.786663405769307 ] } },
{ "type": "Feature", "properties": { "Id": 0, "x": 98.3362, "y": 17.7858 }, "geometry": { "type": "Point", "coordinates": [ 98.336236130527524, 17.785826640159993 ] } },
{ "type": "Feature", "properties": { "Id": 0, "x": 98.3361, "y": 17.7913 }, "geometry": { "type": "Point", "coordinates": [ 98.336098965410045, 17.791265586973843 ] } },
{ "type": "Feature", "properties": { "Id": 0, "x": 98.3382, "y": 17.7953 }, "geometry": { "type": "Point", "coordinates": [ 98.33820596062138, 17.795305019597535 ] } },
{ "type": "Feature", "properties": { "Id": 0, "x": 98.318, "y": 17.7979 }, "geometry": { "type": "Point", "coordinates": [ 98.317986504763567, 17.797876381530802 ] } },
{ "type": "Feature", "properties": { "Id": 0, "x": 98.3179, "y": 17.8003 }, "geometry": { "type": "Point", "coordinates": [ 98.317860058057292, 17.800343292668266 ] } },
{ "type": "Feature", "properties": { "Id": 0, "x": 98.3192, "y": 17.8009 }, "geometry": { "type": "Point", "coordinates": [ 98.319204288082929, 17.800908736759759 ] } },
{ "type": "Feature", "properties": { "Id": 0, "x": 98.3159, "y": 17.7993 }, "geometry": { "type": "Point", "coordinates": [ 98.315932389403486, 17.799271115059639 ] } },
{ "type": "Feature", "properties": { "Id": 0, "x": 98.3142, "y": 17.7983 }, "geometry": { "type": "Point", "coordinates": [ 98.314179925327466, 17.798311685531715 ] } },
{ "type": "Feature", "properties": { "Id": 0, "x": 98.3134, "y": 17.7974 }, "geometry": { "type": "Point", "coordinates": [ 98.313364059457712, 17.797355529671211 ] } },
{ "type": "Feature", "properties": { "Id": 0, "x": 98.3144, "y": 17.794 }, "geometry": { "type": "Point", "coordinates": [ 98.314372020410048, 17.793994494178751 ] } },
{ "type": "Feature", "properties": { "Id": 0, "x": 98.3135, "y": 17.7907 }, "geometry": { "type": "Point", "coordinates": [ 98.313506638534278, 17.790682966068765 ] } },
{ "type": "Feature", "properties": { "Id": 0, "x": 98.3124, "y": 17.7886 }, "geometry": { "type": "Point", "coordinates": [ 98.312402433397097, 17.788604271519144 ] } },
{ "type": "Feature", "properties": { "Id": 0, "x": 98.3115, "y": 17.7883 }, "geometry": { "type": "Point", "coordinates": [ 98.311525722764017, 17.788264732993333 ] } },
{ "type": "Feature", "properties": { "Id": 0, "x": 98.3145, "y": 17.7874 }, "geometry": { "type": "Point", "coordinates": [ 98.314514126865291, 17.787434077126665 ] } },
{ "type": "Feature", "properties": { "Id": 0, "x": 98.3063, "y": 17.792 }, "geometry": { "type": "Point", "coordinates": [ 98.306275946301326, 17.792019000614509 ] } },
{ "type": "Feature", "properties": { "Id": 0, "x": 98.306, "y": 17.7898 }, "geometry": { "type": "Point", "coordinates": [ 98.305984846883518, 17.789792868491382 ] } },
{ "type": "Feature", "properties": { "Id": 0, "x": 98.3078, "y": 17.79 }, "geometry": { "type": "Point", "coordinates": [ 98.307782171057056, 17.79001456507871 ] } },
{ "type": "Feature", "properties": { "Id": 0, "x": 98.3098, "y": 17.7919 }, "geometry": { "type": "Point", "coordinates": [ 98.309760465160025, 17.791887765320972 ] } },
{ "type": "Feature", "properties": { "Id": 0, "x": 98.3122, "y": 17.7931 }, "geometry": { "type": "Point", "coordinates": [ 98.312190823247491, 17.793116538454981 ] } },
{ "type": "Feature", "properties": { "Id": 0, "x": 98.3129, "y": 17.7929 }, "geometry": { "type": "Point", "coordinates": [ 98.312865830710123, 17.792939465803578 ] } },
{ "type": "Feature", "properties": { "Id": 0, "x": 98.3089, "y": 17.7938 }, "geometry": { "type": "Point", "coordinates": [ 98.308891658723795, 17.79375091303929 ] } },
{ "type": "Feature", "properties": { "Id": 0, "x": 98.3036, "y": 17.7957 }, "geometry": { "type": "Point", "coordinates": [ 98.303653367311995, 17.795695006982928 ] } },
{ "type": "Feature", "properties": { "Id": 0, "x": 98.2996, "y": 17.7936 }, "geometry": { "type": "Point", "coordinates": [ 98.299563973571509, 17.793605599211929 ] } },
{ "type": "Feature", "properties": { "Id": 0, "x": 98.2977, "y": 17.7927 }, "geometry": { "type": "Point", "coordinates": [ 98.297694368437647, 17.792701682656041 ] } },
{ "type": "Feature", "properties": { "Id": 0, "x": 98.2939, "y": 17.7931 }, "geometry": { "type": "Point", "coordinates": [ 98.29394639948147, 17.793136805405211 ] } },
{ "type": "Feature", "properties": { "Id": 0, "x": 98.2916, "y": 17.796 }, "geometry": { "type": "Point", "coordinates": [ 98.291593515251009, 17.796044252325377 ] } },
{ "type": "Feature", "properties": { "Id": 0, "x": 98.2865, "y": 17.7951 }, "geometry": { "type": "Point", "coordinates": [ 98.28650449452951, 17.795128548736901 ] } },
{ "type": "Feature", "properties": { "Id": 0, "x": 98.2827, "y": 17.794 }, "geometry": { "type": "Point", "coordinates": [ 98.282703967720323, 17.794049213685586 ] } },
{ "type": "Feature", "properties": { "Id": 0, "x": 98.2815, "y": 17.7922 }, "geometry": { "type": "Point", "coordinates": [ 98.281540675302949, 17.792194443160074 ] } },
{ "type": "Feature", "properties": { "Id": 0, "x": 98.2813, "y": 17.799 }, "geometry": { "type": "Point", "coordinates": [ 98.28127938448462, 17.798978660649624 ] } },
{ "type": "Feature", "properties": { "Id": 0, "x": 98.2792, "y": 17.7999 }, "geometry": { "type": "Point", "coordinates": [ 98.279168250132699, 17.799924182778504 ] } },
{ "type": "Feature", "properties": { "Id": 0, "x": 98.2776, "y": 17.8019 }, "geometry": { "type": "Point", "coordinates": [ 98.277579864487606, 17.801880976234319 ] } },
{ "type": "Feature", "properties": { "Id": 0, "x": 98.2767, "y": 17.804 }, "geometry": { "type": "Point", "coordinates": [ 98.27669344608735, 17.803952503723323 ] } },
{ "type": "Feature", "properties": { "Id": 0, "x": 98.2739, "y": 17.8157 }, "geometry": { "type": "Point", "coordinates": [ 98.273894514743674, 17.815718028169972 ] } },
{ "type": "Feature", "properties": { "Id": 0, "x": 98.2723, "y": 17.8141 }, "geometry": { "type": "Point", "coordinates": [ 98.272261717813763, 17.814141838891235 ] } },
{ "type": "Feature", "properties": { "Id": 0, "x": 98.272, "y": 17.8119 }, "geometry": { "type": "Point", "coordinates": [ 98.272036655022717, 17.811897975029144 ] } },
{ "type": "Feature", "properties": { "Id": 0, "x": 98.2723, "y": 17.8097 }, "geometry": { "type": "Point", "coordinates": [ 98.272279914248884, 17.809655853932686 ] } },
{ "type": "Feature", "properties": { "Id": 0, "x": 98.2769, "y": 17.812 }, "geometry": { "type": "Point", "coordinates": [ 98.276895286534156, 17.811972079021135 ] } },
{ "type": "Feature", "properties": { "Id": 0, "x": 98.2804, "y": 17.8127 }, "geometry": { "type": "Point", "coordinates": [ 98.280405019296424, 17.812657935919695 ] } },
{ "type": "Feature", "properties": { "Id": 0, "x": 98.2858, "y": 17.8153 }, "geometry": { "type": "Point", "coordinates": [ 98.285780280795052, 17.815313206544854 ] } },
{ "type": "Feature", "properties": { "Id": 0, "x": 98.2877, "y": 17.8193 }, "geometry": { "type": "Point", "coordinates": [ 98.287696345671378, 17.819301577734425 ] } },
{ "type": "Feature", "properties": { "Id": 0, "x": 98.2872, "y": 17.8217 }, "geometry": { "type": "Point", "coordinates": [ 98.287159873019306, 17.821710879656063 ] } },
{ "type": "Feature", "properties": { "Id": 0, "x": 98.2813, "y": 17.8207 }, "geometry": { "type": "Point", "coordinates": [ 98.281309541164518, 17.820680091152582 ] } },
{ "type": "Feature", "properties": { "Id": 0, "x": 98.2789, "y": 17.822 }, "geometry": { "type": "Point", "coordinates": [ 98.27890407559525, 17.821960971601516 ] } },
{ "type": "Feature", "properties": { "Id": 0, "x": 98.2808, "y": 17.8261 }, "geometry": { "type": "Point", "coordinates": [ 98.280761055074237, 17.82606133877854 ] } },
{ "type": "Feature", "properties": { "Id": 0, "x": 98.2785, "y": 17.829 }, "geometry": { "type": "Point", "coordinates": [ 98.278524602899097, 17.828969026775884 ] } },
{ "type": "Feature", "properties": { "Id": 0, "x": 98.2812, "y": 17.83 }, "geometry": { "type": "Point", "coordinates": [ 98.281213450178257, 17.830044375183515 ] } },
{ "type": "Feature", "properties": { "Id": 0, "x": 98.2795, "y": 17.8351 }, "geometry": { "type": "Point", "coordinates": [ 98.279495085073307, 17.835140926207934 ] } },
{ "type": "Feature", "properties": { "Id": 0, "x": 98.2839, "y": 17.8354 }, "geometry": { "type": "Point", "coordinates": [ 98.283943846869946, 17.835381589644729 ] } },
{ "type": "Feature", "properties": { "Id": 0, "x": 98.2788, "y": 17.8434 }, "geometry": { "type": "Point", "coordinates": [ 98.278817867276771, 17.843381535633601 ] } },
{ "type": "Feature", "properties": { "Id": 0, "x": 98.2764, "y": 17.8438 }, "geometry": { "type": "Point", "coordinates": [ 98.276356922021961, 17.843821033672732 ] } },
{ "type": "Feature", "properties": { "Id": 0, "x": 98.2734, "y": 17.8438 }, "geometry": { "type": "Point", "coordinates": [ 98.273429378036411, 17.843810160370762 ] } },
{ "type": "Feature", "properties": { "Id": 0, "x": 98.2785, "y": 17.8469 }, "geometry": { "type": "Point", "coordinates": [ 98.27845232642197, 17.84691294361555 ] } },
{ "type": "Feature", "properties": { "Id": 0, "x": 98.2805, "y": 17.8493 }, "geometry": { "type": "Point", "coordinates": [ 98.280492179153654, 17.849275645765424 ] } },
{ "type": "Feature", "properties": { "Id": 0, "x": 98.2812, "y": 17.8518 }, "geometry": { "type": "Point", "coordinates": [ 98.281184678606138, 17.851801596266409 ] } },
{ "type": "Feature", "properties": { "Id": 0, "x": 98.2807, "y": 17.8544 }, "geometry": { "type": "Point", "coordinates": [ 98.280705657530248, 17.854435380311632 ] } },
{ "type": "Feature", "properties": { "Id": 0, "x": 98.2782, "y": 17.8548 }, "geometry": { "type": "Point", "coordinates": [ 98.278244789103923, 17.854818821737993 ] } },
{ "type": "Feature", "properties": { "Id": 0, "x": 98.2758, "y": 17.8532 }, "geometry": { "type": "Point", "coordinates": [ 98.27579185386756, 17.853239620270251 ] } },
{ "type": "Feature", "properties": { "Id": 0, "x": 98.2865, "y": 17.8528 }, "geometry": { "type": "Point", "coordinates": [ 98.286450479372917, 17.85283028124957 ] } },
{ "type": "Feature", "properties": { "Id": 0, "x": 98.2908, "y": 17.8509 }, "geometry": { "type": "Point", "coordinates": [ 98.290791252889406, 17.850883458485736 ] } },
{ "type": "Feature", "properties": { "Id": 0, "x": 98.2899, "y": 17.8482 }, "geometry": { "type": "Point", "coordinates": [ 98.289865076678112, 17.848188460717839 ] } },
{ "type": "Feature", "properties": { "Id": 0, "x": 98.2924, "y": 17.8467 }, "geometry": { "type": "Point", "coordinates": [ 98.292351990786543, 17.846686231347512 ] } },
{ "type": "Feature", "properties": { "Id": 0, "x": 98.2947, "y": 17.846 }, "geometry": { "type": "Point", "coordinates": [ 98.294656975527275, 17.846028484328471 ] } },
{ "type": "Feature", "properties": { "Id": 0, "x": 98.2993, "y": 17.851 }, "geometry": { "type": "Point", "coordinates": [ 98.299338377108981, 17.850960627188588 ] } },
{ "type": "Feature", "properties": { "Id": 0, "x": 98.3023, "y": 17.8516 }, "geometry": { "type": "Point", "coordinates": [ 98.302285755274866, 17.851637276491676 ] } },
{ "type": "Feature", "properties": { "Id": 0, "x": 98.3014, "y": 17.8562 }, "geometry": { "type": "Point", "coordinates": [ 98.301428396830545, 17.856227931717385 ] } },
{ "type": "Feature", "properties": { "Id": 0, "x": 98.3029, "y": 17.8614 }, "geometry": { "type": "Point", "coordinates": [ 98.302871189065726, 17.861357065112212 ] } },
{ "type": "Feature", "properties": { "Id": 0, "x": 98.3001, "y": 17.8654 }, "geometry": { "type": "Point", "coordinates": [ 98.300103213239311, 17.865384599610231 ] } },
{ "type": "Feature", "properties": { "Id": 0, "x": 98.3118, "y": 17.8657 }, "geometry": { "type": "Point", "coordinates": [ 98.311813802125343, 17.865706653082341 ] } },
{ "type": "Feature", "properties": { "Id": 0, "x": 98.3095, "y": 17.8674 }, "geometry": { "type": "Point", "coordinates": [ 98.30952352528125, 17.867380829393909 ] } },
{ "type": "Feature", "properties": { "Id": 0, "x": 98.3118, "y": 17.8714 }, "geometry": { "type": "Point", "coordinates": [ 98.311792003291899, 17.871370224837857 ] } },
{ "type": "Feature", "properties": { "Id": 0, "x": 98.3104, "y": 17.8729 }, "geometry": { "type": "Point", "coordinates": [ 98.310439058610726, 17.872935563970568 ] } },
{ "type": "Feature", "properties": { "Id": 0, "x": 98.3074, "y": 17.8756 }, "geometry": { "type": "Point", "coordinates": [ 98.307376333340088, 17.875643254669189 ] } },
{ "type": "Feature", "properties": { "Id": 0, "x": 98.2973, "y": 17.8768 }, "geometry": { "type": "Point", "coordinates": [ 98.2972897046063, 17.876791469278498 ] } },
{ "type": "Feature", "properties": { "Id": 0, "x": 98.2901, "y": 17.8736 }, "geometry": { "type": "Point", "coordinates": [ 98.290106303438591, 17.873571380209828 ] } },
{ "type": "Feature", "properties": { "Id": 0, "x": 98.2791, "y": 17.882 }, "geometry": { "type": "Point", "coordinates": [ 98.279090972380075, 17.881964690701704 ] } },
{ "type": "Feature", "properties": { "Id": 0, "x": 98.2778, "y": 17.885 }, "geometry": { "type": "Point", "coordinates": [ 98.277804445524765, 17.884974535683586 ] } },
{ "type": "Feature", "properties": { "Id": 0, "x": 98.2764, "y": 17.8877 }, "geometry": { "type": "Point", "coordinates": [ 98.276444073158686, 17.887696990211992 ] } },
{ "type": "Feature", "properties": { "Id": 0, "x": 98.2747, "y": 17.8887 }, "geometry": { "type": "Point", "coordinates": [ 98.27467820343351, 17.888731180303914 ] } },
{ "type": "Feature", "properties": { "Id": 0, "x": 98.2688, "y": 17.887 }, "geometry": { "type": "Point", "coordinates": [ 98.268763255847801, 17.886950549099289 ] } },
{ "type": "Feature", "properties": { "Id": 0, "x": 98.2676, "y": 17.8859 }, "geometry": { "type": "Point", "coordinates": [ 98.267605448403458, 17.885941332564226 ] } },
{ "type": "Feature", "properties": { "Id": 0, "x": 98.2702, "y": 17.8848 }, "geometry": { "type": "Point", "coordinates": [ 98.270159018614024, 17.884766606353505 ] } },
{ "type": "Feature", "properties": { "Id": 0, "x": 98.2725, "y": 17.8836 }, "geometry": { "type": "Point", "coordinates": [ 98.272525005713049, 17.883627033359602 ] } },
{ "type": "Feature", "properties": { "Id": 0, "x": 98.2722, "y": 17.8817 }, "geometry": { "type": "Point", "coordinates": [ 98.272232907096935, 17.881723869828701 ] } },
{ "type": "Feature", "properties": { "Id": 0, "x": 98.2647, "y": 17.888 }, "geometry": { "type": "Point", "coordinates": [ 98.26474815188439, 17.888047968604027 ] } },
{ "type": "Feature", "properties": { "Id": 0, "x": 98.2658, "y": 17.8902 }, "geometry": { "type": "Point", "coordinates": [ 98.265751453491688, 17.890169150564144 ] } },
{ "type": "Feature", "properties": { "Id": 0, "x": 98.2659, "y": 17.8933 }, "geometry": { "type": "Point", "coordinates": [ 98.265926028368867, 17.893292072498912 ] } },
{ "type": "Feature", "properties": { "Id": 0, "x": 98.2682, "y": 17.8951 }, "geometry": { "type": "Point", "coordinates": [ 98.268167644798169, 17.895094913334702 ] } },
{ "type": "Feature", "properties": { "Id": 0, "x": 98.2672, "y": 17.8985 }, "geometry": { "type": "Point", "coordinates": [ 98.267179083516993, 17.898500563633871 ] } },
{ "type": "Feature", "properties": { "Id": 0, "x": 98.2655, "y": 17.9013 }, "geometry": { "type": "Point", "coordinates": [ 98.265518269248759, 17.901293574521915 ] } },
{ "type": "Feature", "properties": { "Id": 0, "x": 98.264, "y": 17.9034 }, "geometry": { "type": "Point", "coordinates": [ 98.26397281797361, 17.903369244283319 ] } },
{ "type": "Feature", "properties": { "Id": 0, "x": 98.2646, "y": 17.9047 }, "geometry": { "type": "Point", "coordinates": [ 98.264604589391567, 17.904699489384768 ] } },
{ "type": "Feature", "properties": { "Id": 0, "x": 98.2614, "y": 17.9017 }, "geometry": { "type": "Point", "coordinates": [ 98.261393338577022, 17.901672737195749 ] } },
{ "type": "Feature", "properties": { "Id": 0, "x": 98.2584, "y": 17.9011 }, "geometry": { "type": "Point", "coordinates": [ 98.258434294903296, 17.901123168255783 ] } },
{ "type": "Feature", "properties": { "Id": 0, "x": 98.2567, "y": 17.9006 }, "geometry": { "type": "Point", "coordinates": [ 98.256674768916014, 17.90057813829047 ] } },
{ "type": "Feature", "properties": { "Id": 0, "x": 98.2542, "y": 17.8971 }, "geometry": { "type": "Point", "coordinates": [ 98.254215501472672, 17.897051710523424 ] } },
{ "type": "Feature", "properties": { "Id": 0, "x": 98.2542, "y": 17.9023 }, "geometry": { "type": "Point", "coordinates": [ 98.254193455879005, 17.90232715992121 ] } },
{ "type": "Feature", "properties": { "Id": 0, "x": 98.2576, "y": 17.9026 }, "geometry": { "type": "Point", "coordinates": [ 98.257566031076124, 17.902591267086986 ] } },
{ "type": "Feature", "properties": { "Id": 0, "x": 98.2605, "y": 17.9046 }, "geometry": { "type": "Point", "coordinates": [ 98.260518848759418, 17.904648122710594 ] } },
{ "type": "Feature", "properties": { "Id": 0, "x": 98.2601, "y": 17.9079 }, "geometry": { "type": "Point", "coordinates": [ 98.260130303917009, 17.907948342325323 ] } },
{ "type": "Feature", "properties": { "Id": 0, "x": 98.255, "y": 17.9097 }, "geometry": { "type": "Point", "coordinates": [ 98.255025031966781, 17.909651489394957 ] } },
{ "type": "Feature", "properties": { "Id": 0, "x": 98.2535, "y": 17.9086 }, "geometry": { "type": "Point", "coordinates": [ 98.253454967770381, 17.908604722259856 ] } },
{ "type": "Feature", "properties": { "Id": 0, "x": 98.2527, "y": 17.9068 }, "geometry": { "type": "Point", "coordinates": [ 98.252750251188516, 17.906807620377847 ] } },
{ "type": "Feature", "properties": { "Id": 0, "x": 98.2528, "y": 17.905 }, "geometry": { "type": "Point", "coordinates": [ 98.252795101966655, 17.905049282852367 ] } },
{ "type": "Feature", "properties": { "Id": 0, "x": 98.251, "y": 17.9037 }, "geometry": { "type": "Point", "coordinates": [ 98.251001536978237, 17.903678647632109 ] } },
{ "type": "Feature", "properties": { "Id": 0, "x": 98.2499, "y": 17.9054 }, "geometry": { "type": "Point", "coordinates": [ 98.249907383464901, 17.905361167759494 ] } },
{ "type": "Feature", "properties": { "Id": 0, "x": 98.2475, "y": 17.9016 }, "geometry": { "type": "Point", "coordinates": [ 98.247449250548541, 17.901583447293596 ] } },
{ "type": "Feature", "properties": { "Id": 0, "x": 98.2467, "y": 17.8984 }, "geometry": { "type": "Point", "coordinates": [ 98.246750527309302, 17.898386718946625 ] } },
{ "type": "Feature", "properties": { "Id": 0, "x": 98.2419, "y": 17.8951 }, "geometry": { "type": "Point", "coordinates": [ 98.241891663656148, 17.895066173688885 ] } },
{ "type": "Feature", "properties": { "Id": 0, "x": 98.2387, "y": 17.8958 }, "geometry": { "type": "Point", "coordinates": [ 98.238740030049783, 17.895771637286288 ] } },
{ "type": "Feature", "properties": { "Id": 0, "x": 98.2379, "y": 17.9019 }, "geometry": { "type": "Point", "coordinates": [ 98.237851865719705, 17.9018691026059 ] } },
{ "type": "Feature", "properties": { "Id": 0, "x": 98.2381, "y": 17.9038 }, "geometry": { "type": "Point", "coordinates": [ 98.238068497137363, 17.903807895300549 ] } },
{ "type": "Feature", "properties": { "Id": 0, "x": 98.2381, "y": 17.9005 }, "geometry": { "type": "Point", "coordinates": [ 98.238082748041876, 17.900470379358961 ] } },
{ "type": "Feature", "properties": { "Id": 0, "x": 98.2443, "y": 17.8838 }, "geometry": { "type": "Point", "coordinates": [ 98.24430093495576, 17.8837708315532 ] } },
{ "type": "Feature", "properties": { "Id": 0, "x": 98.2429, "y": 17.8815 }, "geometry": { "type": "Point", "coordinates": [ 98.242886099282572, 17.881540284976676 ] } },
{ "type": "Feature", "properties": { "Id": 0, "x": 98.243, "y": 17.88 }, "geometry": { "type": "Point", "coordinates": [ 98.242967598183085, 17.879997418529978 ] } },
{ "type": "Feature", "properties": { "Id": 0, "x": 98.245, "y": 17.8818 }, "geometry": { "type": "Point", "coordinates": [ 98.245021409379603, 17.881799785307443 ] } },
{ "type": "Feature", "properties": { "Id": 0, "x": 98.2412, "y": 17.8889 }, "geometry": { "type": "Point", "coordinates": [ 98.241243200765766, 17.888890924939734 ] } },
{ "type": "Feature", "properties": { "Id": 0, "x": 98.2391, "y": 17.8923 }, "geometry": { "type": "Point", "coordinates": [ 98.239092368296795, 17.892255999704489 ] } },
{ "type": "Feature", "properties": { "Id": 0, "x": 98.2333, "y": 17.902 }, "geometry": { "type": "Point", "coordinates": [ 98.233315637016659, 17.901994842295636 ] } },
{ "type": "Feature", "properties": { "Id": 0, "x": 98.2321, "y": 17.9023 }, "geometry": { "type": "Point", "coordinates": [ 98.232114591911511, 17.902348986892555 ] } },
{ "type": "Feature", "properties": { "Id": 0, "x": 98.2293, "y": 17.9029 }, "geometry": { "type": "Point", "coordinates": [ 98.229300622724296, 17.902947959700995 ] } },
{ "type": "Feature", "properties": { "Id": 0, "x": 98.229, "y": 17.9015 }, "geometry": { "type": "Point", "coordinates": [ 98.229039978177283, 17.901501366812209 ] } },
{ "type": "Feature", "properties": { "Id": 0, "x": 98.2273, "y": 17.901 }, "geometry": { "type": "Point", "coordinates": [ 98.22733888147873, 17.900989322707147 ] } },
{ "type": "Feature", "properties": { "Id": 0, "x": 98.2261, "y": 17.9016 }, "geometry": { "type": "Point", "coordinates": [ 98.226112809591072, 17.901581625716155 ] } },
{ "type": "Feature", "properties": { "Id": 0, "x": 98.2184, "y": 17.9093 }, "geometry": { "type": "Point", "coordinates": [ 98.218402132967995, 17.909291085604988 ] } },
{ "type": "Feature", "properties": { "Id": 0, "x": 98.2182, "y": 17.9072 }, "geometry": { "type": "Point", "coordinates": [ 98.218195375406935, 17.907200154941847 ] } },
{ "type": "Feature", "properties": { "Id": 0, "x": 98.2192, "y": 17.9082 }, "geometry": { "type": "Point", "coordinates": [ 98.219174467329708, 17.908237651659416 ] } },
{ "type": "Feature", "properties": { "Id": 0, "x": 98.2212, "y": 17.9072 }, "geometry": { "type": "Point", "coordinates": [ 98.22117041558181, 17.907166146341812 ] } },
{ "type": "Feature", "properties": { "Id": 0, "x": 98.2208, "y": 17.9059 }, "geometry": { "type": "Point", "coordinates": [ 98.220791882344813, 17.905947319327598 ] } },
{ "type": "Feature", "properties": { "Id": 0, "x": 98.2226, "y": 17.9056 }, "geometry": { "type": "Point", "coordinates": [ 98.222640851030846, 17.905564253841582 ] } },
{ "type": "Feature", "properties": { "Id": 0, "x": 98.2255, "y": 17.9056 }, "geometry": { "type": "Point", "coordinates": [ 98.225519405577387, 17.905644633271674 ] } },
{ "type": "Feature", "properties": { "Id": 0, "x": 98.2173, "y": 17.9143 }, "geometry": { "type": "Point", "coordinates": [ 98.217292830462696, 17.914348226965863 ] } },
{ "type": "Feature", "properties": { "Id": 0, "x": 98.2185, "y": 17.9129 }, "geometry": { "type": "Point", "coordinates": [ 98.21846137205516, 17.912881529068592 ] } },
{ "type": "Feature", "properties": { "Id": 0, "x": 98.2188, "y": 17.9143 }, "geometry": { "type": "Point", "coordinates": [ 98.218829949167556, 17.914318516916563 ] } },
{ "type": "Feature", "properties": { "Id": 0, "x": 98.2216, "y": 17.9135 }, "geometry": { "type": "Point", "coordinates": [ 98.221607737998582, 17.913468344867574 ] } },
{ "type": "Feature", "properties": { "Id": 0, "x": 98.2228, "y": 17.912 }, "geometry": { "type": "Point", "coordinates": [ 98.222776082712585, 17.912037506432963 ] } },
{ "type": "Feature", "properties": { "Id": 0, "x": 98.2228, "y": 17.9109 }, "geometry": { "type": "Point", "coordinates": [ 98.222818573652859, 17.910889268808667 ] } },
{ "type": "Feature", "properties": { "Id": 0, "x": 98.225, "y": 17.9123 }, "geometry": { "type": "Point", "coordinates": [ 98.225024332930118, 17.912261800069391 ] } },
{ "type": "Feature", "properties": { "Id": 0, "x": 98.2253, "y": 17.9091 }, "geometry": { "type": "Point", "coordinates": [ 98.225263126327548, 17.909068741304313 ] } },
{ "type": "Feature", "properties": { "Id": 0, "x": 98.2323, "y": 17.9092 }, "geometry": { "type": "Point", "coordinates": [ 98.232309848986972, 17.909240217520708 ] } },
{ "type": "Feature", "properties": { "Id": 0, "x": 98.2304, "y": 17.9118 }, "geometry": { "type": "Point", "coordinates": [ 98.230387072732938, 17.911780655876061 ] } },
{ "type": "Feature", "properties": { "Id": 0, "x": 98.228, "y": 17.919 }, "geometry": { "type": "Point", "coordinates": [ 98.228031528708627, 17.919020650892662 ] } },
{ "type": "Feature", "properties": { "Id": 0, "x": 98.2259, "y": 17.9215 }, "geometry": { "type": "Point", "coordinates": [ 98.225883962983232, 17.921488368767537 ] } },
{ "type": "Feature", "properties": { "Id": 0, "x": 98.224, "y": 17.9228 }, "geometry": { "type": "Point", "coordinates": [ 98.224003760345468, 17.922808721081989 ] } },
{ "type": "Feature", "properties": { "Id": 0, "x": 98.2238, "y": 17.9324 }, "geometry": { "type": "Point", "coordinates": [ 98.223774729307266, 17.932353929376585 ] } },
{ "type": "Feature", "properties": { "Id": 0, "x": 98.2237, "y": 17.9306 }, "geometry": { "type": "Point", "coordinates": [ 98.223744901784045, 17.930595314762556 ] } },
{ "type": "Feature", "properties": { "Id": 0, "x": 98.2232, "y": 17.929 }, "geometry": { "type": "Point", "coordinates": [ 98.223227078755642, 17.928978301495412 ] } },
{ "type": "Feature", "properties": { "Id": 0, "x": 98.2217, "y": 17.9272 }, "geometry": { "type": "Point", "coordinates": [ 98.221697828156437, 17.927177802680525 ] } },
{ "type": "Feature", "properties": { "Id": 0, "x": 98.2195, "y": 17.9268 }, "geometry": { "type": "Point", "coordinates": [ 98.219487357515106, 17.926845953284019 ] } },
{ "type": "Feature", "properties": { "Id": 0, "x": 98.2169, "y": 17.9282 }, "geometry": { "type": "Point", "coordinates": [ 98.216856941112397, 17.928234994392174 ] } },
{ "type": "Feature", "properties": { "Id": 0, "x": 98.216, "y": 17.9323 }, "geometry": { "type": "Point", "coordinates": [ 98.216051968095329, 17.932251163212566 ] } },
{ "type": "Feature", "properties": { "Id": 0, "x": 98.2151, "y": 17.9343 }, "geometry": { "type": "Point", "coordinates": [ 98.215105530355842, 17.934328824737676 ] } },
{ "type": "Feature", "properties": { "Id": 0, "x": 98.2166, "y": 17.9368 }, "geometry": { "type": "Point", "coordinates": [ 98.216631613074128, 17.936847113093979 ] } },
{ "type": "Feature", "properties": { "Id": 0, "x": 98.2103, "y": 17.9371 }, "geometry": { "type": "Point", "coordinates": [ 98.210331599677176, 17.937144605493081 ] } },
{ "type": "Feature", "properties": { "Id": 0, "x": 98.2081, "y": 17.9358 }, "geometry": { "type": "Point", "coordinates": [ 98.208087850242222, 17.935843524507082 ] } },
{ "type": "Feature", "properties": { "Id": 0, "x": 98.2094, "y": 17.9344 }, "geometry": { "type": "Point", "coordinates": [ 98.209443909443166, 17.934413542982377 ] } },
{ "type": "Feature", "properties": { "Id": 0, "x": 98.1936, "y": 17.9218 }, "geometry": { "type": "Point", "coordinates": [ 98.193604445779627, 17.921823750677071 ] } },
{ "type": "Feature", "properties": { "Id": 0, "x": 98.1959, "y": 17.925 }, "geometry": { "type": "Point", "coordinates": [ 98.195876816126614, 17.925027146231781 ] } },
{ "type": "Feature", "properties": { "Id": 0, "x": 98.1997, "y": 17.9257 }, "geometry": { "type": "Point", "coordinates": [ 98.199660296510245, 17.925688729951904 ] } },
{ "type": "Feature", "properties": { "Id": 0, "x": 98.2029, "y": 17.9251 }, "geometry": { "type": "Point", "coordinates": [ 98.202924577079841, 17.925092049564306 ] } },
{ "type": "Feature", "properties": { "Id": 0, "x": 98.2067, "y": 17.9229 }, "geometry": { "type": "Point", "coordinates": [ 98.206683222877018, 17.922918277758264 ] } },
{ "type": "Feature", "properties": { "Id": 0, "x": 98.2123, "y": 17.9225 }, "geometry": { "type": "Point", "coordinates": [ 98.212308415021781, 17.922510491027847 ] } },
{ "type": "Feature", "properties": { "Id": 0, "x": 98.2115, "y": 17.9243 }, "geometry": { "type": "Point", "coordinates": [ 98.211550547224078, 17.924337688058785 ] } },
{ "type": "Feature", "properties": { "Id": 0, "x": 98.2143, "y": 17.922 }, "geometry": { "type": "Point", "coordinates": [ 98.214297522499294, 17.92201611019216 ] } },
{ "type": "Feature", "properties": { "Id": 0, "x": 98.2106, "y": 17.9197 }, "geometry": { "type": "Point", "coordinates": [ 98.210633987428338, 17.919668581003084 ] } },
{ "type": "Feature", "properties": { "Id": 0, "x": 98.2065, "y": 17.9162 }, "geometry": { "type": "Point", "coordinates": [ 98.206525493444644, 17.91624254331845 ] } },
{ "type": "Feature", "properties": { "Id": 0, "x": 98.2028, "y": 17.9162 }, "geometry": { "type": "Point", "coordinates": [ 98.202814587486046, 17.916155597307867 ] } },
{ "type": "Feature", "properties": { "Id": 0, "x": 98.1993, "y": 17.9139 }, "geometry": { "type": "Point", "coordinates": [ 98.199338440674254, 17.913880406290563 ] } },
{ "type": "Feature", "properties": { "Id": 0, "x": 98.1987, "y": 17.9109 }, "geometry": { "type": "Point", "coordinates": [ 98.198714552427305, 17.910899170740144 ] } },
{ "type": "Feature", "properties": { "Id": 0, "x": 98.1999, "y": 17.909 }, "geometry": { "type": "Point", "coordinates": [ 98.199885311029831, 17.908966059128087 ] } },
{ "type": "Feature", "properties": { "Id": 0, "x": 98.2027, "y": 17.9075 }, "geometry": { "type": "Point", "coordinates": [ 98.20266582116804, 17.907506079307169 ] } },
{ "type": "Feature", "properties": { "Id": 0, "x": 98.1984, "y": 17.9072 }, "geometry": { "type": "Point", "coordinates": [ 98.19835630581558, 17.907201275968681 ] } },
{ "type": "Feature", "properties": { "Id": 0, "x": 98.1939, "y": 17.9098 }, "geometry": { "type": "Point", "coordinates": [ 98.193921380171631, 17.909766861262966 ] } },
{ "type": "Feature", "properties": { "Id": 0, "x": 98.1918, "y": 17.9107 }, "geometry": { "type": "Point", "coordinates": [ 98.191817954569871, 17.910691212573408 ] } },
{ "type": "Feature", "properties": { "Id": 0, "x": 98.1908, "y": 17.9136 }, "geometry": { "type": "Point", "coordinates": [ 98.190829970146595, 17.913629881861219 ] } },
{ "type": "Feature", "properties": { "Id": 0, "x": 98.1918, "y": 17.9164 }, "geometry": { "type": "Point", "coordinates": [ 98.191754605961322, 17.916397062305279 ] } },
{ "type": "Feature", "properties": { "Id": 0, "x": 98.1816, "y": 17.9147 }, "geometry": { "type": "Point", "coordinates": [ 98.181565553989074, 17.91473952996866 ] } },
{ "type": "Feature", "properties": { "Id": 0, "x": 98.1825, "y": 17.9126 }, "geometry": { "type": "Point", "coordinates": [ 98.182475104643018, 17.912590107950216 ] } },
{ "type": "Feature", "properties": { "Id": 0, "x": 98.1861, "y": 17.9094 }, "geometry": { "type": "Point", "coordinates": [ 98.186126004152769, 17.909375540773251 ] } },
{ "type": "Feature", "properties": { "Id": 0, "x": 98.1838, "y": 17.9097 }, "geometry": { "type": "Point", "coordinates": [ 98.183762774406844, 17.909724517671194 ] } },
{ "type": "Feature", "properties": { "Id": 0, "x": 98.1888, "y": 17.908 }, "geometry": { "type": "Point", "coordinates": [ 98.188831491207623, 17.907951336728615 ] } },
{ "type": "Feature", "properties": { "Id": 0, "x": 98.1593, "y": 17.9474 }, "geometry": { "type": "Point", "coordinates": [ 98.159351225107699, 17.94740054162337 ] } },
{ "type": "Feature", "properties": { "Id": 0, "x": 98.1597, "y": 17.9562 }, "geometry": { "type": "Point", "coordinates": [ 98.159676950037763, 17.956189383939389 ] } },
{ "type": "Feature", "properties": { "Id": 0, "x": 98.1651, "y": 17.9646 }, "geometry": { "type": "Point", "coordinates": [ 98.165093586912789, 17.964648688429346 ] } },
{ "type": "Feature", "properties": { "Id": 0, "x": 98.1747, "y": 17.9678 }, "geometry": { "type": "Point", "coordinates": [ 98.17468073238031, 17.967752745496867 ] } },
{ "type": "Feature", "properties": { "Id": 0, "x": 98.1779, "y": 17.9589 }, "geometry": { "type": "Point", "coordinates": [ 98.177922345736405, 17.958878620754273 ] } },
{ "type": "Feature", "properties": { "Id": 0, "x": 98.1712, "y": 17.9488 }, "geometry": { "type": "Point", "coordinates": [ 98.171201172856101, 17.948807241905236 ] } },
{ "type": "Feature", "properties": { "Id": 0, "x": 98.1694, "y": 17.9455 }, "geometry": { "type": "Point", "coordinates": [ 98.169432704380782, 17.945535776102172 ] } },
{ "type": "Feature", "properties": { "Id": 0, "x": 98.1809, "y": 17.9677 }, "geometry": { "type": "Point", "coordinates": [ 98.180872360559675, 17.967678551024783 ] } },
{ "type": "Feature", "properties": { "Id": 0, "x": 98.1896, "y": 17.9743 }, "geometry": { "type": "Point", "coordinates": [ 98.18960422096508, 17.974343474522495 ] } },
{ "type": "Feature", "properties": { "Id": 0, "x": 98.1989, "y": 17.9756 }, "geometry": { "type": "Point", "coordinates": [ 98.198938387973755, 17.975587382199564 ] } },
{ "type": "Feature", "properties": { "Id": 0, "x": 98.2069, "y": 17.9761 }, "geometry": { "type": "Point", "coordinates": [ 98.206911608325456, 17.976122285891247 ] } },
{ "type": "Feature", "properties": { "Id": 0, "x": 98.2148, "y": 17.9742 }, "geometry": { "type": "Point", "coordinates": [ 98.214790823928382, 17.974195980178663 ] } },
{ "type": "Feature", "properties": { "Id": 0, "x": 98.2193, "y": 17.9816 }, "geometry": { "type": "Point", "coordinates": [ 98.219323046242508, 17.981645998360506 ] } },
{ "type": "Feature", "properties": { "Id": 0, "x": 98.2253, "y": 17.9771 }, "geometry": { "type": "Point", "coordinates": [ 98.225325022999087, 17.977050339517039 ] } },
{ "type": "Feature", "properties": { "Id": 0, "x": 98.2293, "y": 17.9824 }, "geometry": { "type": "Point", "coordinates": [ 98.229289714439219, 17.982388865515137 ] } },
{ "type": "Feature", "properties": { "Id": 0, "x": 98.2407, "y": 17.9844 }, "geometry": { "type": "Point", "coordinates": [ 98.240720144065179, 17.98444253815412 ] } },
{ "type": "Feature", "properties": { "Id": 0, "x": 98.2432, "y": 17.9798 }, "geometry": { "type": "Point", "coordinates": [ 98.243153815301625, 17.979782096430366 ] } },
{ "type": "Feature", "properties": { "Id": 0, "x": 98.2378, "y": 17.9765 }, "geometry": { "type": "Point", "coordinates": [ 98.237815476378103, 17.976547460140015 ] } },
{ "type": "Feature", "properties": { "Id": 0, "x": 98.2465, "y": 17.973 }, "geometry": { "type": "Point", "coordinates": [ 98.246540768242312, 17.973016307099517 ] } },
{ "type": "Feature", "properties": { "Id": 0, "x": 98.255, "y": 17.99 }, "geometry": { "type": "Point", "coordinates": [ 98.254969919753634, 17.989971210817259 ] } },
{ "type": "Feature", "properties": { "Id": 0, "x": 98.253, "y": 17.9962 }, "geometry": { "type": "Point", "coordinates": [ 98.253002136979887, 17.996190250700334 ] } },
{ "type": "Feature", "properties": { "Id": 0, "x": 98.2602, "y": 18.003 }, "geometry": { "type": "Point", "coordinates": [ 98.260215681598098, 18.002996899022857 ] } },
{ "type": "Feature", "properties": { "Id": 0, "x": 98.2665, "y": 18.0019 }, "geometry": { "type": "Point", "coordinates": [ 98.266465457494462, 18.001865725300558 ] } },
{ "type": "Feature", "properties": { "Id": 0, "x": 98.2796, "y": 17.9999 }, "geometry": { "type": "Point", "coordinates": [ 98.279645989758976, 17.999856371786482 ] } },
{ "type": "Feature", "properties": { "Id": 0, "x": 98.284, "y": 17.9998 }, "geometry": { "type": "Point", "coordinates": [ 98.283953803848277, 17.999773917829707 ] } },
{ "type": "Feature", "properties": { "Id": 0, "x": 98.2863, "y": 17.9988 }, "geometry": { "type": "Point", "coordinates": [ 98.286308580332474, 17.998850617104001 ] } },
{ "type": "Feature", "properties": { "Id": 0, "x": 98.2886, "y": 18.0 }, "geometry": { "type": "Point", "coordinates": [ 98.288554070374545, 18.00004796349096 ] } },
{ "type": "Feature", "properties": { "Id": 0, "x": 98.2909, "y": 18.0 }, "geometry": { "type": "Point", "coordinates": [ 98.290871902863699, 17.999960047432836 ] } },
{ "type": "Feature", "properties": { "Id": 0, "x": 98.2888, "y": 18.004 }, "geometry": { "type": "Point", "coordinates": [ 98.288761413715136, 18.003956648777599 ] } },
{ "type": "Feature", "properties": { "Id": 0, "x": 98.2883, "y": 18.0068 }, "geometry": { "type": "Point", "coordinates": [ 98.288341772238638, 18.006752357439751 ] } },
{ "type": "Feature", "properties": { "Id": 0, "x": 98.2933, "y": 18.004 }, "geometry": { "type": "Point", "coordinates": [ 98.293275580449958, 18.003952601239995 ] } },
{ "type": "Feature", "properties": { "Id": 0, "x": 98.2976, "y": 18.007 }, "geometry": { "type": "Point", "coordinates": [ 98.297627307109607, 18.006971362415467 ] } },
{ "type": "Feature", "properties": { "Id": 0, "x": 98.3007, "y": 18.0066 }, "geometry": { "type": "Point", "coordinates": [ 98.300702863646052, 18.006571129200228 ] } },
{ "type": "Feature", "properties": { "Id": 0, "x": 98.3038, "y": 18.0048 }, "geometry": { "type": "Point", "coordinates": [ 98.303783979428445, 18.004751669970275 ] } },
{ "type": "Feature", "properties": { "Id": 0, "x": 98.3028, "y": 18.0037 }, "geometry": { "type": "Point", "coordinates": [ 98.302799458072045, 18.003658021592496 ] } },
{ "type": "Feature", "properties": { "Id": 0, "x": 98.3022, "y": 18.0025 }, "geometry": { "type": "Point", "coordinates": [ 98.302245101980574, 18.0025042139732 ] } },
{ "type": "Feature", "properties": { "Id": 0, "x": 98.301, "y": 18.0015 }, "geometry": { "type": "Point", "coordinates": [ 98.301023829014824, 18.001491976503239 ] } },
{ "type": "Feature", "properties": { "Id": 0, "x": 98.3, "y": 18.0032 }, "geometry": { "type": "Point", "coordinates": [ 98.300006809077587, 18.003195453900481 ] } },
{ "type": "Feature", "properties": { "Id": 0, "x": 98.2937, "y": 18.0008 }, "geometry": { "type": "Point", "coordinates": [ 98.293674869353552, 18.000848283645663 ] } },
{ "type": "Feature", "properties": { "Id": 0, "x": 98.2934, "y": 17.9991 }, "geometry": { "type": "Point", "coordinates": [ 98.293380899012377, 17.99909892816121 ] } },
{ "type": "Feature", "properties": { "Id": 0, "x": 98.2947, "y": 17.9981 }, "geometry": { "type": "Point", "coordinates": [ 98.294674527817534, 17.99811637485967 ] } },
{ "type": "Feature", "properties": { "Id": 0, "x": 98.2953, "y": 17.9968 }, "geometry": { "type": "Point", "coordinates": [ 98.295260119903546, 17.996802149928843 ] } },
{ "type": "Feature", "properties": { "Id": 0, "x": 98.2967, "y": 17.9961 }, "geometry": { "type": "Point", "coordinates": [ 98.29668146681442, 17.996128567485261 ] } },
{ "type": "Feature", "properties": { "Id": 0, "x": 98.3051, "y": 18.0001 }, "geometry": { "type": "Point", "coordinates": [ 98.305091857568456, 18.000128548166078 ] } },
{ "type": "Feature", "properties": { "Id": 0, "x": 98.3059, "y": 18.0011 }, "geometry": { "type": "Point", "coordinates": [ 98.305947804805413, 18.001118884162771 ] } },
{ "type": "Feature", "properties": { "Id": 0, "x": 98.309, "y": 18.0009 }, "geometry": { "type": "Point", "coordinates": [ 98.308958038430418, 18.000903394801519 ] } },
{ "type": "Feature", "properties": { "Id": 0, "x": 98.3086, "y": 17.9988 }, "geometry": { "type": "Point", "coordinates": [ 98.308622128428823, 17.998845386761118 ] } },
{ "type": "Feature", "properties": { "Id": 0, "x": 98.3116, "y": 18.0073 }, "geometry": { "type": "Point", "coordinates": [ 98.311641708235939, 18.007289058339339 ] } },
{ "type": "Feature", "properties": { "Id": 0, "x": 98.3142, "y": 18.0066 }, "geometry": { "type": "Point", "coordinates": [ 98.314245446183335, 18.00659897853669 ] } },
{ "type": "Feature", "properties": { "Id": 0, "x": 98.3144, "y": 18.005 }, "geometry": { "type": "Point", "coordinates": [ 98.314445192018468, 18.004974805275413 ] } },
{ "type": "Feature", "properties": { "Id": 0, "x": 98.3171, "y": 18.0039 }, "geometry": { "type": "Point", "coordinates": [ 98.31713637391816, 18.003894200274768 ] } },
{ "type": "Feature", "properties": { "Id": 0, "x": 98.319, "y": 18.0009 }, "geometry": { "type": "Point", "coordinates": [ 98.318953705186786, 18.000856514640454 ] } },
{ "type": "Feature", "properties": { "Id": 0, "x": 98.3178, "y": 17.9996 }, "geometry": { "type": "Point", "coordinates": [ 98.317819353185385, 17.999577300143763 ] } },
{ "type": "Feature", "properties": { "Id": 0, "x": 98.3161, "y": 17.9994 }, "geometry": { "type": "Point", "coordinates": [ 98.316078953274527, 17.999386051956556 ] } },
{ "type": "Feature", "properties": { "Id": 0, "x": 98.3155, "y": 18.001 }, "geometry": { "type": "Point", "coordinates": [ 98.315449322580349, 18.001008710126246 ] } },
{ "type": "Feature", "properties": { "Id": 0, "x": 98.3212, "y": 18.0003 }, "geometry": { "type": "Point", "coordinates": [ 98.321169934953872, 18.000288384026298 ] } },
{ "type": "Feature", "properties": { "Id": 0, "x": 98.3203, "y": 17.9992 }, "geometry": { "type": "Point", "coordinates": [ 98.320314298079452, 17.999195273148811 ] } },
{ "type": "Feature", "properties": { "Id": 0, "x": 98.3204, "y": 17.9977 }, "geometry": { "type": "Point", "coordinates": [ 98.320406108844679, 17.997673552713483 ] } },
{ "type": "Feature", "properties": { "Id": 0, "x": 98.3199, "y": 17.9967 }, "geometry": { "type": "Point", "coordinates": [ 98.31987243897963, 17.99670497776015 ] } },
{ "type": "Feature", "properties": { "Id": 0, "x": 98.3177, "y": 17.9939 }, "geometry": { "type": "Point", "coordinates": [ 98.317712210261774, 17.993900117519608 ] } },
{ "type": "Feature", "properties": { "Id": 0, "x": 98.3199, "y": 17.9938 }, "geometry": { "type": "Point", "coordinates": [ 98.319926464197252, 17.993825626882099 ] } },
{ "type": "Feature", "properties": { "Id": 0, "x": 98.3236, "y": 17.9948 }, "geometry": { "type": "Point", "coordinates": [ 98.323555515975414, 17.994763893608397 ] } },
{ "type": "Feature", "properties": { "Id": 0, "x": 98.3243, "y": 17.9962 }, "geometry": { "type": "Point", "coordinates": [ 98.324323763997938, 17.996226912845692 ] } },
{ "type": "Feature", "properties": { "Id": 0, "x": 98.3242, "y": 17.9974 }, "geometry": { "type": "Point", "coordinates": [ 98.324147418026257, 17.997378114767837 ] } },
{ "type": "Feature", "properties": { "Id": 0, "x": 98.3232, "y": 17.9982 }, "geometry": { "type": "Point", "coordinates": [ 98.323241490290528, 17.998197679259366 ] } },
{ "type": "Feature", "properties": { "Id": 0, "x": 98.3256, "y": 17.9995 }, "geometry": { "type": "Point", "coordinates": [ 98.32560110351146, 17.999481131391146 ] } },
{ "type": "Feature", "properties": { "Id": 0, "x": 98.327, "y": 17.9996 }, "geometry": { "type": "Point", "coordinates": [ 98.327040739763802, 17.999630113717444 ] } },
{ "type": "Feature", "properties": { "Id": 0, "x": 98.3275, "y": 18.0023 }, "geometry": { "type": "Point", "coordinates": [ 98.327524917296785, 18.002326223697025 ] } },
{ "type": "Feature", "properties": { "Id": 0, "x": 98.3282, "y": 18.0036 }, "geometry": { "type": "Point", "coordinates": [ 98.328186295509312, 18.00364488033933 ] } },
{ "type": "Feature", "properties": { "Id": 0, "x": 98.3287, "y": 18.0049 }, "geometry": { "type": "Point", "coordinates": [ 98.32865460916058, 18.004860025073246 ] } },
{ "type": "Feature", "properties": { "Id": 0, "x": 98.3293, "y": 18.0054 }, "geometry": { "type": "Point", "coordinates": [ 98.329318882692093, 18.005417666276497 ] } },
{ "type": "Feature", "properties": { "Id": 0, "x": 98.3303, "y": 18.0054 }, "geometry": { "type": "Point", "coordinates": [ 98.33030793142899, 18.00535938357265 ] } },
{ "type": "Feature", "properties": { "Id": 0, "x": 98.3271, "y": 18.0098 }, "geometry": { "type": "Point", "coordinates": [ 98.327088327562379, 18.009749809404575 ] } },
{ "type": "Feature", "properties": { "Id": 0, "x": 98.3242, "y": 18.0073 }, "geometry": { "type": "Point", "coordinates": [ 98.324216968039195, 18.007333340105852 ] } },
{ "type": "Feature", "properties": { "Id": 0, "x": 98.3237, "y": 18.0065 }, "geometry": { "type": "Point", "coordinates": [ 98.323725771387558, 18.006488332220403 ] } },
{ "type": "Feature", "properties": { "Id": 0, "x": 98.3238, "y": 18.0053 }, "geometry": { "type": "Point", "coordinates": [ 98.323773155539484, 18.00533668195731 ] } },
{ "type": "Feature", "properties": { "Id": 0, "x": 98.3247, "y": 18.0103 }, "geometry": { "type": "Point", "coordinates": [ 98.324700022420799, 18.010317404309223 ] } },
{ "type": "Feature", "properties": { "Id": 0, "x": 98.3218, "y": 18.0119 }, "geometry": { "type": "Point", "coordinates": [ 98.321834922090332, 18.011891138064328 ] } },
{ "type": "Feature", "properties": { "Id": 0, "x": 98.3178, "y": 18.0109 }, "geometry": { "type": "Point", "coordinates": [ 98.317754183722897, 18.010930671726697 ] } },
{ "type": "Feature", "properties": { "Id": 0, "x": 98.3162, "y": 18.0109 }, "geometry": { "type": "Point", "coordinates": [ 98.316206348845924, 18.010945780842931 ] } },
{ "type": "Feature", "properties": { "Id": 0, "x": 98.3163, "y": 18.0142 }, "geometry": { "type": "Point", "coordinates": [ 98.31627996023478, 18.014154663936448 ] } },
{ "type": "Feature", "properties": { "Id": 0, "x": 98.3154, "y": 18.0155 }, "geometry": { "type": "Point", "coordinates": [ 98.315393340499554, 18.01550902515001 ] } },
{ "type": "Feature", "properties": { "Id": 0, "x": 98.3126, "y": 18.0175 }, "geometry": { "type": "Point", "coordinates": [ 98.312569476018993, 18.017494123262377 ] } },
{ "type": "Feature", "properties": { "Id": 0, "x": 98.3122, "y": 18.0167 }, "geometry": { "type": "Point", "coordinates": [ 98.312228630894055, 18.016690757831562 ] } },
{ "type": "Feature", "properties": { "Id": 0, "x": 98.3088, "y": 18.0181 }, "geometry": { "type": "Point", "coordinates": [ 98.308826607000896, 18.018077270852292 ] } },
{ "type": "Feature", "properties": { "Id": 0, "x": 98.3083, "y": 18.018 }, "geometry": { "type": "Point", "coordinates": [ 98.308267914578366, 18.018013571239411 ] } },
{ "type": "Feature", "properties": { "Id": 0, "x": 98.327, "y": 18.0161 }, "geometry": { "type": "Point", "coordinates": [ 98.326956793492869, 18.016084337499223 ] } },
{ "type": "Feature", "properties": { "Id": 0, "x": 98.3273, "y": 18.0176 }, "geometry": { "type": "Point", "coordinates": [ 98.327273319151516, 18.017648615152172 ] } },
{ "type": "Feature", "properties": { "Id": 0, "x": 98.3283, "y": 18.0183 }, "geometry": { "type": "Point", "coordinates": [ 98.328345776033615, 18.018289950734069 ] } },
{ "type": "Feature", "properties": { "Id": 0, "x": 98.3331, "y": 18.0211 }, "geometry": { "type": "Point", "coordinates": [ 98.333064788479135, 18.021082964221655 ] } },
{ "type": "Feature", "properties": { "Id": 0, "x": 98.3335, "y": 18.0198 }, "geometry": { "type": "Point", "coordinates": [ 98.333499388656776, 18.019850372724829 ] } },
{ "type": "Feature", "properties": { "Id": 0, "x": 98.3337, "y": 18.0184 }, "geometry": { "type": "Point", "coordinates": [ 98.33365528695262, 18.01841113937903 ] } },
{ "type": "Feature", "properties": { "Id": 0, "x": 98.3359, "y": 18.0179 }, "geometry": { "type": "Point", "coordinates": [ 98.335849814220239, 18.017945612931097 ] } },
{ "type": "Feature", "properties": { "Id": 0, "x": 98.3367, "y": 18.0198 }, "geometry": { "type": "Point", "coordinates": [ 98.336681289301907, 18.019799597457027 ] } },
{ "type": "Feature", "properties": { "Id": 0, "x": 98.3348, "y": 18.018 }, "geometry": { "type": "Point", "coordinates": [ 98.334817778034918, 18.017983206016677 ] } },
{ "type": "Feature", "properties": { "Id": 0, "x": 98.3374, "y": 18.0179 }, "geometry": { "type": "Point", "coordinates": [ 98.337397714239742, 18.017930348750433 ] } },
{ "type": "Feature", "properties": { "Id": 0, "x": 98.3392, "y": 18.0186 }, "geometry": { "type": "Point", "coordinates": [ 98.339243972694604, 18.01861540830053 ] } },
{ "type": "Feature", "properties": { "Id": 0, "x": 98.3404, "y": 18.0179 }, "geometry": { "type": "Point", "coordinates": [ 98.34040737147491, 18.017940626097449 ] } },
{ "type": "Feature", "properties": { "Id": 0, "x": 98.334, "y": 18.0128 }, "geometry": { "type": "Point", "coordinates": [ 98.3340204243747, 18.012776722146764 ] } },
{ "type": "Feature", "properties": { "Id": 0, "x": 98.3351, "y": 18.0133 }, "geometry": { "type": "Point", "coordinates": [ 98.33511491517578, 18.013274119051417 ] } },
{ "type": "Feature", "properties": { "Id": 0, "x": 98.3321, "y": 18.0158 }, "geometry": { "type": "Point", "coordinates": [ 98.332117382508443, 18.015773117600059 ] } },
{ "type": "Feature", "properties": { "Id": 0, "x": 98.3334, "y": 18.015 }, "geometry": { "type": "Point", "coordinates": [ 98.333410312416078, 18.014954847202223 ] } },
{ "type": "Feature", "properties": { "Id": 0, "x": 98.3362, "y": 18.011 }, "geometry": { "type": "Point", "coordinates": [ 98.336176661793516, 18.011035831579186 ] } },
{ "type": "Feature", "properties": { "Id": 0, "x": 98.338, "y": 18.0126 }, "geometry": { "type": "Point", "coordinates": [ 98.338019541685981, 18.012605320910396 ] } },
{ "type": "Feature", "properties": { "Id": 0, "x": 98.3392, "y": 18.0136 }, "geometry": { "type": "Point", "coordinates": [ 98.339155273826918, 18.013575904267984 ] } },
{ "type": "Feature", "properties": { "Id": 0, "x": 98.3414, "y": 18.0122 }, "geometry": { "type": "Point", "coordinates": [ 98.341374740695088, 18.012164261477274 ] } },
{ "type": "Feature", "properties": { "Id": 0, "x": 98.3432, "y": 18.0124 }, "geometry": { "type": "Point", "coordinates": [ 98.343179791654336, 18.012355505894387 ] } },
{ "type": "Feature", "properties": { "Id": 0, "x": 98.3446, "y": 18.0114 }, "geometry": { "type": "Point", "coordinates": [ 98.344623733500725, 18.011373124662882 ] } },
{ "type": "Feature", "properties": { "Id": 0, "x": 98.3473, "y": 18.01 }, "geometry": { "type": "Point", "coordinates": [ 98.347316056475862, 18.009963010936072 ] } },
{ "type": "Feature", "properties": { "Id": 0, "x": 98.3457, "y": 18.0087 }, "geometry": { "type": "Point", "coordinates": [ 98.345729936487103, 18.008702998669328 ] } },
{ "type": "Feature", "properties": { "Id": 0, "x": 98.345, "y": 18.0078 }, "geometry": { "type": "Point", "coordinates": [ 98.345023896153336, 18.007795611358528 ] } },
{ "type": "Feature", "properties": { "Id": 0, "x": 98.3441, "y": 18.0087 }, "geometry": { "type": "Point", "coordinates": [ 98.344139274679677, 18.008677050640294 ] } },
{ "type": "Feature", "properties": { "Id": 0, "x": 98.3426, "y": 18.0088 }, "geometry": { "type": "Point", "coordinates": [ 98.342569423895213, 18.008836273957158 ] } },
{ "type": "Feature", "properties": { "Id": 0, "x": 98.3417, "y": 18.008 }, "geometry": { "type": "Point", "coordinates": [ 98.34166955067225, 18.008031057841674 ] } },
{ "type": "Feature", "properties": { "Id": 0, "x": 98.3453, "y": 18.0053 }, "geometry": { "type": "Point", "coordinates": [ 98.345312384732324, 18.005348969797971 ] } },
{ "type": "Feature", "properties": { "Id": 0, "x": 98.3457, "y": 18.0043 }, "geometry": { "type": "Point", "coordinates": [ 98.345681839399006, 18.004260102727692 ] } },
{ "type": "Feature", "properties": { "Id": 0, "x": 98.3445, "y": 18.0031 }, "geometry": { "type": "Point", "coordinates": [ 98.344546964116745, 18.003063309970404 ] } },
{ "type": "Feature", "properties": { "Id": 0, "x": 98.3434, "y": 18.003 }, "geometry": { "type": "Point", "coordinates": [ 98.343407916702844, 18.002997748344907 ] } },
{ "type": "Feature", "properties": { "Id": 0, "x": 98.3418, "y": 18.0026 }, "geometry": { "type": "Point", "coordinates": [ 98.341797261442892, 18.002580918893113 ] } },
{ "type": "Feature", "properties": { "Id": 0, "x": 98.3517, "y": 18.0067 }, "geometry": { "type": "Point", "coordinates": [ 98.351670333428444, 18.006707288063826 ] } },
{ "type": "Feature", "properties": { "Id": 0, "x": 98.3533, "y": 18.0054 }, "geometry": { "type": "Point", "coordinates": [ 98.353330419646269, 18.005375901921973 ] } },
{ "type": "Feature", "properties": { "Id": 0, "x": 98.3534, "y": 18.004 }, "geometry": { "type": "Point", "coordinates": [ 98.353357015154373, 18.003977350401026 ] } },
{ "type": "Feature", "properties": { "Id": 0, "x": 98.3569, "y": 18.0058 }, "geometry": { "type": "Point", "coordinates": [ 98.356897355012578, 18.005778573138592 ] } },
{ "type": "Feature", "properties": { "Id": 0, "x": 98.3587, "y": 18.0054 }, "geometry": { "type": "Point", "coordinates": [ 98.358683023761728, 18.005373128038634 ] } },
{ "type": "Feature", "properties": { "Id": 0, "x": 98.3558, "y": 18.006 }, "geometry": { "type": "Point", "coordinates": [ 98.355757237044955, 18.006001035404868 ] } },
{ "type": "Feature", "properties": { "Id": 0, "x": 98.355, "y": 18.0083 }, "geometry": { "type": "Point", "coordinates": [ 98.35503933530353, 18.008343425828937 ] } },
{ "type": "Feature", "properties": { "Id": 0, "x": 98.3539, "y": 18.0097 }, "geometry": { "type": "Point", "coordinates": [ 98.353894926721281, 18.0097382514837 ] } },
{ "type": "Feature", "properties": { "Id": 0, "x": 98.3546, "y": 18.0115 }, "geometry": { "type": "Point", "coordinates": [ 98.354576304483928, 18.01152995950336 ] } },
{ "type": "Feature", "properties": { "Id": 0, "x": 98.357, "y": 18.0112 }, "geometry": { "type": "Point", "coordinates": [ 98.357028213267341, 18.01118845565907 ] } },
{ "type": "Feature", "properties": { "Id": 0, "x": 98.3588, "y": 18.0086 }, "geometry": { "type": "Point", "coordinates": [ 98.358843466199161, 18.008561738343595 ] } },
{ "type": "Feature", "properties": { "Id": 0, "x": 98.3621, "y": 18.0108 }, "geometry": { "type": "Point", "coordinates": [ 98.362059876009013, 18.010814298987011 ] } },
{ "type": "Feature", "properties": { "Id": 0, "x": 98.3625, "y": 18.0121 }, "geometry": { "type": "Point", "coordinates": [ 98.362506797030647, 18.012070434234495 ] } },
{ "type": "Feature", "properties": { "Id": 0, "x": 98.3642, "y": 18.0124 }, "geometry": { "type": "Point", "coordinates": [ 98.364160733918112, 18.012446100481888 ] } },
{ "type": "Feature", "properties": { "Id": 0, "x": 98.3618, "y": 18.0087 }, "geometry": { "type": "Point", "coordinates": [ 98.361809688096415, 18.00865380772769 ] } },
{ "type": "Feature", "properties": { "Id": 0, "x": 98.3615, "y": 18.0083 }, "geometry": { "type": "Point", "coordinates": [ 98.361466928802756, 18.008323585902378 ] } },
{ "type": "Feature", "properties": { "Id": 0, "x": 98.3623, "y": 18.0066 }, "geometry": { "type": "Point", "coordinates": [ 98.362332853147123, 18.006639841079068 ] } },
{ "type": "Feature", "properties": { "Id": 0, "x": 98.363, "y": 18.0057 }, "geometry": { "type": "Point", "coordinates": [ 98.363024206436108, 18.005675407151092 ] } },
{ "type": "Feature", "properties": { "Id": 0, "x": 98.3619, "y": 18.0059 }, "geometry": { "type": "Point", "coordinates": [ 98.361883947566966, 18.005939041788331 ] } },
{ "type": "Feature", "properties": { "Id": 0, "x": 98.3613, "y": 18.0041 }, "geometry": { "type": "Point", "coordinates": [ 98.361288498516046, 18.004147640305153 ] } },
{ "type": "Feature", "properties": { "Id": 0, "x": 98.3601, "y": 18.0034 }, "geometry": { "type": "Point", "coordinates": [ 98.360130535636571, 18.003362225048534 ] } },
{ "type": "Feature", "properties": { "Id": 0, "x": 98.3609, "y": 18.0029 }, "geometry": { "type": "Point", "coordinates": [ 98.360949083376141, 18.002891856676104 ] } },
{ "type": "Feature", "properties": { "Id": 0, "x": 98.3643, "y": 18.0025 }, "geometry": { "type": "Point", "coordinates": [ 98.364325550299384, 18.002450462451026 ] } },
{ "type": "Feature", "properties": { "Id": 0, "x": 98.3623, "y": 18.0002 }, "geometry": { "type": "Point", "coordinates": [ 98.362334575858384, 18.000181409405744 ] } },
{ "type": "Feature", "properties": { "Id": 0, "x": 98.3644, "y": 17.999 }, "geometry": { "type": "Point", "coordinates": [ 98.364423913550212, 17.998995313410301 ] } },
{ "type": "Feature", "properties": { "Id": 0, "x": 98.3702, "y": 17.9998 }, "geometry": { "type": "Point", "coordinates": [ 98.370246459602697, 17.999775351037947 ] } },
{ "type": "Feature", "properties": { "Id": 0, "x": 98.3716, "y": 17.9989 }, "geometry": { "type": "Point", "coordinates": [ 98.371560671417086, 17.998936317112985 ] } },
{ "type": "Feature", "properties": { "Id": 0, "x": 98.3732, "y": 18.0 }, "geometry": { "type": "Point", "coordinates": [ 98.373233678738302, 17.999970151433342 ] } },
{ "type": "Feature", "properties": { "Id": 0, "x": 98.3738, "y": 17.9991 }, "geometry": { "type": "Point", "coordinates": [ 98.373774188613211, 17.99908746141972 ] } },
{ "type": "Feature", "properties": { "Id": 0, "x": 98.3687, "y": 18.003 }, "geometry": { "type": "Point", "coordinates": [ 98.368708861980551, 18.00297900196367 ] } },
{ "type": "Feature", "properties": { "Id": 0, "x": 98.3664, "y": 18.0066 }, "geometry": { "type": "Point", "coordinates": [ 98.3664387918096, 18.006612177638317 ] } },
{ "type": "Feature", "properties": { "Id": 0, "x": 98.3667, "y": 17.998 }, "geometry": { "type": "Point", "coordinates": [ 98.366684378064704, 17.998036004567911 ] } },
{ "type": "Feature", "properties": { "Id": 0, "x": 98.3662, "y": 17.9971 }, "geometry": { "type": "Point", "coordinates": [ 98.366193293391305, 17.997108825660103 ] } },
{ "type": "Feature", "properties": { "Id": 0, "x": 98.3626, "y": 17.9957 }, "geometry": { "type": "Point", "coordinates": [ 98.362630198638499, 17.995677927810334 ] } },
{ "type": "Feature", "properties": { "Id": 0, "x": 98.3621, "y": 17.9967 }, "geometry": { "type": "Point", "coordinates": [ 98.362110548873687, 17.996725200732691 ] } },
{ "type": "Feature", "properties": { "Id": 0, "x": 98.3611, "y": 17.9973 }, "geometry": { "type": "Point", "coordinates": [ 98.361141122794848, 17.997318487548029 ] } },
{ "type": "Feature", "properties": { "Id": 0, "x": 98.3591, "y": 17.9978 }, "geometry": { "type": "Point", "coordinates": [ 98.359118722065091, 17.997826016686918 ] } },
{ "type": "Feature", "properties": { "Id": 0, "x": 98.3584, "y": 18.0005 }, "geometry": { "type": "Point", "coordinates": [ 98.358356719869136, 18.000497369922662 ] } },
{ "type": "Feature", "properties": { "Id": 0, "x": 98.3575, "y": 17.9993 }, "geometry": { "type": "Point", "coordinates": [ 98.357522789364779, 17.999281079003215 ] } },
{ "type": "Feature", "properties": { "Id": 0, "x": 98.3569, "y": 17.9998 }, "geometry": { "type": "Point", "coordinates": [ 98.356875915177213, 17.999834276199607 ] } },
{ "type": "Feature", "properties": { "Id": 0, "x": 98.3553, "y": 18.0003 }, "geometry": { "type": "Point", "coordinates": [ 98.355283683613379, 18.000260918314403 ] } },
{ "type": "Feature", "properties": { "Id": 0, "x": 98.3553, "y": 18.0011 }, "geometry": { "type": "Point", "coordinates": [ 98.35530211443826, 18.00110427807374 ] } },
{ "type": "Feature", "properties": { "Id": 0, "x": 98.3531, "y": 17.9995 }, "geometry": { "type": "Point", "coordinates": [ 98.353051079505462, 17.999451315098227 ] } },
{ "type": "Feature", "properties": { "Id": 0, "x": 98.3539, "y": 17.999 }, "geometry": { "type": "Point", "coordinates": [ 98.353869476766022, 17.999022112477878 ] } },
{ "type": "Feature", "properties": { "Id": 0, "x": 98.3521, "y": 18.0017 }, "geometry": { "type": "Point", "coordinates": [ 98.352053953796528, 18.001731058469645 ] } },
{ "type": "Feature", "properties": { "Id": 0, "x": 98.3502, "y": 18.0026 }, "geometry": { "type": "Point", "coordinates": [ 98.350223735376403, 18.002568226732201 ] } },
{ "type": "Feature", "properties": { "Id": 0, "x": 98.355, "y": 17.9976 }, "geometry": { "type": "Point", "coordinates": [ 98.355013738708365, 17.997647851265437 ] } },
{ "type": "Feature", "properties": { "Id": 0, "x": 98.3563, "y": 17.9956 }, "geometry": { "type": "Point", "coordinates": [ 98.356289564225264, 17.995554130264942 ] } },
{ "type": "Feature", "properties": { "Id": 0, "x": 98.3592, "y": 17.9949 }, "geometry": { "type": "Point", "coordinates": [ 98.359215101486967, 17.994946776719935 ] } },
{ "type": "Feature", "properties": { "Id": 0, "x": 98.3579, "y": 17.9927 }, "geometry": { "type": "Point", "coordinates": [ 98.357869112230631, 17.992679811414849 ] } },
{ "type": "Feature", "properties": { "Id": 0, "x": 98.3587, "y": 17.9918 }, "geometry": { "type": "Point", "coordinates": [ 98.3587105961861, 17.991798161070289 ] } },
{ "type": "Feature", "properties": { "Id": 0, "x": 98.3605, "y": 17.9928 }, "geometry": { "type": "Point", "coordinates": [ 98.360469659716884, 17.992770682210558 ] } },
{ "type": "Feature", "properties": { "Id": 0, "x": 98.3649, "y": 17.9941 }, "geometry": { "type": "Point", "coordinates": [ 98.364914479502943, 17.994060531131176 ] } },
{ "type": "Feature", "properties": { "Id": 0, "x": 98.3682, "y": 17.9892 }, "geometry": { "type": "Point", "coordinates": [ 98.368177396683194, 17.989237641045666 ] } },
{ "type": "Feature", "properties": { "Id": 0, "x": 98.3691, "y": 17.9915 }, "geometry": { "type": "Point", "coordinates": [ 98.369136741064096, 17.991462143931507 ] } },
{ "type": "Feature", "properties": { "Id": 0, "x": 98.3708, "y": 17.9896 }, "geometry": { "type": "Point", "coordinates": [ 98.370798596085123, 17.989554690935101 ] } },
{ "type": "Feature", "properties": { "Id": 0, "x": 98.3559, "y": 17.9898 }, "geometry": { "type": "Point", "coordinates": [ 98.355902061209719, 17.989793726316933 ] } },
{ "type": "Feature", "properties": { "Id": 0, "x": 98.3547, "y": 17.9905 }, "geometry": { "type": "Point", "coordinates": [ 98.354674348857529, 17.990488964704671 ] } },
{ "type": "Feature", "properties": { "Id": 0, "x": 98.3584, "y": 17.9862 }, "geometry": { "type": "Point", "coordinates": [ 98.358365559991128, 17.986161308074784 ] } },
{ "type": "Feature", "properties": { "Id": 0, "x": 98.358, "y": 17.984 }, "geometry": { "type": "Point", "coordinates": [ 98.358007899697625, 17.984021021389854 ] } },
{ "type": "Feature", "properties": { "Id": 0, "x": 98.3578, "y": 17.9828 }, "geometry": { "type": "Point", "coordinates": [ 98.357818995157913, 17.982765729654961 ] } },
{ "type": "Feature", "properties": { "Id": 0, "x": 98.3572, "y": 17.9815 }, "geometry": { "type": "Point", "coordinates": [ 98.357243289503657, 17.98148858778109 ] } },
{ "type": "Feature", "properties": { "Id": 0, "x": 98.3595, "y": 17.9821 }, "geometry": { "type": "Point", "coordinates": [ 98.359476507303825, 17.982071888971372 ] } },
{ "type": "Feature", "properties": { "Id": 0, "x": 98.3605, "y": 17.9815 }, "geometry": { "type": "Point", "coordinates": [ 98.360510259266917, 17.981499387803431 ] } },
{ "type": "Feature", "properties": { "Id": 0, "x": 98.3626, "y": 17.9847 }, "geometry": { "type": "Point", "coordinates": [ 98.362605227456683, 17.98467380497938 ] } },
{ "type": "Feature", "properties": { "Id": 0, "x": 98.3606, "y": 17.9844 }, "geometry": { "type": "Point", "coordinates": [ 98.360585864262077, 17.98437920034117 ] } },
{ "type": "Feature", "properties": { "Id": 0, "x": 98.3653, "y": 17.9856 }, "geometry": { "type": "Point", "coordinates": [ 98.365309969274108, 17.98564938789109 ] } },
{ "type": "Feature", "properties": { "Id": 0, "x": 98.3659, "y": 17.988 }, "geometry": { "type": "Point", "coordinates": [ 98.36586028516686, 17.988037113339217 ] } },
{ "type": "Feature", "properties": { "Id": 0, "x": 98.3706, "y": 17.987 }, "geometry": { "type": "Point", "coordinates": [ 98.37061418986643, 17.987003619386961 ] } },
{ "type": "Feature", "properties": { "Id": 0, "x": 98.3853, "y": 17.9085 }, "geometry": { "type": "Point", "coordinates": [ 98.38528829550053, 17.90845348237179 ] } },
{ "type": "Feature", "properties": { "Id": 0, "x": 98.3771, "y": 17.9193 }, "geometry": { "type": "Point", "coordinates": [ 98.377091030966582, 17.919307569467733 ] } },
{ "type": "Feature", "properties": { "Id": 0, "x": 98.3715, "y": 17.9282 }, "geometry": { "type": "Point", "coordinates": [ 98.371522579603194, 17.928216944426474 ] } },
{ "type": "Feature", "properties": { "Id": 0, "x": 98.3706, "y": 17.9334 }, "geometry": { "type": "Point", "coordinates": [ 98.37063004416251, 17.933375140511497 ] } },
{ "type": "Feature", "properties": { "Id": 0, "x": 98.3922, "y": 17.9301 }, "geometry": { "type": "Point", "coordinates": [ 98.392208245055684, 17.930096066435425 ] } },
{ "type": "Feature", "properties": { "Id": 0, "x": 98.3983, "y": 17.9333 }, "geometry": { "type": "Point", "coordinates": [ 98.398317612783217, 17.933323323670226 ] } },
{ "type": "Feature", "properties": { "Id": 0, "x": 98.401, "y": 17.9284 }, "geometry": { "type": "Point", "coordinates": [ 98.40095702469381, 17.928449347223733 ] } },
{ "type": "Feature", "properties": { "Id": 0, "x": 98.4265, "y": 17.9309 }, "geometry": { "type": "Point", "coordinates": [ 98.426450095732264, 17.930897547393119 ] } },
{ "type": "Feature", "properties": { "Id": 0, "x": 98.4296, "y": 17.934 }, "geometry": { "type": "Point", "coordinates": [ 98.429646124158197, 17.933975728564036 ] } },
{ "type": "Feature", "properties": { "Id": 0, "x": 98.4361, "y": 17.935 }, "geometry": { "type": "Point", "coordinates": [ 98.43605485787883, 17.934970857471434 ] } },
{ "type": "Feature", "properties": { "Id": 0, "x": 98.4731, "y": 17.9589 }, "geometry": { "type": "Point", "coordinates": [ 98.473144046579378, 17.958927812398716 ] } },
{ "type": "Feature", "properties": { "Id": 0, "x": 98.4625, "y": 17.9649 }, "geometry": { "type": "Point", "coordinates": [ 98.462486561057261, 17.964896675647307 ] } },
{ "type": "Feature", "properties": { "Id": 0, "x": 98.4518, "y": 17.9704 }, "geometry": { "type": "Point", "coordinates": [ 98.451829661762744, 17.970446465201857 ] } },
{ "type": "Feature", "properties": { "Id": 0, "x": 98.446, "y": 17.9748 }, "geometry": { "type": "Point", "coordinates": [ 98.445986037671361, 17.974754049194384 ] } },
{ "type": "Feature", "properties": { "Id": 0, "x": 98.4473, "y": 17.9619 }, "geometry": { "type": "Point", "coordinates": [ 98.44733775468822, 17.961924845718915 ] } },
{ "type": "Feature", "properties": { "Id": 0, "x": 98.4446, "y": 17.9563 }, "geometry": { "type": "Point", "coordinates": [ 98.444585996818233, 17.956337398072108 ] } },
{ "type": "Feature", "properties": { "Id": 0, "x": 98.483, "y": 17.9838 }, "geometry": { "type": "Point", "coordinates": [ 98.482982465023994, 17.983783550069571 ] } },
{ "type": "Feature", "properties": { "Id": 0, "x": 98.4943, "y": 17.9884 }, "geometry": { "type": "Point", "coordinates": [ 98.494339062635007, 17.988416678420069 ] } },
{ "type": "Feature", "properties": { "Id": 0, "x": 98.5542, "y": 18.3209 }, "geometry": { "type": "Point", "coordinates": [ 98.554183009271526, 18.320878496670321 ] } },
{ "type": "Feature", "properties": { "Id": 0, "x": 98.5585, "y": 18.3394 }, "geometry": { "type": "Point", "coordinates": [ 98.558471759821444, 18.339414014664928 ] } },
{ "type": "Feature", "properties": { "Id": 0, "x": 98.5514, "y": 18.3285 }, "geometry": { "type": "Point", "coordinates": [ 98.551424975914699, 18.328500198972431 ] } },
{ "type": "Feature", "properties": { "Id": 0, "x": 98.5973, "y": 18.3147 }, "geometry": { "type": "Point", "coordinates": [ 98.597327149747116, 18.314653891395828 ] } },
{ "type": "Feature", "properties": { "Id": 0, "x": 98.6119, "y": 18.3232 }, "geometry": { "type": "Point", "coordinates": [ 98.611912437666817, 18.323184112905029 ] } },
{ "type": "Feature", "properties": { "Id": 0, "x": 98.6256, "y": 18.326 }, "geometry": { "type": "Point", "coordinates": [ 98.625598506289805, 18.32604479584613 ] } },
{ "type": "Feature", "properties": { "Id": 0, "x": 98.6416, "y": 18.3337 }, "geometry": { "type": "Point", "coordinates": [ 98.641557272310962, 18.333703673292213 ] } },
{ "type": "Feature", "properties": { "Id": 0, "x": 98.6523, "y": 18.3453 }, "geometry": { "type": "Point", "coordinates": [ 98.652260384035586, 18.345274805171332 ] } },
{ "type": "Feature", "properties": { "Id": 0, "x": 98.6602, "y": 18.3577 }, "geometry": { "type": "Point", "coordinates": [ 98.660224236904568, 18.357712274385218 ] } },
{ "type": "Feature", "properties": { "Id": 0, "x": 98.6657, "y": 18.3752 }, "geometry": { "type": "Point", "coordinates": [ 98.66566864273959, 18.375157828125253 ] } },
{ "type": "Feature", "properties": { "Id": 0, "x": 98.6759, "y": 18.3822 }, "geometry": { "type": "Point", "coordinates": [ 98.675856538276008, 18.382206306336052 ] } },
{ "type": "Feature", "properties": { "Id": 0, "x": 98.677, "y": 18.3786 }, "geometry": { "type": "Point", "coordinates": [ 98.676985237237844, 18.378637350726674 ] } },
{ "type": "Feature", "properties": { "Id": 0, "x": 98.6779, "y": 18.364 }, "geometry": { "type": "Point", "coordinates": [ 98.677853931360715, 18.363998221329293 ] } },
{ "type": "Feature", "properties": { "Id": 0, "x": 98.6761, "y": 18.3558 }, "geometry": { "type": "Point", "coordinates": [ 98.67609285519184, 18.355782205371202 ] } },
{ "type": "Feature", "properties": { "Id": 0, "x": 98.672, "y": 18.3581 }, "geometry": { "type": "Point", "coordinates": [ 98.671974916342037, 18.358096233794942 ] } },
{ "type": "Feature", "properties": { "Id": 0, "x": 98.6716, "y": 18.3673 }, "geometry": { "type": "Point", "coordinates": [ 98.671583563050845, 18.367290575285946 ] } },
{ "type": "Feature", "properties": { "Id": 0, "x": 98.6662, "y": 18.3703 }, "geometry": { "type": "Point", "coordinates": [ 98.66615495471946, 18.370316380419428 ] } },
{ "type": "Feature", "properties": { "Id": 0, "x": 98.6551, "y": 18.3762 }, "geometry": { "type": "Point", "coordinates": [ 98.655110528881949, 18.376188632713195 ] } },
{ "type": "Feature", "properties": { "Id": 0, "x": 98.6441, "y": 18.3824 }, "geometry": { "type": "Point", "coordinates": [ 98.644064630806227, 18.382417313246282 ] } },
{ "type": "Feature", "properties": { "Id": 0, "x": 98.6373, "y": 18.3871 }, "geometry": { "type": "Point", "coordinates": [ 98.63732245414019, 18.387135974270102 ] } },
{ "type": "Feature", "properties": { "Id": 0, "x": 98.6321, "y": 18.3878 }, "geometry": { "type": "Point", "coordinates": [ 98.632084769344459, 18.387750817976773 ] } },
{ "type": "Feature", "properties": { "Id": 0, "x": 98.6264, "y": 18.3896 }, "geometry": { "type": "Point", "coordinates": [ 98.626376822161319, 18.389614393534188 ] } },
{ "type": "Feature", "properties": { "Id": 0, "x": 98.6201, "y": 18.3915 }, "geometry": { "type": "Point", "coordinates": [ 98.620107703638368, 18.391476675576126 ] } },
{ "type": "Feature", "properties": { "Id": 0, "x": 98.6228, "y": 18.3976 }, "geometry": { "type": "Point", "coordinates": [ 98.622806049590167, 18.397641766712947 ] } },
{ "type": "Feature", "properties": { "Id": 0, "x": 98.6267, "y": 18.3983 }, "geometry": { "type": "Point", "coordinates": [ 98.626732206648668, 18.39827441315169 ] } },
{ "type": "Feature", "properties": { "Id": 0, "x": 98.6289, "y": 18.4018 }, "geometry": { "type": "Point", "coordinates": [ 98.62887534284971, 18.40184946078794 ] } },
{ "type": "Feature", "properties": { "Id": 0, "x": 98.6241, "y": 18.4013 }, "geometry": { "type": "Point", "coordinates": [ 98.62410727757792, 18.40130446608261 ] } },
{ "type": "Feature", "properties": { "Id": 0, "x": 98.6173, "y": 18.4014 }, "geometry": { "type": "Point", "coordinates": [ 98.617280565473962, 18.401380118059897 ] } },
{ "type": "Feature", "properties": { "Id": 0, "x": 98.6185, "y": 18.405 }, "geometry": { "type": "Point", "coordinates": [ 98.618488186502177, 18.405042664542943 ] } },
{ "type": "Feature", "properties": { "Id": 0, "x": 98.6246, "y": 18.4079 }, "geometry": { "type": "Point", "coordinates": [ 98.624560530667026, 18.407911433626818 ] } },
{ "type": "Feature", "properties": { "Id": 0, "x": 98.6303, "y": 18.4112 }, "geometry": { "type": "Point", "coordinates": [ 98.630258049334998, 18.411225638329107 ] } },
{ "type": "Feature", "properties": { "Id": 0, "x": 98.633, "y": 18.4101 }, "geometry": { "type": "Point", "coordinates": [ 98.632972571045258, 18.410070373963521 ] } },
{ "type": "Feature", "properties": { "Id": 0, "x": 98.6368, "y": 18.4145 }, "geometry": { "type": "Point", "coordinates": [ 98.636797666431036, 18.414452014746679 ] } },
{ "type": "Feature", "properties": { "Id": 0, "x": 98.6425, "y": 18.4167 }, "geometry": { "type": "Point", "coordinates": [ 98.642497851565878, 18.416694607044608 ] } },
{ "type": "Feature", "properties": { "Id": 0, "x": 98.6437, "y": 18.4213 }, "geometry": { "type": "Point", "coordinates": [ 98.643704088024705, 18.421338978557959 ] } },
{ "type": "Feature", "properties": { "Id": 0, "x": 98.648, "y": 18.4251 }, "geometry": { "type": "Point", "coordinates": [ 98.647998610976643, 18.425096378056576 ] } },
{ "type": "Feature", "properties": { "Id": 0, "x": 98.6485, "y": 18.4291 }, "geometry": { "type": "Point", "coordinates": [ 98.64845808355112, 18.429114434140562 ] } },
{ "type": "Feature", "properties": { "Id": 0, "x": 98.6526, "y": 18.433 }, "geometry": { "type": "Point", "coordinates": [ 98.652565659721034, 18.432960656658871 ] } },
{ "type": "Feature", "properties": { "Id": 0, "x": 98.6526, "y": 18.4362 }, "geometry": { "type": "Point", "coordinates": [ 98.652559202961967, 18.436174407491514 ] } },
{ "type": "Feature", "properties": { "Id": 0, "x": 98.6462, "y": 18.4396 }, "geometry": { "type": "Point", "coordinates": [ 98.646191831593072, 18.439644219212575 ] } },
{ "type": "Feature", "properties": { "Id": 0, "x": 98.6406, "y": 18.4423 }, "geometry": { "type": "Point", "coordinates": [ 98.640574171643351, 18.442311794576501 ] } },
{ "type": "Feature", "properties": { "Id": 0, "x": 98.6376, "y": 18.4458 }, "geometry": { "type": "Point", "coordinates": [ 98.637573710764229, 18.445787656071012 ] } },
{ "type": "Feature", "properties": { "Id": 0, "x": 98.6348, "y": 18.4501 }, "geometry": { "type": "Point", "coordinates": [ 98.634758510326861, 18.45006726190644 ] } },
{ "type": "Feature", "properties": { "Id": 0, "x": 98.663, "y": 18.4661 }, "geometry": { "type": "Point", "coordinates": [ 98.662976580218839, 18.466099010180077 ] } },
{ "type": "Feature", "properties": { "Id": 0, "x": 98.6684, "y": 18.4677 }, "geometry": { "type": "Point", "coordinates": [ 98.668399359093584, 18.467715452001052 ] } },
{ "type": "Feature", "properties": { "Id": 0, "x": 98.6748, "y": 18.4685 }, "geometry": { "type": "Point", "coordinates": [ 98.674759268483896, 18.468529911056443 ] } },
{ "type": "Feature", "properties": { "Id": 0, "x": 98.68, "y": 18.4669 }, "geometry": { "type": "Point", "coordinates": [ 98.680001094646101, 18.466931954086309 ] } },
{ "type": "Feature", "properties": { "Id": 0, "x": 98.6789, "y": 18.4645 }, "geometry": { "type": "Point", "coordinates": [ 98.678882978636622, 18.464519743882576 ] } },
{ "type": "Feature", "properties": { "Id": 0, "x": 98.6703, "y": 18.4752 }, "geometry": { "type": "Point", "coordinates": [ 98.670256036597351, 18.475217452597402 ] } },
{ "type": "Feature", "properties": { "Id": 0, "x": 98.6729, "y": 18.4745 }, "geometry": { "type": "Point", "coordinates": [ 98.6728769141708, 18.474507827864823 ] } },
{ "type": "Feature", "properties": { "Id": 0, "x": 98.678, "y": 18.4792 }, "geometry": { "type": "Point", "coordinates": [ 98.678013556568246, 18.479247987732769 ] } },
{ "type": "Feature", "properties": { "Id": 0, "x": 98.6776, "y": 18.483 }, "geometry": { "type": "Point", "coordinates": [ 98.677632321766794, 18.482996718536551 ] } },
{ "type": "Feature", "properties": { "Id": 0, "x": 98.6813, "y": 18.4699 }, "geometry": { "type": "Point", "coordinates": [ 98.681305354970092, 18.469880096995485 ] } },
{ "type": "Feature", "properties": { "Id": 0, "x": 98.686, "y": 18.4757 }, "geometry": { "type": "Point", "coordinates": [ 98.685972376127651, 18.475690506787231 ] } },
{ "type": "Feature", "properties": { "Id": 0, "x": 98.6918, "y": 18.4821 }, "geometry": { "type": "Point", "coordinates": [ 98.691761289399267, 18.48212752832773 ] } },
{ "type": "Feature", "properties": { "Id": 0, "x": 98.6988, "y": 18.4859 }, "geometry": { "type": "Point", "coordinates": [ 98.698771617725782, 18.485888190559795 ] } },
{ "type": "Feature", "properties": { "Id": 0, "x": 98.7061, "y": 18.4849 }, "geometry": { "type": "Point", "coordinates": [ 98.706114976257552, 18.4848525366058 ] } },
{ "type": "Feature", "properties": { "Id": 0, "x": 98.708, "y": 18.4757 }, "geometry": { "type": "Point", "coordinates": [ 98.707957819189048, 18.475701607795511 ] } },
{ "type": "Feature", "properties": { "Id": 0, "x": 98.7235, "y": 18.4816 }, "geometry": { "type": "Point", "coordinates": [ 98.723479988204701, 18.48160947661145 ] } },
{ "type": "Feature", "properties": { "Id": 0, "x": 98.7219, "y": 18.4969 }, "geometry": { "type": "Point", "coordinates": [ 98.721856476002969, 18.496863399093286 ] } },
{ "type": "Feature", "properties": { "Id": 0, "x": 98.7243, "y": 18.5119 }, "geometry": { "type": "Point", "coordinates": [ 98.724345183396608, 18.511905370540859 ] } },
{ "type": "Feature", "properties": { "Id": 0, "x": 98.7243, "y": 18.5235 }, "geometry": { "type": "Point", "coordinates": [ 98.724326681040353, 18.523456509064022 ] } },
{ "type": "Feature", "properties": { "Id": 0, "x": 98.7509, "y": 18.5017 }, "geometry": { "type": "Point", "coordinates": [ 98.750860706024909, 18.501698637062407 ] } },
{ "type": "Feature", "properties": { "Id": 0, "x": 98.7476, "y": 18.5191 }, "geometry": { "type": "Point", "coordinates": [ 98.747636976993235, 18.519130126754117 ] } },
{ "type": "Feature", "properties": { "Id": 0, "x": 98.7442, "y": 18.5287 }, "geometry": { "type": "Point", "coordinates": [ 98.744195757712035, 18.528715155738638 ] } },
{ "type": "Feature", "properties": { "Id": 0, "x": 98.7991, "y": 18.5628 }, "geometry": { "type": "Point", "coordinates": [ 98.799072778365655, 18.56279441452245 ] } },
{ "type": "Feature", "properties": { "Id": 0, "x": 98.7779, "y": 18.5847 }, "geometry": { "type": "Point", "coordinates": [ 98.77789008383121, 18.584731253687877 ] } },
{ "type": "Feature", "properties": { "Id": 0, "x": 98.7825, "y": 18.588 }, "geometry": { "type": "Point", "coordinates": [ 98.782473020338287, 18.5880396080818 ] } },
{ "type": "Feature", "properties": { "Id": 0, "x": 98.7685, "y": 18.5978 }, "geometry": { "type": "Point", "coordinates": [ 98.768510877052819, 18.597842725627874 ] } },
{ "type": "Feature", "properties": { "Id": 0, "x": 98.7624, "y": 18.6097 }, "geometry": { "type": "Point", "coordinates": [ 98.762408979740684, 18.609708079074231 ] } },
{ "type": "Feature", "properties": { "Id": 0, "x": 98.7607, "y": 18.6071 }, "geometry": { "type": "Point", "coordinates": [ 98.760727287142842, 18.607117112696688 ] } },
{ "type": "Feature", "properties": { "Id": 0, "x": 98.7562, "y": 18.6076 }, "geometry": { "type": "Point", "coordinates": [ 98.75623255834374, 18.607557699667545 ] } },
{ "type": "Feature", "properties": { "Id": 0, "x": 98.7546, "y": 18.6098 }, "geometry": { "type": "Point", "coordinates": [ 98.754637697950713, 18.609787383752419 ] } },
{ "type": "Feature", "properties": { "Id": 0, "x": 98.8105, "y": 18.6308 }, "geometry": { "type": "Point", "coordinates": [ 98.810510724864457, 18.630830432019074 ] } },
{ "type": "Feature", "properties": { "Id": 0, "x": 98.7751, "y": 18.6561 }, "geometry": { "type": "Point", "coordinates": [ 98.775081499576615, 18.656054815424913 ] } },
{ "type": "Feature", "properties": { "Id": 0, "x": 98.7667, "y": 18.6533 }, "geometry": { "type": "Point", "coordinates": [ 98.766656437015612, 18.653277177189906 ] } },
{ "type": "Feature", "properties": { "Id": 0, "x": 98.769, "y": 18.6499 }, "geometry": { "type": "Point", "coordinates": [ 98.769002332889272, 18.649887819978975 ] } },
{ "type": "Feature", "properties": { "Id": 0, "x": 98.7742, "y": 18.6526 }, "geometry": { "type": "Point", "coordinates": [ 98.774243218149479, 18.652572284960648 ] } },
{ "type": "Feature", "properties": { "Id": 0, "x": 98.7921, "y": 18.6574 }, "geometry": { "type": "Point", "coordinates": [ 98.792124882260993, 18.657413491803759 ] } },
{ "type": "Feature", "properties": { "Id": 0, "x": 98.7863, "y": 18.6622 }, "geometry": { "type": "Point", "coordinates": [ 98.786312256611424, 18.662227544902347 ] } },
{ "type": "Feature", "properties": { "Id": 0, "x": 98.7782, "y": 18.6638 }, "geometry": { "type": "Point", "coordinates": [ 98.778161983753265, 18.66382495371419 ] } },
{ "type": "Feature", "properties": { "Id": 0, "x": 98.7718, "y": 18.6644 }, "geometry": { "type": "Point", "coordinates": [ 98.771792395936572, 18.664442211740806 ] } },
{ "type": "Feature", "properties": { "Id": 0, "x": 98.7671, "y": 18.6663 }, "geometry": { "type": "Point", "coordinates": [ 98.767106916150681, 18.666311125250147 ] } },
{ "type": "Feature", "properties": { "Id": 0, "x": 98.7687, "y": 18.6788 }, "geometry": { "type": "Point", "coordinates": [ 98.768682178011517, 18.678810826638589 ] } },
{ "type": "Feature", "properties": { "Id": 0, "x": 98.7744, "y": 18.6816 }, "geometry": { "type": "Point", "coordinates": [ 98.774392162163863, 18.681585134783237 ] } },
{ "type": "Feature", "properties": { "Id": 0, "x": 98.7836, "y": 18.684 }, "geometry": { "type": "Point", "coordinates": [ 98.783568556485889, 18.684006221346234 ] } },
{ "type": "Feature", "properties": { "Id": 0, "x": 98.7882, "y": 18.6867 }, "geometry": { "type": "Point", "coordinates": [ 98.788155022312495, 18.686689544178133 ] } },
{ "type": "Feature", "properties": { "Id": 0, "x": 98.7966, "y": 18.6841 }, "geometry": { "type": "Point", "coordinates": [ 98.796588483102795, 18.684110054813747 ] } },
{ "type": "Feature", "properties": { "Id": 0, "x": 98.7995, "y": 18.6805 }, "geometry": { "type": "Point", "coordinates": [ 98.799496539574733, 18.680453125408818 ] } },
{ "type": "Feature", "properties": { "Id": 0, "x": 98.8174, "y": 18.6901 }, "geometry": { "type": "Point", "coordinates": [ 98.817376693984841, 18.690112509365953 ] } },
{ "type": "Feature", "properties": { "Id": 0, "x": 98.8523, "y": 18.7062 }, "geometry": { "type": "Point", "coordinates": [ 98.852302753026606, 18.706211815095038 ] } },
{ "type": "Feature", "properties": { "Id": 0, "x": 98.8674, "y": 18.7388 }, "geometry": { "type": "Point", "coordinates": [ 98.867360124217171, 18.738806474016265 ] } },
{ "type": "Feature", "properties": { "Id": 0, "x": 98.8661, "y": 18.7327 }, "geometry": { "type": "Point", "coordinates": [ 98.86614680744232, 18.732735286918754 ] } },
{ "type": "Feature", "properties": { "Id": 0, "x": 98.8652, "y": 18.7267 }, "geometry": { "type": "Point", "coordinates": [ 98.865214655331329, 18.726664291047836 ] } },
{ "type": "Feature", "properties": { "Id": 0, "x": 98.8673, "y": 18.7208 }, "geometry": { "type": "Point", "coordinates": [ 98.867280502689908, 18.720773973907942 ] } },
{ "type": "Feature", "properties": { "Id": 0, "x": 98.8832, "y": 18.7053 }, "geometry": { "type": "Point", "coordinates": [ 98.883218452657673, 18.705251653897339 ] } },
{ "type": "Feature", "properties": { "Id": 0, "x": 98.881, "y": 18.701 }, "geometry": { "type": "Point", "coordinates": [ 98.880973094201394, 18.700965290779337 ] } },
{ "type": "Feature", "properties": { "Id": 0, "x": 98.878, "y": 18.6976 }, "geometry": { "type": "Point", "coordinates": [ 98.877977795259767, 18.697571111619514 ] } },
{ "type": "Feature", "properties": { "Id": 0, "x": 98.8925, "y": 18.7057 }, "geometry": { "type": "Point", "coordinates": [ 98.892492632901948, 18.705703550289545 ] } },
{ "type": "Feature", "properties": { "Id": 0, "x": 98.8907, "y": 18.7111 }, "geometry": { "type": "Point", "coordinates": [ 98.890709184353256, 18.711147976207563 ] } },
{ "type": "Feature", "properties": { "Id": 0, "x": 98.8957, "y": 18.7503 }, "geometry": { "type": "Point", "coordinates": [ 98.895650420195437, 18.750340140955558 ] } },
{ "type": "Feature", "properties": { "Id": 0, "x": 99.1997, "y": 18.7594 }, "geometry": { "type": "Point", "coordinates": [ 99.199717314125436, 18.75936809099715 ] } },
{ "type": "Feature", "properties": { "Id": 0, "x": 99.214, "y": 18.7648 }, "geometry": { "type": "Point", "coordinates": [ 99.214041126891601, 18.764807568940899 ] } },
{ "type": "Feature", "properties": { "Id": 0, "x": 99.2201, "y": 18.7834 }, "geometry": { "type": "Point", "coordinates": [ 99.220052528209166, 18.783398250608325 ] } },
{ "type": "Feature", "properties": { "Id": 0, "x": 99.2214, "y": 18.7983 }, "geometry": { "type": "Point", "coordinates": [ 99.221373691606999, 18.798274789914277 ] } },
{ "type": "Feature", "properties": { "Id": 0, "x": 99.2097, "y": 18.8094 }, "geometry": { "type": "Point", "coordinates": [ 99.209670975559717, 18.809446865931477 ] } },
{ "type": "Feature", "properties": { "Id": 0, "x": 99.2003, "y": 18.8201 }, "geometry": { "type": "Point", "coordinates": [ 99.200309745940856, 18.820119772276673 ] } },
{ "type": "Feature", "properties": { "Id": 0, "x": 99.1751, "y": 18.8435 }, "geometry": { "type": "Point", "coordinates": [ 99.175074991160784, 18.843503733605047 ] } },
{ "type": "Feature", "properties": { "Id": 0, "x": 99.1949, "y": 18.8371 }, "geometry": { "type": "Point", "coordinates": [ 99.194902592987404, 18.837136082906408 ] } },
{ "type": "Feature", "properties": { "Id": 0, "x": 99.1991, "y": 18.8525 }, "geometry": { "type": "Point", "coordinates": [ 99.199087580099132, 18.852525462208426 ] } },
{ "type": "Feature", "properties": { "Id": 0, "x": 99.1958, "y": 18.8605 }, "geometry": { "type": "Point", "coordinates": [ 99.19576300675395, 18.860463927751454 ] } },
{ "type": "Feature", "properties": { "Id": 0, "x": 99.1858, "y": 18.8798 }, "geometry": { "type": "Point", "coordinates": [ 99.185782529124893, 18.879835392165472 ] } },
{ "type": "Feature", "properties": { "Id": 0, "x": 99.1874, "y": 18.8705 }, "geometry": { "type": "Point", "coordinates": [ 99.187439278468531, 18.870470514448154 ] } },
{ "type": "Feature", "properties": { "Id": 0, "x": 99.1835, "y": 18.9086 }, "geometry": { "type": "Point", "coordinates": [ 99.18347979736528, 18.908562065365935 ] } },
{ "type": "Feature", "properties": { "Id": 0, "x": 99.17, "y": 18.9238 }, "geometry": { "type": "Point", "coordinates": [ 99.169988890979013, 18.923809907125214 ] } },
{ "type": "Feature", "properties": { "Id": 0, "x": 99.159, "y": 18.9352 }, "geometry": { "type": "Point", "coordinates": [ 99.158993559472236, 18.935245893564243 ] } },
{ "type": "Feature", "properties": { "Id": 0, "x": 99.1505, "y": 18.9573 }, "geometry": { "type": "Point", "coordinates": [ 99.150508003284784, 18.957311936627836 ] } },
{ "type": "Feature", "properties": { "Id": 0, "x": 99.1325, "y": 18.9323 }, "geometry": { "type": "Point", "coordinates": [ 99.132474561693058, 18.932251461900155 ] } },
{ "type": "Feature", "properties": { "Id": 0, "x": 99.1005, "y": 18.9293 }, "geometry": { "type": "Point", "coordinates": [ 99.100453222428385, 18.929256294146985 ] } },
{ "type": "Feature", "properties": { "Id": 0, "x": 99.1205, "y": 18.9516 }, "geometry": { "type": "Point", "coordinates": [ 99.120481127879387, 18.951620770962716 ] } },
{ "type": "Feature", "properties": { "Id": 0, "x": 99.115, "y": 18.9596 }, "geometry": { "type": "Point", "coordinates": [ 99.11498257206452, 18.95955914333328 ] } },
{ "type": "Feature", "properties": { "Id": 0, "x": 99.106, "y": 18.9685 }, "geometry": { "type": "Point", "coordinates": [ 99.105981225799908, 18.968451569605268 ] } },
{ "type": "Feature", "properties": { "Id": 0, "x": 99.1367, "y": 18.981 }, "geometry": { "type": "Point", "coordinates": [ 99.136683445420942, 18.980968541059529 ] } },
{ "type": "Feature", "properties": { "Id": 0, "x": 99.1348, "y": 18.973 }, "geometry": { "type": "Point", "coordinates": [ 99.134842078261386, 18.973035033236481 ] } },
{ "type": "Feature", "properties": { "Id": 0, "x": 99.1504, "y": 18.9838 }, "geometry": { "type": "Point", "coordinates": [ 99.150364973850344, 18.983814482216566 ] } },
{ "type": "Feature", "properties": { "Id": 0, "x": 99.1942, "y": 18.9781 }, "geometry": { "type": "Point", "coordinates": [ 99.194231810062305, 18.978060577641031 ] } },
{ "type": "Feature", "properties": { "Id": 0, "x": 99.1849, "y": 18.9663 }, "geometry": { "type": "Point", "coordinates": [ 99.184877311645891, 18.966326579411263 ] } },
{ "type": "Feature", "properties": { "Id": 0, "x": 99.1709, "y": 18.9575 }, "geometry": { "type": "Point", "coordinates": [ 99.170856908469304, 18.957452994646292 ] } },
{ "type": "Feature", "properties": { "Id": 0, "x": 99.2829, "y": 18.9879 }, "geometry": { "type": "Point", "coordinates": [ 99.282878293120334, 18.987884717437886 ] } },
{ "type": "Feature", "properties": { "Id": 0, "x": 99.2698, "y": 18.977 }, "geometry": { "type": "Point", "coordinates": [ 99.269827745537341, 18.976993849501682 ] } },
{ "type": "Feature", "properties": { "Id": 0, "x": 99.2586, "y": 18.9668 }, "geometry": { "type": "Point", "coordinates": [ 99.258604420475223, 18.966843378806669 ] } },
{ "type": "Feature", "properties": { "Id": 0, "x": 99.2497, "y": 18.9584 }, "geometry": { "type": "Point", "coordinates": [ 99.249730541017897, 18.958424797153434 ] } },
{ "type": "Feature", "properties": { "Id": 0, "x": 99.2466, "y": 18.9512 }, "geometry": { "type": "Point", "coordinates": [ 99.246592602996472, 18.951238053309705 ] } },
{ "type": "Feature", "properties": { "Id": 0, "x": 99.2461, "y": 18.9393 }, "geometry": { "type": "Point", "coordinates": [ 99.246053955719091, 18.939336502436255 ] } },
{ "type": "Feature", "properties": { "Id": 0, "x": 99.2551, "y": 18.922 }, "geometry": { "type": "Point", "coordinates": [ 99.255148065730808, 18.921966728028416 ] } },
{ "type": "Feature", "properties": { "Id": 0, "x": 99.2635, "y": 18.9073 }, "geometry": { "type": "Point", "coordinates": [ 99.263462992729259, 18.907325213086821 ] } },
{ "type": "Feature", "properties": { "Id": 0, "x": 99.2708, "y": 18.9036 }, "geometry": { "type": "Point", "coordinates": [ 99.270751981044214, 18.903595264847784 ] } },
{ "type": "Feature", "properties": { "Id": 0, "x": 99.2812, "y": 18.9093 }, "geometry": { "type": "Point", "coordinates": [ 99.281182659342491, 18.909282953556939 ] } },
{ "type": "Feature", "properties": { "Id": 0, "x": 99.2862, "y": 18.8938 }, "geometry": { "type": "Point", "coordinates": [ 99.286169144819269, 18.893832115479913 ] } },
{ "type": "Feature", "properties": { "Id": 0, "x": 99.2792, "y": 18.8937 }, "geometry": { "type": "Point", "coordinates": [ 99.279166278706981, 18.893684066570824 ] } },
{ "type": "Feature", "properties": { "Id": 0, "x": 99.281, "y": 18.8976 }, "geometry": { "type": "Point", "coordinates": [ 99.281006912945642, 18.897648727729511 ] } },
{ "type": "Feature", "properties": { "Id": 0, "x": 99.2507, "y": 18.9028 }, "geometry": { "type": "Point", "coordinates": [ 99.250669127587983, 18.902770443548334 ] } },
{ "type": "Feature", "properties": { "Id": 0, "x": 99.2503, "y": 18.8945 }, "geometry": { "type": "Point", "coordinates": [ 99.250323382322321, 18.89451863233478 ] } },
{ "type": "Feature", "properties": { "Id": 0, "x": 99.2551, "y": 18.8888 }, "geometry": { "type": "Point", "coordinates": [ 99.255149889857805, 18.888798952463116 ] } },
{ "type": "Feature", "properties": { "Id": 0, "x": 99.2578, "y": 18.8823 }, "geometry": { "type": "Point", "coordinates": [ 99.257807518403723, 18.882288677134824 ] } },
{ "type": "Feature", "properties": { "Id": 0, "x": 99.2482, "y": 18.877 }, "geometry": { "type": "Point", "coordinates": [ 99.24821677394813, 18.876994863377266 ] } },
{ "type": "Feature", "properties": { "Id": 0, "x": 99.2463, "y": 18.8728 }, "geometry": { "type": "Point", "coordinates": [ 99.246290163136351, 18.872833186298269 ] } },
{ "type": "Feature", "properties": { "Id": 0, "x": 99.2531, "y": 18.8667 }, "geometry": { "type": "Point", "coordinates": [ 99.253109389198073, 18.866730027856132 ] } },
{ "type": "Feature", "properties": { "Id": 0, "x": 99.2563, "y": 18.8606 }, "geometry": { "type": "Point", "coordinates": [ 99.256300813361364, 18.860631650399686 ] } },
{ "type": "Feature", "properties": { "Id": 0, "x": 99.2545, "y": 18.8562 }, "geometry": { "type": "Point", "coordinates": [ 99.254480419757414, 18.856165203931798 ] } },
{ "type": "Feature", "properties": { "Id": 0, "x": 99.2548, "y": 18.8494 }, "geometry": { "type": "Point", "coordinates": [ 99.254790196821659, 18.849359793899975 ] } },
{ "type": "Feature", "properties": { "Id": 0, "x": 99.2527, "y": 18.8468 }, "geometry": { "type": "Point", "coordinates": [ 99.25265282859722, 18.846823529670715 ] } },
{ "type": "Feature", "properties": { "Id": 0, "x": 99.2474, "y": 18.8399 }, "geometry": { "type": "Point", "coordinates": [ 99.247415544408099, 18.839923995720177 ] } },
{ "type": "Feature", "properties": { "Id": 0, "x": 99.2463, "y": 18.8341 }, "geometry": { "type": "Point", "coordinates": [ 99.246340378246586, 18.834136090619065 ] } },
{ "type": "Feature", "properties": { "Id": 0, "x": 99.2426, "y": 18.8314 }, "geometry": { "type": "Point", "coordinates": [ 99.242603029879248, 18.831398676630997 ] } },
{ "type": "Feature", "properties": { "Id": 0, "x": 99.2377, "y": 18.8316 }, "geometry": { "type": "Point", "coordinates": [ 99.237696623684243, 18.831608131854768 ] } },
{ "type": "Feature", "properties": { "Id": 0, "x": 99.2393, "y": 18.8404 }, "geometry": { "type": "Point", "coordinates": [ 99.239309148306717, 18.840442418443654 ] } },
{ "type": "Feature", "properties": { "Id": 0, "x": 99.2376, "y": 18.85 }, "geometry": { "type": "Point", "coordinates": [ 99.237615813838005, 18.849991897309604 ] } },
{ "type": "Feature", "properties": { "Id": 0, "x": 99.2321, "y": 18.8507 }, "geometry": { "type": "Point", "coordinates": [ 99.232069483243151, 18.850709860147326 ] } },
{ "type": "Feature", "properties": { "Id": 0, "x": 99.2295, "y": 18.8455 }, "geometry": { "type": "Point", "coordinates": [ 99.229502135242399, 18.845533116010163 ] } },
{ "type": "Feature", "properties": { "Id": 0, "x": 99.2273, "y": 18.8427 }, "geometry": { "type": "Point", "coordinates": [ 99.227258107797539, 18.842691984795177 ] } },
{ "type": "Feature", "properties": { "Id": 0, "x": 99.2235, "y": 18.8376 }, "geometry": { "type": "Point", "coordinates": [ 99.223517782451523, 18.837618145204768 ] } },
{ "type": "Feature", "properties": { "Id": 0, "x": 99.2149, "y": 18.8311 }, "geometry": { "type": "Point", "coordinates": [ 99.214869141913908, 18.831128004212015 ] } },
{ "type": "Feature", "properties": { "Id": 0, "x": 99.221, "y": 18.8226 }, "geometry": { "type": "Point", "coordinates": [ 99.221044684535983, 18.822589118877779 ] } },
{ "type": "Feature", "properties": { "Id": 0, "x": 99.258, "y": 18.8349 }, "geometry": { "type": "Point", "coordinates": [ 99.257968522058988, 18.83493289713072 ] } },
{ "type": "Feature", "properties": { "Id": 0, "x": 99.2553, "y": 18.8281 }, "geometry": { "type": "Point", "coordinates": [ 99.255291510391345, 18.828131581352032 ] } },
{ "type": "Feature", "properties": { "Id": 0, "x": 99.2541, "y": 18.8213 }, "geometry": { "type": "Point", "coordinates": [ 99.254107967747146, 18.821328191063532 ] } },
{ "type": "Feature", "properties": { "Id": 0, "x": 99.2508, "y": 18.8156 }, "geometry": { "type": "Point", "coordinates": [ 99.250793050518098, 18.815644906077594 ] } },
{ "type": "Feature", "properties": { "Id": 0, "x": 99.2473, "y": 18.8126 }, "geometry": { "type": "Point", "coordinates": [ 99.247268909344612, 18.812602587732389 ] } },
{ "type": "Feature", "properties": { "Id": 0, "x": 99.2443, "y": 18.8101 }, "geometry": { "type": "Point", "coordinates": [ 99.244278894866909, 18.810067339546311 ] } },
{ "type": "Feature", "properties": { "Id": 0, "x": 99.2437, "y": 18.8073 }, "geometry": { "type": "Point", "coordinates": [ 99.243741676582701, 18.807325719341929 ] } },
{ "type": "Feature", "properties": { "Id": 0, "x": 99.2636, "y": 18.8114 }, "geometry": { "type": "Point", "coordinates": [ 99.263639433688752, 18.811411580346959 ] } },
{ "type": "Feature", "properties": { "Id": 0, "x": 99.2523, "y": 18.797 }, "geometry": { "type": "Point", "coordinates": [ 99.252259646431312, 18.79699140131585 ] } },
{ "type": "Feature", "properties": { "Id": 0, "x": 99.2403, "y": 18.7944 }, "geometry": { "type": "Point", "coordinates": [ 99.240330744581755, 18.794386203968248 ] } },
{ "type": "Feature", "properties": { "Id": 0, "x": 99.2336, "y": 18.8018 }, "geometry": { "type": "Point", "coordinates": [ 99.233570292447695, 18.801758358444335 ] } },
{ "type": "Feature", "properties": { "Id": 0, "x": 99.269, "y": 18.7883 }, "geometry": { "type": "Point", "coordinates": [ 99.269000308890597, 18.788287069910179 ] } },
{ "type": "Feature", "properties": { "Id": 0, "x": 99.27, "y": 18.7913 }, "geometry": { "type": "Point", "coordinates": [ 99.269975755891068, 18.791290256271136 ] } },
{ "type": "Feature", "properties": { "Id": 0, "x": 99.2785, "y": 18.7922 }, "geometry": { "type": "Point", "coordinates": [ 99.278470689949543, 18.792202272335953 ] } },
{ "type": "Feature", "properties": { "Id": 0, "x": 99.2873, "y": 18.7832 }, "geometry": { "type": "Point", "coordinates": [ 99.287312864172961, 18.783175105210674 ] } },
{ "type": "Feature", "properties": { "Id": 0, "x": 99.2897, "y": 18.7751 }, "geometry": { "type": "Point", "coordinates": [ 99.289725609429738, 18.775082089934308 ] } },
{ "type": "Feature", "properties": { "Id": 0, "x": 99.285, "y": 18.7647 }, "geometry": { "type": "Point", "coordinates": [ 99.284976546845101, 18.764688863386219 ] } },
{ "type": "Feature", "properties": { "Id": 0, "x": 99.2828, "y": 18.7589 }, "geometry": { "type": "Point", "coordinates": [ 99.282783241335707, 18.758914116180328 ] } },
{ "type": "Feature", "properties": { "Id": 0, "x": 99.2678, "y": 18.7723 }, "geometry": { "type": "Point", "coordinates": [ 99.267761792970887, 18.772341371990557 ] } },
{ "type": "Feature", "properties": { "Id": 0, "x": 99.3591, "y": 18.9654 }, "geometry": { "type": "Point", "coordinates": [ 99.359145453860023, 18.965435968611718 ] } },
{ "type": "Feature", "properties": { "Id": 0, "x": 99.3624, "y": 18.987 }, "geometry": { "type": "Point", "coordinates": [ 99.362435456133198, 18.987029715276901 ] } },
{ "type": "Feature", "properties": { "Id": 0, "x": 99.3745, "y": 18.9967 }, "geometry": { "type": "Point", "coordinates": [ 99.374505233678519, 18.996703691773675 ] } },
{ "type": "Feature", "properties": { "Id": 0, "x": 99.3773, "y": 19.0121 }, "geometry": { "type": "Point", "coordinates": [ 99.377320504295056, 19.01212658559081 ] } },
{ "type": "Feature", "properties": { "Id": 0, "x": 99.3783, "y": 19.0364 }, "geometry": { "type": "Point", "coordinates": [ 99.378302280456026, 19.036369489277398 ] } },
{ "type": "Feature", "properties": { "Id": 0, "x": 99.3709, "y": 19.0364 }, "geometry": { "type": "Point", "coordinates": [ 99.370885887300105, 19.036384529765058 ] } },
{ "type": "Feature", "properties": { "Id": 0, "x": 99.3301, "y": 19.0206 }, "geometry": { "type": "Point", "coordinates": [ 99.330064263079038, 19.020592532310896 ] } },
{ "type": "Feature", "properties": { "Id": 0, "x": 99.3207, "y": 18.9937 }, "geometry": { "type": "Point", "coordinates": [ 99.320743050884104, 18.99371895281384 ] } },
{ "type": "Feature", "properties": { "Id": 0, "x": 99.3129, "y": 18.9884 }, "geometry": { "type": "Point", "coordinates": [ 99.31285521273125, 18.988442609330978 ] } },
{ "type": "Feature", "properties": { "Id": 0, "x": 99.3288, "y": 19.081 }, "geometry": { "type": "Point", "coordinates": [ 99.328792750980952, 19.080986746802854 ] } },
{ "type": "Feature", "properties": { "Id": 0, "x": 99.3019, "y": 19.0634 }, "geometry": { "type": "Point", "coordinates": [ 99.301869036180165, 19.063400119963671 ] } },
{ "type": "Feature", "properties": { "Id": 0, "x": 99.2596, "y": 19.0176 }, "geometry": { "type": "Point", "coordinates": [ 99.25960979500158, 19.017619167505739 ] } },
{ "type": "Feature", "properties": { "Id": 0, "x": 99.2341, "y": 19.0031 }, "geometry": { "type": "Point", "coordinates": [ 99.23409813614181, 19.003106110805881 ] } },
{ "type": "Feature", "properties": { "Id": 0, "x": 99.2234, "y": 18.9934 }, "geometry": { "type": "Point", "coordinates": [ 99.223426105070544, 18.993421208130702 ] } },
{ "type": "Feature", "properties": { "Id": 0, "x": 98.9712, "y": 19.0786 }, "geometry": { "type": "Point", "coordinates": [ 98.97122117526628, 19.078564368513845 ] } },
{ "type": "Feature", "properties": { "Id": 0, "x": 98.9682, "y": 19.0917 }, "geometry": { "type": "Point", "coordinates": [ 98.968180070157018, 19.091744775206887 ] } },
{ "type": "Feature", "properties": { "Id": 0, "x": 98.9665, "y": 19.1042 }, "geometry": { "type": "Point", "coordinates": [ 98.966468220059426, 19.104203119175978 ] } },
{ "type": "Feature", "properties": { "Id": 0, "x": 98.9663, "y": 19.1107 }, "geometry": { "type": "Point", "coordinates": [ 98.96627696167441, 19.110703241493294 ] } },
{ "type": "Feature", "properties": { "Id": 0, "x": 98.9786, "y": 19.1183 }, "geometry": { "type": "Point", "coordinates": [ 98.978622632557716, 19.118288600554727 ] } },
{ "type": "Feature", "properties": { "Id": 0, "x": 98.971, "y": 19.1223 }, "geometry": { "type": "Point", "coordinates": [ 98.971023657923382, 19.122259873955869 ] } },
{ "type": "Feature", "properties": { "Id": 0, "x": 98.9665, "y": 19.13 }, "geometry": { "type": "Point", "coordinates": [ 98.966463013299062, 19.130023160239368 ] } },
{ "type": "Feature", "properties": { "Id": 0, "x": 98.9605, "y": 19.1413 }, "geometry": { "type": "Point", "coordinates": [ 98.960487664343759, 19.141281655552646 ] } },
{ "type": "Feature", "properties": { "Id": 0, "x": 98.9581, "y": 19.1461 }, "geometry": { "type": "Point", "coordinates": [ 98.958054651891104, 19.146134547849996 ] } },
{ "type": "Feature", "properties": { "Id": 0, "x": 98.9511, "y": 19.1487 }, "geometry": { "type": "Point", "coordinates": [ 98.951123109975285, 19.148675107754485 ] } },
{ "type": "Feature", "properties": { "Id": 0, "x": 98.9504, "y": 19.1532 }, "geometry": { "type": "Point", "coordinates": [ 98.950392194677008, 19.153181665621091 ] } },
{ "type": "Feature", "properties": { "Id": 0, "x": 98.9533, "y": 19.1618 }, "geometry": { "type": "Point", "coordinates": [ 98.953308108355401, 19.161849257775273 ] } },
{ "type": "Feature", "properties": { "Id": 0, "x": 98.9641, "y": 19.1639 }, "geometry": { "type": "Point", "coordinates": [ 98.964130449258505, 19.163931727643238 ] } },
{ "type": "Feature", "properties": { "Id": 0, "x": 98.9649, "y": 19.1723 }, "geometry": { "type": "Point", "coordinates": [ 98.96485832156354, 19.172252014708381 ] } },
{ "type": "Feature", "properties": { "Id": 0, "x": 98.9578, "y": 19.1773 }, "geometry": { "type": "Point", "coordinates": [ 98.957803529965062, 19.177335058747758 ] } },
{ "type": "Feature", "properties": { "Id": 0, "x": 99.0153, "y": 19.1876 }, "geometry": { "type": "Point", "coordinates": [ 99.01532874229099, 19.187623879135028 ] } },
{ "type": "Feature", "properties": { "Id": 0, "x": 99.0218, "y": 19.1849 }, "geometry": { "type": "Point", "coordinates": [ 99.021774413958042, 19.184849850522738 ] } },
{ "type": "Feature", "properties": { "Id": 0, "x": 99.0248, "y": 19.1921 }, "geometry": { "type": "Point", "coordinates": [ 99.024816036837436, 19.192129576844305 ] } },
{ "type": "Feature", "properties": { "Id": 0, "x": 99.0393, "y": 19.1853 }, "geometry": { "type": "Point", "coordinates": [ 99.039287987359018, 19.185309166108336 ] } },
{ "type": "Feature", "properties": { "Id": 0, "x": 99.0444, "y": 19.1793 }, "geometry": { "type": "Point", "coordinates": [ 99.04439448441714, 19.179299016966514 ] } },
{ "type": "Feature", "properties": { "Id": 0, "x": 99.0604, "y": 19.1835 }, "geometry": { "type": "Point", "coordinates": [ 99.060449468197405, 19.18345449757275 ] } },
{ "type": "Feature", "properties": { "Id": 0, "x": 99.0681, "y": 19.1778 }, "geometry": { "type": "Point", "coordinates": [ 99.068109212871661, 19.1777895028183 ] } },
{ "type": "Feature", "properties": { "Id": 0, "x": 99.0774, "y": 19.1752 }, "geometry": { "type": "Point", "coordinates": [ 99.077350843355291, 19.175243577954372 ] } },
{ "type": "Feature", "properties": { "Id": 0, "x": 99.0697, "y": 19.1648 }, "geometry": { "type": "Point", "coordinates": [ 99.069684780929421, 19.164846471734229 ] } },
{ "type": "Feature", "properties": { "Id": 0, "x": 99.0652, "y": 19.1614 }, "geometry": { "type": "Point", "coordinates": [ 99.065183976728221, 19.161381395975432 ] } },
{ "type": "Feature", "properties": { "Id": 0, "x": 99.0568, "y": 19.1568 }, "geometry": { "type": "Point", "coordinates": [ 99.056791717717829, 19.15676187532031 ] } },
{ "type": "Feature", "properties": { "Id": 0, "x": 99.0488, "y": 19.1614 }, "geometry": { "type": "Point", "coordinates": [ 99.048767434135286, 19.161386487853708 ] } },
{ "type": "Feature", "properties": { "Id": 0, "x": 99.0499, "y": 19.1644 }, "geometry": { "type": "Point", "coordinates": [ 99.049862773668622, 19.164390692339325 ] } },
{ "type": "Feature", "properties": { "Id": 0, "x": 99.0309, "y": 19.163 }, "geometry": { "type": "Point", "coordinates": [ 99.030891939591299, 19.163008171073255 ] } },
{ "type": "Feature", "properties": { "Id": 0, "x": 99.0972, "y": 19.1747 }, "geometry": { "type": "Point", "coordinates": [ 99.097173602746054, 19.174656368596128 ] } },
{ "type": "Feature", "properties": { "Id": 0, "x": 99.0906, "y": 19.1779 }, "geometry": { "type": "Point", "coordinates": [ 99.090608234443252, 19.177895333187262 ] } },
{ "type": "Feature", "properties": { "Id": 0, "x": 99.1008, "y": 19.1801 }, "geometry": { "type": "Point", "coordinates": [ 99.10082531577234, 19.180085594730159 ] } },
{ "type": "Feature", "properties": { "Id": 0, "x": 99.1092, "y": 19.1847 }, "geometry": { "type": "Point", "coordinates": [ 99.109219976525395, 19.184703081704285 ] } },
{ "type": "Feature", "properties": { "Id": 0, "x": 99.1136, "y": 19.1878 }, "geometry": { "type": "Point", "coordinates": [ 99.113600470600389, 19.187820466535172 ] } },
{ "type": "Feature", "properties": { "Id": 0, "x": 99.1244, "y": 19.1884 }, "geometry": { "type": "Point", "coordinates": [ 99.124425370302077, 19.188391230715219 ] } },
{ "type": "Feature", "properties": { "Id": 0, "x": 99.1325, "y": 19.192 }, "geometry": { "type": "Point", "coordinates": [ 99.132455392026898, 19.1919678789511 ] } },
{ "type": "Feature", "properties": { "Id": 0, "x": 99.1418, "y": 19.1954 }, "geometry": { "type": "Point", "coordinates": [ 99.141823576363606, 19.195427585654144 ] } },
{ "type": "Feature", "properties": { "Id": 0, "x": 99.1455, "y": 19.1984 }, "geometry": { "type": "Point", "coordinates": [ 99.145475076855035, 19.198429206539497 ] } },
{ "type": "Feature", "properties": { "Id": 0, "x": 99.1512, "y": 19.1968 }, "geometry": { "type": "Point", "coordinates": [ 99.151190249589874, 19.196806787152664 ] } },
{ "type": "Feature", "properties": { "Id": 0, "x": 99.155, "y": 19.1906 }, "geometry": { "type": "Point", "coordinates": [ 99.154954928580807, 19.190563569817716 ] } },
{ "type": "Feature", "properties": { "Id": 0, "x": 99.1551, "y": 19.1826 }, "geometry": { "type": "Point", "coordinates": [ 99.15506908907912, 19.182590037669019 ] } },
{ "type": "Feature", "properties": { "Id": 0, "x": 99.1538, "y": 19.1731 }, "geometry": { "type": "Point", "coordinates": [ 99.153844100600352, 19.173115382034595 ] } },
{ "type": "Feature", "properties": { "Id": 0, "x": 99.1547, "y": 19.1664 }, "geometry": { "type": "Point", "coordinates": [ 99.154689133045451, 19.166412351393006 ] } },
{ "type": "Feature", "properties": { "Id": 0, "x": 99.1515, "y": 19.1556 }, "geometry": { "type": "Point", "coordinates": [ 99.151517420455207, 19.155552602204718 ] } },
{ "type": "Feature", "properties": { "Id": 0, "x": 99.1477, "y": 19.148 }, "geometry": { "type": "Point", "coordinates": [ 99.147741152938153, 19.148044439481438 ] } },
{ "type": "Feature", "properties": { "Id": 0, "x": 99.1564, "y": 19.141 }, "geometry": { "type": "Point", "coordinates": [ 99.156416305998505, 19.14097900572148 ] } },
{ "type": "Feature", "properties": { "Id": 0, "x": 99.1558, "y": 19.1303 }, "geometry": { "type": "Point", "coordinates": [ 99.155783784556192, 19.130329747385975 ] } },
{ "type": "Feature", "properties": { "Id": 0, "x": 99.1863, "y": 19.1094 }, "geometry": { "type": "Point", "coordinates": [ 99.186340324598945, 19.109371515189309 ] } },
{ "type": "Feature", "properties": { "Id": 0, "x": 99.171, "y": 19.0978 }, "geometry": { "type": "Point", "coordinates": [ 99.171001500814398, 19.097849088951182 ] } },
{ "type": "Feature", "properties": { "Id": 0, "x": 99.1999, "y": 19.0903 }, "geometry": { "type": "Point", "coordinates": [ 99.1999327200935, 19.090276335384651 ] } },
{ "type": "Feature", "properties": { "Id": 0, "x": 99.1992, "y": 19.0933 }, "geometry": { "type": "Point", "coordinates": [ 99.199236212126848, 19.093309331960775 ] } },
{ "type": "Feature", "properties": { "Id": 0, "x": 99.2065, "y": 19.0896 }, "geometry": { "type": "Point", "coordinates": [ 99.206466492655991, 19.089603516413469 ] } },
{ "type": "Feature", "properties": { "Id": 0, "x": 99.205, "y": 19.0928 }, "geometry": { "type": "Point", "coordinates": [ 99.204992349474907, 19.092785317926051 ] } },
{ "type": "Feature", "properties": { "Id": 0, "x": 99.1986, "y": 19.0893 }, "geometry": { "type": "Point", "coordinates": [ 99.19860909512964, 19.089316323873906 ] } },
{ "type": "Feature", "properties": { "Id": 0, "x": 99.1947, "y": 19.0911 }, "geometry": { "type": "Point", "coordinates": [ 99.19472154959054, 19.091095444446861 ] } },
{ "type": "Feature", "properties": { "Id": 0, "x": 99.203, "y": 19.0852 }, "geometry": { "type": "Point", "coordinates": [ 99.203038213315537, 19.085169896740645 ] } },
{ "type": "Feature", "properties": { "Id": 0, "x": 99.1974, "y": 19.0801 }, "geometry": { "type": "Point", "coordinates": [ 99.197353552698075, 19.080146981254732 ] } },
{ "type": "Feature", "properties": { "Id": 0, "x": 99.195, "y": 19.0762 }, "geometry": { "type": "Point", "coordinates": [ 99.195015235441062, 19.076155778101509 ] } },
{ "type": "Feature", "properties": { "Id": 0, "x": 99.175, "y": 19.0666 }, "geometry": { "type": "Point", "coordinates": [ 99.175014134221442, 19.066635346557799 ] } },
{ "type": "Feature", "properties": { "Id": 0, "x": 99.1764, "y": 19.0693 }, "geometry": { "type": "Point", "coordinates": [ 99.176417025465511, 19.069296476376181 ] } },
{ "type": "Feature", "properties": { "Id": 0, "x": 99.1892, "y": 19.0646 }, "geometry": { "type": "Point", "coordinates": [ 99.18916808951505, 19.064550568316655 ] } },
{ "type": "Feature", "properties": { "Id": 0, "x": 99.1857, "y": 19.0674 }, "geometry": { "type": "Point", "coordinates": [ 99.185671160147294, 19.067438458743563 ] } },
{ "type": "Feature", "properties": { "Id": 0, "x": 99.1944, "y": 19.066 }, "geometry": { "type": "Point", "coordinates": [ 99.194381132199936, 19.066024296298455 ] } },
{ "type": "Feature", "properties": { "Id": 0, "x": 99.2015, "y": 19.0678 }, "geometry": { "type": "Point", "coordinates": [ 99.201539178510984, 19.067791590380182 ] } },
{ "type": "Feature", "properties": { "Id": 0, "x": 99.2106, "y": 19.0706 }, "geometry": { "type": "Point", "coordinates": [ 99.210643260148686, 19.070591794493541 ] } },
{ "type": "Feature", "properties": { "Id": 0, "x": 99.2143, "y": 19.0761 }, "geometry": { "type": "Point", "coordinates": [ 99.214306124512262, 19.076060408877623 ] } },
{ "type": "Feature", "properties": { "Id": 0, "x": 99.2217, "y": 19.0816 }, "geometry": { "type": "Point", "coordinates": [ 99.221703184559999, 19.081598449125924 ] } },
{ "type": "Feature", "properties": { "Id": 0, "x": 99.228, "y": 19.0778 }, "geometry": { "type": "Point", "coordinates": [ 99.227998906092381, 19.077818957111262 ] } },
{ "type": "Feature", "properties": { "Id": 0, "x": 99.2349, "y": 19.0577 }, "geometry": { "type": "Point", "coordinates": [ 99.23489360004676, 19.057693948888602 ] } },
{ "type": "Feature", "properties": { "Id": 0, "x": 99.2518, "y": 19.0654 }, "geometry": { "type": "Point", "coordinates": [ 99.251782906634674, 19.065363222331296 ] } },
{ "type": "Feature", "properties": { "Id": 0, "x": 99.2574, "y": 19.0702 }, "geometry": { "type": "Point", "coordinates": [ 99.257390552772762, 19.070162693735181 ] } },
{ "type": "Feature", "properties": { "Id": 0, "x": 99.2665, "y": 19.0508 }, "geometry": { "type": "Point", "coordinates": [ 99.266538118589352, 19.05084689849765 ] } },
{ "type": "Feature", "properties": { "Id": 0, "x": 99.258, "y": 19.0435 }, "geometry": { "type": "Point", "coordinates": [ 99.258049309024429, 19.043463236143484 ] } },
{ "type": "Feature", "properties": { "Id": 0, "x": 99.2464, "y": 19.0537 }, "geometry": { "type": "Point", "coordinates": [ 99.246398762165285, 19.053685255250137 ] } },
{ "type": "Feature", "properties": { "Id": 0, "x": 99.1705, "y": 19.0136 }, "geometry": { "type": "Point", "coordinates": [ 99.170501650848905, 19.013562560173195 ] } },
{ "type": "Feature", "properties": { "Id": 0, "x": 99.1546, "y": 19.0425 }, "geometry": { "type": "Point", "coordinates": [ 99.1545966460328, 19.042505532547079 ] } },
{ "type": "Feature", "properties": { "Id": 0, "x": 99.0734, "y": 18.9826 }, "geometry": { "type": "Point", "coordinates": [ 99.073448965188248, 18.982631068157168 ] } },
{ "type": "Feature", "properties": { "Id": 0, "x": 99.0793, "y": 19.0302 }, "geometry": { "type": "Point", "coordinates": [ 99.079263789135894, 19.030155080310138 ] } },
{ "type": "Feature", "properties": { "Id": 0, "x": 99.0612, "y": 19.0501 }, "geometry": { "type": "Point", "coordinates": [ 99.061164973632373, 19.050136759535597 ] } },
{ "type": "Feature", "properties": { "Id": 0, "x": 99.0445, "y": 19.0701 }, "geometry": { "type": "Point", "coordinates": [ 99.044510664575157, 19.070116288817299 ] } },
{ "type": "Feature", "properties": { "Id": 0, "x": 99.0286, "y": 19.0853 }, "geometry": { "type": "Point", "coordinates": [ 99.028576044693452, 19.085272687310351 ] } },
{ "type": "Feature", "properties": { "Id": 0, "x": 99.2961, "y": 19.1959 }, "geometry": { "type": "Point", "coordinates": [ 99.296059570320679, 19.195883098614388 ] } },
{ "type": "Feature", "properties": { "Id": 0, "x": 99.2818, "y": 19.2168 }, "geometry": { "type": "Point", "coordinates": [ 99.281841865505314, 19.216782317595484 ] } },
{ "type": "Feature", "properties": { "Id": 0, "x": 99.2355, "y": 19.227 }, "geometry": { "type": "Point", "coordinates": [ 99.235527253472839, 19.227004002414731 ] } },
{ "type": "Feature", "properties": { "Id": 0, "x": 99.2284, "y": 19.2521 }, "geometry": { "type": "Point", "coordinates": [ 99.22843397553595, 19.252121585769693 ] } },
{ "type": "Feature", "properties": { "Id": 0, "x": 99.2264, "y": 19.2671 }, "geometry": { "type": "Point", "coordinates": [ 99.226375174646506, 19.267076425785444 ] } },
{ "type": "Feature", "properties": { "Id": 0, "x": 99.2466, "y": 19.2933 }, "geometry": { "type": "Point", "coordinates": [ 99.246615347905816, 19.293287178843677 ] } },
{ "type": "Feature", "properties": { "Id": 0, "x": 99.2446, "y": 19.3085 }, "geometry": { "type": "Point", "coordinates": [ 99.244558148889666, 19.308524260474421 ] } },
{ "type": "Feature", "properties": { "Id": 0, "x": 99.2338, "y": 19.3096 }, "geometry": { "type": "Point", "coordinates": [ 99.233799849396505, 19.309602444914379 ] } },
{ "type": "Feature", "properties": { "Id": 0, "x": 99.2484, "y": 19.3181 }, "geometry": { "type": "Point", "coordinates": [ 99.248435545059593, 19.318110984806626 ] } },
{ "type": "Feature", "properties": { "Id": 0, "x": 99.2538, "y": 19.3311 }, "geometry": { "type": "Point", "coordinates": [ 99.253804534427289, 19.331080933364213 ] } },
{ "type": "Feature", "properties": { "Id": 0, "x": 99.2639, "y": 19.3418 }, "geometry": { "type": "Point", "coordinates": [ 99.263926124873578, 19.341786953038088 ] } },
{ "type": "Feature", "properties": { "Id": 0, "x": 99.2577, "y": 19.3497 }, "geometry": { "type": "Point", "coordinates": [ 99.257697185869404, 19.349695096882755 ] } },
{ "type": "Feature", "properties": { "Id": 0, "x": 99.253, "y": 19.3618 }, "geometry": { "type": "Point", "coordinates": [ 99.252960351138327, 19.361832685525005 ] } },
{ "type": "Feature", "properties": { "Id": 0, "x": 99.2889, "y": 19.3632 }, "geometry": { "type": "Point", "coordinates": [ 99.288929186774823, 19.36318973541756 ] } },
{ "type": "Feature", "properties": { "Id": 0, "x": 99.2866, "y": 19.3773 }, "geometry": { "type": "Point", "coordinates": [ 99.28657588495517, 19.377299157417045 ] } },
{ "type": "Feature", "properties": { "Id": 0, "x": 99.2833, "y": 19.3889 }, "geometry": { "type": "Point", "coordinates": [ 99.283325914152698, 19.388870909399817 ] } },
{ "type": "Feature", "properties": { "Id": 0, "x": 99.281, "y": 19.4002 }, "geometry": { "type": "Point", "coordinates": [ 99.280966947730789, 19.400159105518803 ] } },
{ "type": "Feature", "properties": { "Id": 0, "x": 99.3219, "y": 19.3069 }, "geometry": { "type": "Point", "coordinates": [ 99.321946848090406, 19.306922920746203 ] } },
{ "type": "Feature", "properties": { "Id": 0, "x": 99.3177, "y": 19.3101 }, "geometry": { "type": "Point", "coordinates": [ 99.317665760983672, 19.310129228672391 ] } },
{ "type": "Feature", "properties": { "Id": 0, "x": 99.3317, "y": 19.306 }, "geometry": { "type": "Point", "coordinates": [ 99.331678594104261, 19.30596283234317 ] } },
{ "type": "Feature", "properties": { "Id": 0, "x": 99.3279, "y": 19.3102 }, "geometry": { "type": "Point", "coordinates": [ 99.327870215716572, 19.310185135640751 ] } },
{ "type": "Feature", "properties": { "Id": 0, "x": 99.3268, "y": 19.3081 }, "geometry": { "type": "Point", "coordinates": [ 99.326775565811772, 19.308116365066454 ] } },
{ "type": "Feature", "properties": { "Id": 0, "x": 99.3342, "y": 19.2983 }, "geometry": { "type": "Point", "coordinates": [ 99.33415556663644, 19.298267015755897 ] } },
{ "type": "Feature", "properties": { "Id": 0, "x": 99.3304, "y": 19.2964 }, "geometry": { "type": "Point", "coordinates": [ 99.330413145584046, 19.296424954883989 ] } },
{ "type": "Feature", "properties": { "Id": 0, "x": 99.3199, "y": 19.2897 }, "geometry": { "type": "Point", "coordinates": [ 99.319924122204327, 19.289743787485815 ] } },
{ "type": "Feature", "properties": { "Id": 0, "x": 99.3162, "y": 19.2955 }, "geometry": { "type": "Point", "coordinates": [ 99.316170731115193, 19.295505795003972 ] } },
{ "type": "Feature", "properties": { "Id": 0, "x": 99.323, "y": 19.2811 }, "geometry": { "type": "Point", "coordinates": [ 99.32300175080006, 19.281135452726247 ] } },
{ "type": "Feature", "properties": { "Id": 0, "x": 99.3272, "y": 19.2853 }, "geometry": { "type": "Point", "coordinates": [ 99.327157099064053, 19.285308351236623 ] } },
{ "type": "Feature", "properties": { "Id": 0, "x": 99.3198, "y": 19.2826 }, "geometry": { "type": "Point", "coordinates": [ 99.319782576219097, 19.282564838108584 ] } },
{ "type": "Feature", "properties": { "Id": 0, "x": 99.3056, "y": 19.3193 }, "geometry": { "type": "Point", "coordinates": [ 99.305623040818148, 19.319302919979794 ] } },
{ "type": "Feature", "properties": { "Id": 0, "x": 99.3126, "y": 19.3279 }, "geometry": { "type": "Point", "coordinates": [ 99.312595303171165, 19.327893995254314 ] } },
{ "type": "Feature", "properties": { "Id": 0, "x": 99.3119, "y": 19.325 }, "geometry": { "type": "Point", "coordinates": [ 99.31185580981969, 19.324956951314928 ] } },
{ "type": "Feature", "properties": { "Id": 0, "x": 99.315, "y": 19.3164 }, "geometry": { "type": "Point", "coordinates": [ 99.314966457375917, 19.316379007008532 ] } },
{ "type": "Feature", "properties": { "Id": 0, "x": 99.1966, "y": 19.4656 }, "geometry": { "type": "Point", "coordinates": [ 99.1966457966044, 19.465561538652043 ] } },
{ "type": "Feature", "properties": { "Id": 0, "x": 99.2152, "y": 19.4735 }, "geometry": { "type": "Point", "coordinates": [ 99.215245808244703, 19.473474812211546 ] } },
{ "type": "Feature", "properties": { "Id": 0, "x": 99.2269, "y": 19.4854 }, "geometry": { "type": "Point", "coordinates": [ 99.226881391725968, 19.485362205301637 ] } },
{ "type": "Feature", "properties": { "Id": 0, "x": 99.246, "y": 19.5105 }, "geometry": { "type": "Point", "coordinates": [ 99.245975905361874, 19.510462775306262 ] } },
{ "type": "Feature", "properties": { "Id": 0, "x": 99.2502, "y": 19.5356 }, "geometry": { "type": "Point", "coordinates": [ 99.25019836059586, 19.535582405282174 ] } },
{ "type": "Feature", "properties": { "Id": 0, "x": 99.2623, "y": 19.5554 }, "geometry": { "type": "Point", "coordinates": [ 99.262318762892789, 19.555401013354452 ] } },
{ "type": "Feature", "properties": { "Id": 0, "x": 99.1507, "y": 19.5904 }, "geometry": { "type": "Point", "coordinates": [ 99.150752270724993, 19.590351544915325 ] } },
{ "type": "Feature", "properties": { "Id": 0, "x": 99.1312, "y": 19.5705 }, "geometry": { "type": "Point", "coordinates": [ 99.131202131842443, 19.570530991801075 ] } },
{ "type": "Feature", "properties": { "Id": 0, "x": 99.114, "y": 19.5507 }, "geometry": { "type": "Point", "coordinates": [ 99.113981693909096, 19.550706797765251 ] } },
{ "type": "Feature", "properties": { "Id": 0, "x": 99.0944, "y": 19.5419 }, "geometry": { "type": "Point", "coordinates": [ 99.094447236975839, 19.541902098920147 ] } },
{ "type": "Feature", "properties": { "Id": 0, "x": 99.0252, "y": 19.5287 }, "geometry": { "type": "Point", "coordinates": [ 99.025166252556915, 19.52870104692191 ] } },
{ "type": "Feature", "properties": { "Id": 0, "x": 99.0196, "y": 19.5538 }, "geometry": { "type": "Point", "coordinates": [ 99.019590222578358, 19.553827292658735 ] } },
{ "type": "Feature", "properties": { "Id": 0, "x": 98.9977, "y": 19.5719 }, "geometry": { "type": "Point", "coordinates": [ 98.997735266578573, 19.571901066666967 ] } },
{ "type": "Feature", "properties": { "Id": 0, "x": 98.9996, "y": 19.5375 }, "geometry": { "type": "Point", "coordinates": [ 98.99959553435508, 19.537518790886992 ] } },
{ "type": "Feature", "properties": { "Id": 0, "x": 98.9917, "y": 19.5534 }, "geometry": { "type": "Point", "coordinates": [ 98.991690623352412, 19.553387365441388 ] } },
{ "type": "Feature", "properties": { "Id": 0, "x": 98.8392, "y": 19.567 }, "geometry": { "type": "Point", "coordinates": [ 98.839159791060567, 19.56698063700367 ] } },
{ "type": "Feature", "properties": { "Id": 0, "x": 98.8326, "y": 19.5824 }, "geometry": { "type": "Point", "coordinates": [ 98.832633449427931, 19.582402567903806 ] } },
{ "type": "Feature", "properties": { "Id": 0, "x": 98.8187, "y": 19.6005 }, "geometry": { "type": "Point", "coordinates": [ 98.818661009531212, 19.600461659006779 ] } },
{ "type": "Feature", "properties": { "Id": 0, "x": 98.8205, "y": 19.6445 }, "geometry": { "type": "Point", "coordinates": [ 98.820472567620783, 19.644542831210206 ] } },
{ "type": "Feature", "properties": { "Id": 0, "x": 98.84, "y": 19.6534 }, "geometry": { "type": "Point", "coordinates": [ 98.84000442824852, 19.653377116470015 ] } },
{ "type": "Feature", "properties": { "Id": 0, "x": 99.0593, "y": 19.6103 }, "geometry": { "type": "Point", "coordinates": [ 99.059342184798098, 19.610292114433321 ] } },
{ "type": "Feature", "properties": { "Id": 0, "x": 99.0151, "y": 19.6108 }, "geometry": { "type": "Point", "coordinates": [ 99.015139793731308, 19.610842901973562 ] } },
{ "type": "Feature", "properties": { "Id": 0, "x": 99.0081, "y": 19.6184 }, "geometry": { "type": "Point", "coordinates": [ 99.008090620408709, 19.61842645228085 ] } },
{ "type": "Feature", "properties": { "Id": 0, "x": 99.0115, "y": 19.621 }, "geometry": { "type": "Point", "coordinates": [ 99.011520473425378, 19.62095396269201 ] } },
{ "type": "Feature", "properties": { "Id": 0, "x": 99.0367, "y": 19.6235 }, "geometry": { "type": "Point", "coordinates": [ 99.036672372430459, 19.623478292998136 ] } },
{ "type": "Feature", "properties": { "Id": 0, "x": 99.0369, "y": 19.6172 }, "geometry": { "type": "Point", "coordinates": [ 99.036861475030634, 19.61715901283732 ] } },
{ "type": "Feature", "properties": { "Id": 0, "x": 99.0378, "y": 19.5899 }, "geometry": { "type": "Point", "coordinates": [ 99.037807784622586, 19.589895752604772 ] } },
{ "type": "Feature", "properties": { "Id": 0, "x": 99.043, "y": 19.5857 }, "geometry": { "type": "Point", "coordinates": [ 99.042950284734658, 19.58574194179678 ] } },
{ "type": "Feature", "properties": { "Id": 0, "x": 99.0511, "y": 19.5825 }, "geometry": { "type": "Point", "coordinates": [ 99.051140709282024, 19.582489896932824 ] } },
{ "type": "Feature", "properties": { "Id": 0, "x": 99.0468, "y": 19.5745 }, "geometry": { "type": "Point", "coordinates": [ 99.046757031719935, 19.574546861217431 ] } },
{ "type": "Feature", "properties": { "Id": 0, "x": 99.0557, "y": 19.5689 }, "geometry": { "type": "Point", "coordinates": [ 99.055707935135857, 19.568947248096915 ] } },
{ "type": "Feature", "properties": { "Id": 0, "x": 99.0694, "y": 19.5776 }, "geometry": { "type": "Point", "coordinates": [ 99.069426138699342, 19.577608922133901 ] } },
{ "type": "Feature", "properties": { "Id": 0, "x": 99.0717, "y": 19.5711 }, "geometry": { "type": "Point", "coordinates": [ 99.071709133701731, 19.571108207608063 ] } },
{ "type": "Feature", "properties": { "Id": 0, "x": 99.0534, "y": 19.5611 }, "geometry": { "type": "Point", "coordinates": [ 99.053396741498972, 19.561090374485307 ] } },
{ "type": "Feature", "properties": { "Id": 0, "x": 99.0508, "y": 19.5555 }, "geometry": { "type": "Point", "coordinates": [ 99.050835088559722, 19.555544588120281 ] } },
{ "type": "Feature", "properties": { "Id": 0, "x": 99.0466, "y": 19.5485 }, "geometry": { "type": "Point", "coordinates": [ 99.046566686670914, 19.548497024098676 ] } },
{ "type": "Feature", "properties": { "Id": 0, "x": 99.0722, "y": 19.5602 }, "geometry": { "type": "Point", "coordinates": [ 99.072169036364386, 19.560159425579123 ] } },
{ "type": "Feature", "properties": { "Id": 0, "x": 99.0678, "y": 19.6268 }, "geometry": { "type": "Point", "coordinates": [ 99.067808551949781, 19.626834703354273 ] } },
{ "type": "Feature", "properties": { "Id": 0, "x": 99.0659, "y": 19.6233 }, "geometry": { "type": "Point", "coordinates": [ 99.065855889537502, 19.623253324203919 ] } },
{ "type": "Feature", "properties": { "Id": 0, "x": 99.0627, "y": 19.6274 }, "geometry": { "type": "Point", "coordinates": [ 99.062686867987367, 19.627414318276891 ] } },
{ "type": "Feature", "properties": { "Id": 0, "x": 99.0752, "y": 19.6363 }, "geometry": { "type": "Point", "coordinates": [ 99.075251925128171, 19.63630698045835 ] } },
{ "type": "Feature", "properties": { "Id": 0, "x": 99.0849, "y": 19.645 }, "geometry": { "type": "Point", "coordinates": [ 99.084891106823079, 19.644969054208754 ] } },
{ "type": "Feature", "properties": { "Id": 0, "x": 99.0921, "y": 19.6518 }, "geometry": { "type": "Point", "coordinates": [ 99.092090860769957, 19.651783044288003 ] } },
{ "type": "Feature", "properties": { "Id": 0, "x": 99.0951, "y": 19.6427 }, "geometry": { "type": "Point", "coordinates": [ 99.095134705069327, 19.642652899595294 ] } },
{ "type": "Feature", "properties": { "Id": 0, "x": 99.0859, "y": 19.6378 }, "geometry": { "type": "Point", "coordinates": [ 99.085863008371064, 19.637804400373955 ] } },
{ "type": "Feature", "properties": { "Id": 0, "x": 99.0799, "y": 19.6445 }, "geometry": { "type": "Point", "coordinates": [ 99.079890360910511, 19.644509138806637 ] } },
{ "type": "Feature", "properties": { "Id": 0, "x": 99.0894, "y": 19.6363 }, "geometry": { "type": "Point", "coordinates": [ 99.089398970795031, 19.636300508326709 ] } },
{ "type": "Feature", "properties": { "Id": 0, "x": 99.0933, "y": 19.6302 }, "geometry": { "type": "Point", "coordinates": [ 99.093298066576054, 19.630174295335568 ] } },
{ "type": "Feature", "properties": { "Id": 0, "x": 99.1006, "y": 19.6244 }, "geometry": { "type": "Point", "coordinates": [ 99.10061162673675, 19.624392774120722 ] } },
{ "type": "Feature", "properties": { "Id": 0, "x": 99.1072, "y": 19.6321 }, "geometry": { "type": "Point", "coordinates": [ 99.107201966140963, 19.632130928164429 ] } },
{ "type": "Feature", "properties": { "Id": 0, "x": 99.111, "y": 19.6387 }, "geometry": { "type": "Point", "coordinates": [ 99.110987066358931, 19.638715069439613 ] } },
{ "type": "Feature", "properties": { "Id": 0, "x": 99.1186, "y": 19.6403 }, "geometry": { "type": "Point", "coordinates": [ 99.11854971110516, 19.64032796560047 ] } },
{ "type": "Feature", "properties": { "Id": 0, "x": 99.1174, "y": 19.6336 }, "geometry": { "type": "Point", "coordinates": [ 99.117447196494822, 19.633626703926705 ] } },
{ "type": "Feature", "properties": { "Id": 0, "x": 99.117, "y": 19.6269 }, "geometry": { "type": "Point", "coordinates": [ 99.116954525319841, 19.626925034941053 ] } },
{ "type": "Feature", "properties": { "Id": 0, "x": 99.1324, "y": 19.6343 }, "geometry": { "type": "Point", "coordinates": [ 99.132448242213471, 19.634309597885064 ] } },
{ "type": "Feature", "properties": { "Id": 0, "x": 99.1409, "y": 19.6289 }, "geometry": { "type": "Point", "coordinates": [ 99.140858441512918, 19.628872293733394 ] } },
{ "type": "Feature", "properties": { "Id": 0, "x": 99.1492, "y": 19.6291 }, "geometry": { "type": "Point", "coordinates": [ 99.149151350865409, 19.629096716265735 ] } },
{ "type": "Feature", "properties": { "Id": 0, "x": 99.1522, "y": 19.6261 }, "geometry": { "type": "Point", "coordinates": [ 99.152197310480446, 19.626089828853335 ] } },
{ "type": "Feature", "properties": { "Id": 0, "x": 99.1495, "y": 19.6223 }, "geometry": { "type": "Point", "coordinates": [ 99.149510899360706, 19.622278880167258 ] } },
{ "type": "Feature", "properties": { "Id": 0, "x": 99.1485, "y": 19.6184 }, "geometry": { "type": "Point", "coordinates": [ 99.148531718835741, 19.618350937483122 ] } },
{ "type": "Feature", "properties": { "Id": 0, "x": 99.1413, "y": 19.6219 }, "geometry": { "type": "Point", "coordinates": [ 99.141340184748884, 19.62193882463519 ] } },
{ "type": "Feature", "properties": { "Id": 0, "x": 99.1388, "y": 19.6193 }, "geometry": { "type": "Point", "coordinates": [ 99.138777033124356, 19.619283131657124 ] } },
{ "type": "Feature", "properties": { "Id": 0, "x": 99.1763, "y": 19.6284 }, "geometry": { "type": "Point", "coordinates": [ 99.17634577271221, 19.628378820938771 ] } },
{ "type": "Feature", "properties": { "Id": 0, "x": 99.1711, "y": 19.6365 }, "geometry": { "type": "Point", "coordinates": [ 99.171110450734233, 19.636472465038658 ] } },
{ "type": "Feature", "properties": { "Id": 0, "x": 99.1684, "y": 19.642 }, "geometry": { "type": "Point", "coordinates": [ 99.168433180449313, 19.642021450041426 ] } },
{ "type": "Feature", "properties": { "Id": 0, "x": 99.1916, "y": 19.6539 }, "geometry": { "type": "Point", "coordinates": [ 99.191619919470114, 19.653900001398227 ] } },
{ "type": "Feature", "properties": { "Id": 0, "x": 99.1842, "y": 19.6532 }, "geometry": { "type": "Point", "coordinates": [ 99.184178955085315, 19.65321447107549 ] } },
{ "type": "Feature", "properties": { "Id": 0, "x": 99.1843, "y": 19.6597 }, "geometry": { "type": "Point", "coordinates": [ 99.184308315466097, 19.65968519087912 ] } },
{ "type": "Feature", "properties": { "Id": 0, "x": 99.1808, "y": 19.659 }, "geometry": { "type": "Point", "coordinates": [ 99.180770279294237, 19.658995477911301 ] } },
{ "type": "Feature", "properties": { "Id": 0, "x": 99.1796, "y": 19.6622 }, "geometry": { "type": "Point", "coordinates": [ 99.179554140702166, 19.66223212200368 ] } },
{ "type": "Feature", "properties": { "Id": 0, "x": 99.1555, "y": 19.661 }, "geometry": { "type": "Point", "coordinates": [ 99.155523546593074, 19.660983458916832 ] } },
{ "type": "Feature", "properties": { "Id": 0, "x": 99.2041, "y": 19.659 }, "geometry": { "type": "Point", "coordinates": [ 99.204067286282751, 19.658970542540356 ] } },
{ "type": "Feature", "properties": { "Id": 0, "x": 99.1977, "y": 19.6627 }, "geometry": { "type": "Point", "coordinates": [ 99.197729181183917, 19.662675251187093 ] } },
{ "type": "Feature", "properties": { "Id": 0, "x": 99.2014, "y": 19.6704 }, "geometry": { "type": "Point", "coordinates": [ 99.201398146939241, 19.670413075644053 ] } },
{ "type": "Feature", "properties": { "Id": 0, "x": 99.2013, "y": 19.678 }, "geometry": { "type": "Point", "coordinates": [ 99.201285686759675, 19.678039542374666 ] } },
{ "type": "Feature", "properties": { "Id": 0, "x": 99.2008, "y": 19.6817 }, "geometry": { "type": "Point", "coordinates": [ 99.200802341171951, 19.681737700841403 ] } },
{ "type": "Feature", "properties": { "Id": 0, "x": 99.2123, "y": 19.6855 }, "geometry": { "type": "Point", "coordinates": [ 99.212274515445714, 19.685537672420018 ] } },
{ "type": "Feature", "properties": { "Id": 0, "x": 99.2101, "y": 19.6902 }, "geometry": { "type": "Point", "coordinates": [ 99.210084654768764, 19.690162263414635 ] } },
{ "type": "Feature", "properties": { "Id": 0, "x": 99.2096, "y": 19.6936 }, "geometry": { "type": "Point", "coordinates": [ 99.209601177027182, 19.69362933879988 ] } },
{ "type": "Feature", "properties": { "Id": 0, "x": 99.1907, "y": 19.7058 }, "geometry": { "type": "Point", "coordinates": [ 99.190690936734711, 19.705810941199012 ] } },
{ "type": "Feature", "properties": { "Id": 0, "x": 99.2279, "y": 19.6928 }, "geometry": { "type": "Point", "coordinates": [ 99.227919571738369, 19.692825895748982 ] } },
{ "type": "Feature", "properties": { "Id": 0, "x": 99.2345, "y": 19.6974 }, "geometry": { "type": "Point", "coordinates": [ 99.23448492348794, 19.697402470145885 ] } },
{ "type": "Feature", "properties": { "Id": 0, "x": 99.2349, "y": 19.702 }, "geometry": { "type": "Point", "coordinates": [ 99.234882021664248, 19.701986978459626 ] } },
{ "type": "Feature", "properties": { "Id": 0, "x": 99.2362, "y": 19.7086 }, "geometry": { "type": "Point", "coordinates": [ 99.236219108425217, 19.708566951852205 ] } },
{ "type": "Feature", "properties": { "Id": 0, "x": 99.2353, "y": 19.7143 }, "geometry": { "type": "Point", "coordinates": [ 99.235290499837944, 19.714336424966476 ] } },
{ "type": "Feature", "properties": { "Id": 0, "x": 99.2467, "y": 19.7429 }, "geometry": { "type": "Point", "coordinates": [ 99.246735434599316, 19.742866428433221 ] } },
{ "type": "Feature", "properties": { "Id": 0, "x": 99.2403, "y": 19.7316 }, "geometry": { "type": "Point", "coordinates": [ 99.240314005216973, 19.731560543873318 ] } },
{ "type": "Feature", "properties": { "Id": 0, "x": 99.2376, "y": 19.726 }, "geometry": { "type": "Point", "coordinates": [ 99.237572368739364, 19.726017813571051 ] } },
{ "type": "Feature", "properties": { "Id": 0, "x": 99.2178, "y": 19.7232 }, "geometry": { "type": "Point", "coordinates": [ 99.217810274389933, 19.723158789300246 ] } },
{ "type": "Feature", "properties": { "Id": 0, "x": 99.2112, "y": 19.72 }, "geometry": { "type": "Point", "coordinates": [ 99.211168084473513, 19.719986800961841 ] } },
{ "type": "Feature", "properties": { "Id": 0, "x": 99.2185, "y": 19.7301 }, "geometry": { "type": "Point", "coordinates": [ 99.218522572839717, 19.730109401185793 ] } },
{ "type": "Feature", "properties": { "Id": 0, "x": 99.2195, "y": 19.7331 }, "geometry": { "type": "Point", "coordinates": [ 99.219463885188631, 19.73314027715357 ] } },
{ "type": "Feature", "properties": { "Id": 0, "x": 99.2171, "y": 19.7374 }, "geometry": { "type": "Point", "coordinates": [ 99.217126608571419, 19.737358378759961 ] } },
{ "type": "Feature", "properties": { "Id": 0, "x": 99.2284, "y": 19.7493 }, "geometry": { "type": "Point", "coordinates": [ 99.228390208234586, 19.749324555022469 ] } },
{ "type": "Feature", "properties": { "Id": 0, "x": 99.2267, "y": 19.745 }, "geometry": { "type": "Point", "coordinates": [ 99.226665800589558, 19.74503754726873 ] } },
{ "type": "Feature", "properties": { "Id": 0, "x": 99.2263, "y": 19.7416 }, "geometry": { "type": "Point", "coordinates": [ 99.226348482275441, 19.741562217089246 ] } },
{ "type": "Feature", "properties": { "Id": 0, "x": 99.2372, "y": 19.7426 }, "geometry": { "type": "Point", "coordinates": [ 99.23720634552663, 19.742583493159113 ] } },
{ "type": "Feature", "properties": { "Id": 0, "x": 99.246, "y": 19.7477 }, "geometry": { "type": "Point", "coordinates": [ 99.246039979954119, 19.747748192876038 ] } },
{ "type": "Feature", "properties": { "Id": 0, "x": 99.2512, "y": 19.7512 }, "geometry": { "type": "Point", "coordinates": [ 99.251200416922273, 19.75121675351636 ] } },
{ "type": "Feature", "properties": { "Id": 0, "x": 99.2562, "y": 19.7577 }, "geometry": { "type": "Point", "coordinates": [ 99.256209697915793, 19.757717389857433 ] } },
{ "type": "Feature", "properties": { "Id": 0, "x": 99.2468, "y": 19.7584 }, "geometry": { "type": "Point", "coordinates": [ 99.246837416654145, 19.758396121342098 ] } },
{ "type": "Feature", "properties": { "Id": 0, "x": 99.2279, "y": 19.7623 }, "geometry": { "type": "Point", "coordinates": [ 99.227861834079718, 19.762266762259657 ] } },
{ "type": "Feature", "properties": { "Id": 0, "x": 99.2235, "y": 19.7564 }, "geometry": { "type": "Point", "coordinates": [ 99.223479252649284, 19.756356158827408 ] } },
{ "type": "Feature", "properties": { "Id": 0, "x": 99.2197, "y": 19.7573 }, "geometry": { "type": "Point", "coordinates": [ 99.21973127075897, 19.75732216940019 ] } },
{ "type": "Feature", "properties": { "Id": 0, "x": 99.2409, "y": 19.7688 }, "geometry": { "type": "Point", "coordinates": [ 99.240916621088132, 19.768831349536988 ] } },
{ "type": "Feature", "properties": { "Id": 0, "x": 99.2444, "y": 19.7701 }, "geometry": { "type": "Point", "coordinates": [ 99.244355655500101, 19.770083860883229 ] } },
{ "type": "Feature", "properties": { "Id": 0, "x": 99.2491, "y": 19.7728 }, "geometry": { "type": "Point", "coordinates": [ 99.249125038856747, 19.772813486087109 ] } },
{ "type": "Feature", "properties": { "Id": 0, "x": 99.2469, "y": 19.7764 }, "geometry": { "type": "Point", "coordinates": [ 99.246865189506622, 19.776440236656025 ] } },
{ "type": "Feature", "properties": { "Id": 0, "x": 99.2445, "y": 19.7812 }, "geometry": { "type": "Point", "coordinates": [ 99.244528922077038, 19.781250284261706 ] } },
{ "type": "Feature", "properties": { "Id": 0, "x": 99.2526, "y": 19.7721 }, "geometry": { "type": "Point", "coordinates": [ 99.252639310350261, 19.77214299566263 ] } },
{ "type": "Feature", "properties": { "Id": 0, "x": 99.2649, "y": 19.7758 }, "geometry": { "type": "Point", "coordinates": [ 99.264909922263271, 19.775822813777232 ] } },
{ "type": "Feature", "properties": { "Id": 0, "x": 99.2643, "y": 19.7798 }, "geometry": { "type": "Point", "coordinates": [ 99.264291549750908, 19.779817097861972 ] } },
{ "type": "Feature", "properties": { "Id": 0, "x": 99.2637, "y": 19.7829 }, "geometry": { "type": "Point", "coordinates": [ 99.263671687437323, 19.782923965622953 ] } },
{ "type": "Feature", "properties": { "Id": 0, "x": 99.2719, "y": 19.7831 }, "geometry": { "type": "Point", "coordinates": [ 99.27195310700337, 19.783133417430641 ] } },
{ "type": "Feature", "properties": { "Id": 0, "x": 99.2759, "y": 19.7794 }, "geometry": { "type": "Point", "coordinates": [ 99.275930891887768, 19.77935581279166 ] } },
{ "type": "Feature", "properties": { "Id": 0, "x": 99.2782, "y": 19.7724 }, "geometry": { "type": "Point", "coordinates": [ 99.278184344844604, 19.772400906008908 ] } },
{ "type": "Feature", "properties": { "Id": 0, "x": 99.2873, "y": 19.7786 }, "geometry": { "type": "Point", "coordinates": [ 99.287335263687837, 19.778598343898548 ] } },
{ "type": "Feature", "properties": { "Id": 0, "x": 99.2939, "y": 19.7901 }, "geometry": { "type": "Point", "coordinates": [ 99.293918434995746, 19.790050065946957 ] } },
{ "type": "Feature", "properties": { "Id": 0, "x": 99.2902, "y": 19.7901 }, "geometry": { "type": "Point", "coordinates": [ 99.29016836948351, 19.790056191809036 ] } },
{ "type": "Feature", "properties": { "Id": 0, "x": 99.2845, "y": 19.7863 }, "geometry": { "type": "Point", "coordinates": [ 99.284458445149056, 19.786293861824575 ] } },
{ "type": "Feature", "properties": { "Id": 0, "x": 99.2811, "y": 19.7901 }, "geometry": { "type": "Point", "coordinates": [ 99.281105835229098, 19.790144622136417 ] } },
{ "type": "Feature", "properties": { "Id": 0, "x": 99.277, "y": 19.7913 }, "geometry": { "type": "Point", "coordinates": [ 99.276967048814399, 19.791260348686162 ] } },
{ "type": "Feature", "properties": { "Id": 0, "x": 99.2748, "y": 19.7958 }, "geometry": { "type": "Point", "coordinates": [ 99.274787230924801, 19.795774730060756 ] } },
{ "type": "Feature", "properties": { "Id": 0, "x": 99.2746, "y": 19.7983 }, "geometry": { "type": "Point", "coordinates": [ 99.274557154396405, 19.798289420308784 ] } },
{ "type": "Feature", "properties": { "Id": 0, "x": 99.2764, "y": 19.7995 }, "geometry": { "type": "Point", "coordinates": [ 99.276434329197627, 19.799469743499756 ] } },
{ "type": "Feature", "properties": { "Id": 0, "x": 99.2784, "y": 19.7978 }, "geometry": { "type": "Point", "coordinates": [ 99.278384648230471, 19.797765841942251 ] } },
{ "type": "Feature", "properties": { "Id": 0, "x": 99.2421, "y": 19.802 }, "geometry": { "type": "Point", "coordinates": [ 99.242138429572648, 19.801959892288771 ] } },
{ "type": "Feature", "properties": { "Id": 0, "x": 99.24, "y": 19.7987 }, "geometry": { "type": "Point", "coordinates": [ 99.240023973532018, 19.798708891909843 ] } },
{ "type": "Feature", "properties": { "Id": 0, "x": 99.2392, "y": 19.796 }, "geometry": { "type": "Point", "coordinates": [ 99.239238576010507, 19.795973749323515 ] } },
{ "type": "Feature", "properties": { "Id": 0, "x": 99.2372, "y": 19.7934 }, "geometry": { "type": "Point", "coordinates": [ 99.237203372677172, 19.793388167576694 ] } },
{ "type": "Feature", "properties": { "Id": 0, "x": 99.244, "y": 19.7989 }, "geometry": { "type": "Point", "coordinates": [ 99.244008875148481, 19.798851397960025 ] } },
{ "type": "Feature", "properties": { "Id": 0, "x": 99.2455, "y": 19.8255 }, "geometry": { "type": "Point", "coordinates": [ 99.245456073711253, 19.825471807190233 ] } },
{ "type": "Feature", "properties": { "Id": 0, "x": 99.2416, "y": 19.829 }, "geometry": { "type": "Point", "coordinates": [ 99.2416323846398, 19.829026670729288 ] } },
{ "type": "Feature", "properties": { "Id": 0, "x": 99.2377, "y": 19.8276 }, "geometry": { "type": "Point", "coordinates": [ 99.237723008473779, 19.827626851621776 ] } },
{ "type": "Feature", "properties": { "Id": 0, "x": 99.2347, "y": 19.8268 }, "geometry": { "type": "Point", "coordinates": [ 99.234674156708422, 19.826817424956001 ] } },
{ "type": "Feature", "properties": { "Id": 0, "x": 99.2213, "y": 19.8046 }, "geometry": { "type": "Point", "coordinates": [ 99.221280716792521, 19.804649183898416 ] } },
{ "type": "Feature", "properties": { "Id": 0, "x": 99.2217, "y": 19.789 }, "geometry": { "type": "Point", "coordinates": [ 99.221727912072424, 19.789044903193311 ] } },
{ "type": "Feature", "properties": { "Id": 0, "x": 99.2176, "y": 19.787 }, "geometry": { "type": "Point", "coordinates": [ 99.21758440486829, 19.786979354681016 ] } },
{ "type": "Feature", "properties": { "Id": 0, "x": 99.2145, "y": 19.7851 }, "geometry": { "type": "Point", "coordinates": [ 99.214456917024322, 19.785134347477005 ] } },
{ "type": "Feature", "properties": { "Id": 0, "x": 99.2114, "y": 19.7843 }, "geometry": { "type": "Point", "coordinates": [ 99.211408892793926, 19.784250559620421 ] } },
{ "type": "Feature", "properties": { "Id": 0, "x": 99.2079, "y": 19.7856 }, "geometry": { "type": "Point", "coordinates": [ 99.207895038550362, 19.785585805503047 ] } },
{ "type": "Feature", "properties": { "Id": 0, "x": 99.2081, "y": 19.7882 }, "geometry": { "type": "Point", "coordinates": [ 99.208054649176546, 19.788173920372714 ] } },
{ "type": "Feature", "properties": { "Id": 0, "x": 99.2141, "y": 19.7879 }, "geometry": { "type": "Point", "coordinates": [ 99.214148076585857, 19.787870920281982 ] } },
{ "type": "Feature", "properties": { "Id": 0, "x": 99.2174, "y": 19.7924 }, "geometry": { "type": "Point", "coordinates": [ 99.217435481984396, 19.792377986955653 ] } },
{ "type": "Feature", "properties": { "Id": 0, "x": 99.1971, "y": 19.8033 }, "geometry": { "type": "Point", "coordinates": [ 99.197135674338639, 19.803346331547765 ] } },
{ "type": "Feature", "properties": { "Id": 0, "x": 99.2087, "y": 19.8223 }, "geometry": { "type": "Point", "coordinates": [ 99.208724111893957, 19.822264684448587 ] } },
{ "type": "Feature", "properties": { "Id": 0, "x": 99.2137, "y": 19.8247 }, "geometry": { "type": "Point", "coordinates": [ 99.213650355145759, 19.824699244328784 ] } },
{ "type": "Feature", "properties": { "Id": 0, "x": 99.4209, "y": 20.0449 }, "geometry": { "type": "Point", "coordinates": [ 99.420853776360701, 20.044865587591666 ] } },
{ "type": "Feature", "properties": { "Id": 0, "x": 99.419, "y": 20.0409 }, "geometry": { "type": "Point", "coordinates": [ 99.419009360340922, 20.040941469692932 ] } },
{ "type": "Feature", "properties": { "Id": 0, "x": 99.4355, "y": 20.0401 }, "geometry": { "type": "Point", "coordinates": [ 99.43551267329272, 20.040092805998452 ] } },
{ "type": "Feature", "properties": { "Id": 0, "x": 99.4334, "y": 20.0365 }, "geometry": { "type": "Point", "coordinates": [ 99.433424386109962, 20.036516073038598 ] } },
{ "type": "Feature", "properties": { "Id": 0, "x": 99.443, "y": 20.0483 }, "geometry": { "type": "Point", "coordinates": [ 99.442993685855782, 20.048277836511634 ] } },
{ "type": "Feature", "properties": { "Id": 0, "x": 99.4305, "y": 20.0518 }, "geometry": { "type": "Point", "coordinates": [ 99.430531715137263, 20.051774925556717 ] } },
{ "type": "Feature", "properties": { "Id": 0, "x": 99.4547, "y": 20.0206 }, "geometry": { "type": "Point", "coordinates": [ 99.454652030520862, 20.020633305311385 ] } },
{ "type": "Feature", "properties": { "Id": 0, "x": 99.4531, "y": 20.0249 }, "geometry": { "type": "Point", "coordinates": [ 99.453075064378666, 20.024912470939036 ] } },
{ "type": "Feature", "properties": { "Id": 0, "x": 99.459, "y": 20.0351 }, "geometry": { "type": "Point", "coordinates": [ 99.458972601888206, 20.035065125607673 ] } },
{ "type": "Feature", "properties": { "Id": 0, "x": 99.4537, "y": 20.0347 }, "geometry": { "type": "Point", "coordinates": [ 99.453714501232895, 20.034732054285325 ] } },
{ "type": "Feature", "properties": { "Id": 0, "x": 99.4556, "y": 20.0374 }, "geometry": { "type": "Point", "coordinates": [ 99.455556031866152, 20.037384827594419 ] } },
{ "type": "Feature", "properties": { "Id": 0, "x": 99.4555, "y": 20.034 }, "geometry": { "type": "Point", "coordinates": [ 99.455546373658535, 20.034034085808727 ] } },
{ "type": "Feature", "properties": { "Id": 0, "x": 99.4428, "y": 20.0162 }, "geometry": { "type": "Point", "coordinates": [ 99.442781434704472, 20.016157169831281 ] } },
{ "type": "Feature", "properties": { "Id": 0, "x": 99.4391, "y": 20.0155 }, "geometry": { "type": "Point", "coordinates": [ 99.439112193353452, 20.015473040983192 ] } },
{ "type": "Feature", "properties": { "Id": 0, "x": 99.4364, "y": 20.0188 }, "geometry": { "type": "Point", "coordinates": [ 99.436432081315488, 20.018830446231206 ] } },
{ "type": "Feature", "properties": { "Id": 0, "x": 99.4809, "y": 20.044 }, "geometry": { "type": "Point", "coordinates": [ 99.480884211672617, 20.044019314821831 ] } },
{ "type": "Feature", "properties": { "Id": 0, "x": 99.4847, "y": 20.0507 }, "geometry": { "type": "Point", "coordinates": [ 99.484694982804285, 20.050710417047707 ] } },
{ "type": "Feature", "properties": { "Id": 0, "x": 99.4834, "y": 20.0558 }, "geometry": { "type": "Point", "coordinates": [ 99.483365577112025, 20.055797951968088 ] } },
{ "type": "Feature", "properties": { "Id": 0, "x": 99.4798, "y": 20.0594 }, "geometry": { "type": "Point", "coordinates": [ 99.479830522119329, 20.059389416770387 ] } },
{ "type": "Feature", "properties": { "Id": 0, "x": 99.4767, "y": 20.0607 }, "geometry": { "type": "Point", "coordinates": [ 99.476655165761358, 20.060668981189885 ] } },
{ "type": "Feature", "properties": { "Id": 0, "x": 99.4809, "y": 20.0642 }, "geometry": { "type": "Point", "coordinates": [ 99.48094580029877, 20.064239192752144 ] } },
{ "type": "Feature", "properties": { "Id": 0, "x": 99.481, "y": 20.0696 }, "geometry": { "type": "Point", "coordinates": [ 99.480962001811406, 20.069554124394362 ] } },
{ "type": "Feature", "properties": { "Id": 0, "x": 99.4856, "y": 20.0609 }, "geometry": { "type": "Point", "coordinates": [ 99.485582144492213, 20.060875770258296 ] } },
{ "type": "Feature", "properties": { "Id": 0, "x": 99.4921, "y": 20.0591 }, "geometry": { "type": "Point", "coordinates": [ 99.492057457584295, 20.059124720489194 ] } },
{ "type": "Feature", "properties": { "Id": 0, "x": 99.4928, "y": 20.0605 }, "geometry": { "type": "Point", "coordinates": [ 99.492795443927548, 20.060509179441556 ] } },
{ "type": "Feature", "properties": { "Id": 0, "x": 99.4923, "y": 20.0537 }, "geometry": { "type": "Point", "coordinates": [ 99.492285075701034, 20.053693568726473 ] } },
{ "type": "Feature", "properties": { "Id": 0, "x": 99.4793, "y": 20.0829 }, "geometry": { "type": "Point", "coordinates": [ 99.479256410699236, 20.082929377308023 ] } },
{ "type": "Feature", "properties": { "Id": 0, "x": 99.4767, "y": 20.0858 }, "geometry": { "type": "Point", "coordinates": [ 99.476682262168993, 20.085820291775246 ] } },
{ "type": "Feature", "properties": { "Id": 0, "x": 99.4721, "y": 20.0878 }, "geometry": { "type": "Point", "coordinates": [ 99.472148568438826, 20.087829051699124 ] } },
{ "type": "Feature", "properties": { "Id": 0, "x": 99.4916, "y": 20.0949 }, "geometry": { "type": "Point", "coordinates": [ 99.491582191347959, 20.094948894980348 ] } },
{ "type": "Feature", "properties": { "Id": 0, "x": 99.4859, "y": 20.0954 }, "geometry": { "type": "Point", "coordinates": [ 99.485869512036373, 20.095408394896729 ] } },
{ "type": "Feature", "properties": { "Id": 0, "x": 99.4809, "y": 20.0957 }, "geometry": { "type": "Point", "coordinates": [ 99.48086082026964, 20.095717899563041 ] } },
{ "type": "Feature", "properties": { "Id": 0, "x": 99.5106, "y": 20.1023 }, "geometry": { "type": "Point", "coordinates": [ 99.510548579933342, 20.10228975418315 ] } },
{ "type": "Feature", "properties": { "Id": 0, "x": 99.5104, "y": 20.1059 }, "geometry": { "type": "Point", "coordinates": [ 99.510403768894633, 20.105913572492 ] } },
{ "type": "Feature", "properties": { "Id": 0, "x": 99.5191, "y": 20.1083 }, "geometry": { "type": "Point", "coordinates": [ 99.519100867408284, 20.108328444267414 ] } },
{ "type": "Feature", "properties": { "Id": 0, "x": 99.5216, "y": 20.1063 }, "geometry": { "type": "Point", "coordinates": [ 99.521598995899723, 20.106250565686707 ] } },
{ "type": "Feature", "properties": { "Id": 0, "x": 99.5233, "y": 20.1038 }, "geometry": { "type": "Point", "coordinates": [ 99.523313041641131, 20.103805245605514 ] } },
{ "type": "Feature", "properties": { "Id": 0, "x": 99.5351, "y": 20.1048 }, "geometry": { "type": "Point", "coordinates": [ 99.535058337670392, 20.10480527522726 ] } },
{ "type": "Feature", "properties": { "Id": 0, "x": 99.538, "y": 20.109 }, "geometry": { "type": "Point", "coordinates": [ 99.538047341668602, 20.109011145188134 ] } },
{ "type": "Feature", "properties": { "Id": 0, "x": 99.542, "y": 20.113 }, "geometry": { "type": "Point", "coordinates": [ 99.541975139655989, 20.112992237535501 ] } },
{ "type": "Feature", "properties": { "Id": 0, "x": 99.5463, "y": 20.1168 }, "geometry": { "type": "Point", "coordinates": [ 99.546293790828059, 20.116750186889355 ] } },
{ "type": "Feature", "properties": { "Id": 0, "x": 99.549, "y": 20.1199 }, "geometry": { "type": "Point", "coordinates": [ 99.548966565617576, 20.119921584945871 ] } },
{ "type": "Feature", "properties": { "Id": 0, "x": 99.5488, "y": 20.1074 }, "geometry": { "type": "Point", "coordinates": [ 99.548766157756233, 20.107351304497428 ] } },
{ "type": "Feature", "properties": { "Id": 0, "x": 99.148, "y": 19.9006 }, "geometry": { "type": "Point", "coordinates": [ 99.148001682891277, 19.900639469840669 ] } },
{ "type": "Feature", "properties": { "Id": 0, "x": 99.1344, "y": 19.8844 }, "geometry": { "type": "Point", "coordinates": [ 99.134384415616225, 19.884381100527616 ] } },
{ "type": "Feature", "properties": { "Id": 0, "x": 99.1066, "y": 19.8908 }, "geometry": { "type": "Point", "coordinates": [ 99.106558082402046, 19.890825853453492 ] } },
{ "type": "Feature", "properties": { "Id": 0, "x": 99.1106, "y": 19.8962 }, "geometry": { "type": "Point", "coordinates": [ 99.11061566513402, 19.896153038106931 ] } },
{ "type": "Feature", "properties": { "Id": 0, "x": 99.1134, "y": 19.8994 }, "geometry": { "type": "Point", "coordinates": [ 99.113366464510221, 19.899401097895904 ] } },
{ "type": "Feature", "properties": { "Id": 0, "x": 99.1179, "y": 19.8994 }, "geometry": { "type": "Point", "coordinates": [ 99.117901557996476, 19.89939815114484 ] } },
{ "type": "Feature", "properties": { "Id": 0, "x": 99.1213, "y": 19.8985 }, "geometry": { "type": "Point", "coordinates": [ 99.121336540934649, 19.898485901236139 ] } },
{ "type": "Feature", "properties": { "Id": 0, "x": 99.1099, "y": 19.9055 }, "geometry": { "type": "Point", "coordinates": [ 99.109926588298322, 19.905450568048735 ] } },
{ "type": "Feature", "properties": { "Id": 0, "x": 99.1154, "y": 19.907 }, "geometry": { "type": "Point", "coordinates": [ 99.115419061421491, 19.907048573970247 ] } },
{ "type": "Feature", "properties": { "Id": 0, "x": 99.1126, "y": 19.9107 }, "geometry": { "type": "Point", "coordinates": [ 99.112584457946724, 19.910729474972861 ] } },
{ "type": "Feature", "properties": { "Id": 0, "x": 99.113, "y": 19.9143 }, "geometry": { "type": "Point", "coordinates": [ 99.112953107834358, 19.914321757653916 ] } },
{ "type": "Feature", "properties": { "Id": 0, "x": 99.1099, "y": 19.916 }, "geometry": { "type": "Point", "coordinates": [ 99.109933884256023, 19.916011699033309 ] } },
{ "type": "Feature", "properties": { "Id": 0, "x": 99.1001, "y": 19.9156 }, "geometry": { "type": "Point", "coordinates": [ 99.10009435578803, 19.915584676006329 ] } },
{ "type": "Feature", "properties": { "Id": 0, "x": 99.0964, "y": 19.9176 }, "geometry": { "type": "Point", "coordinates": [ 99.096434479549416, 19.917621014632694 ] } },
{ "type": "Feature", "properties": { "Id": 0, "x": 99.0996, "y": 19.921 }, "geometry": { "type": "Point", "coordinates": [ 99.099640106281356, 19.92099534564468 ] } },
{ "type": "Feature", "properties": { "Id": 0, "x": 99.0298, "y": 19.8665 }, "geometry": { "type": "Point", "coordinates": [ 99.029769106343679, 19.866471787855584 ] } },
{ "type": "Feature", "properties": { "Id": 0, "x": 99.0313, "y": 19.8791 }, "geometry": { "type": "Point", "coordinates": [ 99.031322889819677, 19.87909355165694 ] } },
{ "type": "Feature", "properties": { "Id": 0, "x": 99.0491, "y": 19.9288 }, "geometry": { "type": "Point", "coordinates": [ 99.049112367689531, 19.928817098442423 ] } },
{ "type": "Feature", "properties": { "Id": 0, "x": 99.0523, "y": 19.9156 }, "geometry": { "type": "Point", "coordinates": [ 99.052286333428043, 19.915590729918065 ] } },
{ "type": "Feature", "properties": { "Id": 0, "x": 99.0693, "y": 19.9138 }, "geometry": { "type": "Point", "coordinates": [ 99.069319892086341, 19.913781432917954 ] } },
{ "type": "Feature", "properties": { "Id": 0, "x": 99.0597, "y": 19.8978 }, "geometry": { "type": "Point", "coordinates": [ 99.059652739126605, 19.897794122762608 ] } },
{ "type": "Feature", "properties": { "Id": 0, "x": 99.0561, "y": 19.8858 }, "geometry": { "type": "Point", "coordinates": [ 99.056089487833475, 19.885772092566619 ] } },
{ "type": "Feature", "properties": { "Id": 0, "x": 99.0367, "y": 19.9055 }, "geometry": { "type": "Point", "coordinates": [ 99.036648000054541, 19.905495180583237 ] } },
{ "type": "Feature", "properties": { "Id": 0, "x": 99.033, "y": 19.9167 }, "geometry": { "type": "Point", "coordinates": [ 99.032964011475443, 19.9166774453853 ] } },
{ "type": "Feature", "properties": { "Id": 0, "x": 99.0137, "y": 19.7884 }, "geometry": { "type": "Point", "coordinates": [ 99.01374327685015, 19.788369492098248 ] } },
{ "type": "Feature", "properties": { "Id": 0, "x": 99.0081, "y": 19.78 }, "geometry": { "type": "Point", "coordinates": [ 99.00810651928785, 19.78002510554164 ] } },
{ "type": "Feature", "properties": { "Id": 0, "x": 99.0, "y": 19.7711 }, "geometry": { "type": "Point", "coordinates": [ 99.000013740345608, 19.77113335416724 ] } },
{ "type": "Feature", "properties": { "Id": 0, "x": 98.9989, "y": 19.7636 }, "geometry": { "type": "Point", "coordinates": [ 98.998857746885037, 19.763609398556003 ] } },
{ "type": "Feature", "properties": { "Id": 0, "x": 99.0046, "y": 19.7553 }, "geometry": { "type": "Point", "coordinates": [ 99.004637469767971, 19.755264588025131 ] } },
{ "type": "Feature", "properties": { "Id": 0, "x": 99.0189, "y": 19.7469 }, "geometry": { "type": "Point", "coordinates": [ 99.018941151844359, 19.746918884653233 ] } },
{ "type": "Feature", "properties": { "Id": 0, "x": 99.021, "y": 19.7337 }, "geometry": { "type": "Point", "coordinates": [ 99.020967982232634, 19.733698352007114 ] } },
{ "type": "Feature", "properties": { "Id": 0, "x": 99.0209, "y": 19.7281 }, "geometry": { "type": "Point", "coordinates": [ 99.020874792178176, 19.728095048146809 ] } },
{ "type": "Feature", "properties": { "Id": 0, "x": 99.015, "y": 19.7255 }, "geometry": { "type": "Point", "coordinates": [ 99.014957173753615, 19.725469084555776 ] } },
{ "type": "Feature", "properties": { "Id": 0, "x": 99.0053, "y": 19.742 }, "geometry": { "type": "Point", "coordinates": [ 99.005342147879546, 19.742016913312337 ] } },
{ "type": "Feature", "properties": { "Id": 0, "x": 99.0136, "y": 19.7306 }, "geometry": { "type": "Point", "coordinates": [ 99.013570747987501, 19.730634752436803 ] } },
{ "type": "Feature", "properties": { "Id": 0, "x": 98.9904, "y": 19.7354 }, "geometry": { "type": "Point", "coordinates": [ 98.990362895503608, 19.735362803007853 ] } },
{ "type": "Feature", "properties": { "Id": 0, "x": 99.0097, "y": 19.7349 }, "geometry": { "type": "Point", "coordinates": [ 99.009680270158213, 19.734904029484998 ] } },
{ "type": "Feature", "properties": { "Id": 0, "x": 99.0042, "y": 19.7354 }, "geometry": { "type": "Point", "coordinates": [ 99.004176892029136, 19.735408540381222 ] } },
{ "type": "Feature", "properties": { "Id": 0, "x": 98.9996, "y": 19.7371 }, "geometry": { "type": "Point", "coordinates": [ 98.999620302345221, 19.737145615276003 ] } },
{ "type": "Feature", "properties": { "Id": 0, "x": 99.0003, "y": 19.7279 }, "geometry": { "type": "Point", "coordinates": [ 99.00033040824573, 19.727900147252463 ] } },
{ "type": "Feature", "properties": { "Id": 0, "x": 98.9999, "y": 19.7226 }, "geometry": { "type": "Point", "coordinates": [ 98.999857023560665, 19.722633028067655 ] } },
{ "type": "Feature", "properties": { "Id": 0, "x": 99.0021, "y": 19.7194 }, "geometry": { "type": "Point", "coordinates": [ 99.002105506834695, 19.719383089464998 ] } },
{ "type": "Feature", "properties": { "Id": 0, "x": 99.0045, "y": 19.7165 }, "geometry": { "type": "Point", "coordinates": [ 99.004472248816242, 19.716525351276406 ] } },
{ "type": "Feature", "properties": { "Id": 0, "x": 99.0067, "y": 19.712 }, "geometry": { "type": "Point", "coordinates": [ 99.006720499600263, 19.711986587552797 ] } },
{ "type": "Feature", "properties": { "Id": 0, "x": 99.0098, "y": 19.7071 }, "geometry": { "type": "Point", "coordinates": [ 99.009796925713019, 19.707055516993858 ] } },
{ "type": "Feature", "properties": { "Id": 0, "x": 99.0139, "y": 19.7039 }, "geometry": { "type": "Point", "coordinates": [ 99.013879104305133, 19.703861349093845 ] } },
{ "type": "Feature", "properties": { "Id": 0, "x": 98.9921, "y": 19.705 }, "geometry": { "type": "Point", "coordinates": [ 98.992047227611607, 19.704982375926779 ] } },
{ "type": "Feature", "properties": { "Id": 0, "x": 98.9901, "y": 19.7042 }, "geometry": { "type": "Point", "coordinates": [ 98.99009482300373, 19.704197812372936 ] } },
{ "type": "Feature", "properties": { "Id": 0, "x": 98.9865, "y": 19.7074 }, "geometry": { "type": "Point", "coordinates": [ 98.986485492826802, 19.707391475255239 ] } },
{ "type": "Feature", "properties": { "Id": 0, "x": 98.9839, "y": 19.7132 }, "geometry": { "type": "Point", "coordinates": [ 98.983881605188984, 19.713162687773966 ] } },
{ "type": "Feature", "properties": { "Id": 0, "x": 98.9985, "y": 19.7108 }, "geometry": { "type": "Point", "coordinates": [ 98.998496184269484, 19.710810008434251 ] } },
{ "type": "Feature", "properties": { "Id": 0, "x": 98.9947, "y": 19.7106 }, "geometry": { "type": "Point", "coordinates": [ 98.994709479156711, 19.710585803615881 ] } },
{ "type": "Feature", "properties": { "Id": 0, "x": 98.9977, "y": 19.7145 }, "geometry": { "type": "Point", "coordinates": [ 98.997726956039628, 19.714508195768477 ] } },
{ "type": "Feature", "properties": { "Id": 0, "x": 99.0007, "y": 19.7003 }, "geometry": { "type": "Point", "coordinates": [ 99.000744496334235, 19.700331784524284 ] } },
{ "type": "Feature", "properties": { "Id": 0, "x": 98.9766, "y": 19.7048 }, "geometry": { "type": "Point", "coordinates": [ 98.976605133281296, 19.704756893739198 ] } },
{ "type": "Feature", "properties": { "Id": 0, "x": 98.9727, "y": 19.7098 }, "geometry": { "type": "Point", "coordinates": [ 98.972699377726514, 19.70979933832405 ] } },
{ "type": "Feature", "properties": { "Id": 0, "x": 98.9815, "y": 19.7021 }, "geometry": { "type": "Point", "coordinates": [ 98.981516143438341, 19.702123900846313 ] } },
{ "type": "Feature", "properties": { "Id": 0, "x": 98.9846, "y": 19.6976 }, "geometry": { "type": "Point", "coordinates": [ 98.984600072666098, 19.697569640547684 ] } },
{ "type": "Feature", "properties": { "Id": 0, "x": 98.9871, "y": 19.6954 }, "geometry": { "type": "Point", "coordinates": [ 98.987097210470708, 19.695410582342848 ] } },
{ "type": "Feature", "properties": { "Id": 0, "x": 98.9905, "y": 19.692 }, "geometry": { "type": "Point", "coordinates": [ 98.99050936801035, 19.6919883013251 ] } },
{ "type": "Feature", "properties": { "Id": 0, "x": 98.9918, "y": 19.6917 }, "geometry": { "type": "Point", "coordinates": [ 98.99181210353413, 19.691665211472976 ] } },
{ "type": "Feature", "properties": { "Id": 0, "x": 98.9924, "y": 19.6905 }, "geometry": { "type": "Point", "coordinates": [ 98.992416992898285, 19.690460754865956 ] } },
{ "type": "Feature", "properties": { "Id": 0, "x": 98.9954, "y": 19.6911 }, "geometry": { "type": "Point", "coordinates": [ 98.995394589838554, 19.691107164006354 ] } },
{ "type": "Feature", "properties": { "Id": 0, "x": 98.9963, "y": 19.6926 }, "geometry": { "type": "Point", "coordinates": [ 98.996278539024928, 19.692576066307716 ] } },
{ "type": "Feature", "properties": { "Id": 0, "x": 98.9972, "y": 19.6938 }, "geometry": { "type": "Point", "coordinates": [ 98.997162508735215, 19.693795254170279 ] } },
{ "type": "Feature", "properties": { "Id": 0, "x": 98.998, "y": 19.6902 }, "geometry": { "type": "Point", "coordinates": [ 98.998000025290253, 19.690181816276738 ] } },
{ "type": "Feature", "properties": { "Id": 0, "x": 98.9922, "y": 19.6886 }, "geometry": { "type": "Point", "coordinates": [ 98.992153441460673, 19.688580574359353 ] } },
{ "type": "Feature", "properties": { "Id": 0, "x": 98.9916, "y": 19.6867 }, "geometry": { "type": "Point", "coordinates": [ 98.991595243188172, 19.686700379524837 ] } },
{ "type": "Feature", "properties": { "Id": 0, "x": 98.9932, "y": 19.685 }, "geometry": { "type": "Point", "coordinates": [ 98.993208153004431, 19.68498185492583 ] } },
{ "type": "Feature", "properties": { "Id": 0, "x": 98.995, "y": 19.6838 }, "geometry": { "type": "Point", "coordinates": [ 98.994960580439724, 19.683821495071307 ] } },
{ "type": "Feature", "properties": { "Id": 0, "x": 98.9961, "y": 19.6848 }, "geometry": { "type": "Point", "coordinates": [ 98.996077116601555, 19.684790985733777 ] } },
{ "type": "Feature", "properties": { "Id": 0, "x": 98.9965, "y": 19.6834 }, "geometry": { "type": "Point", "coordinates": [ 98.996526875800285, 19.683351489584521 ] } },
{ "type": "Feature", "properties": { "Id": 0, "x": 98.9981, "y": 19.6829 }, "geometry": { "type": "Point", "coordinates": [ 98.998062147010089, 19.682852092414041 ] } },
{ "type": "Feature", "properties": { "Id": 0, "x": 98.9991, "y": 19.686 }, "geometry": { "type": "Point", "coordinates": [ 98.99914766830328, 19.685951444019331 ] } },
{ "type": "Feature", "properties": { "Id": 0, "x": 98.9949, "y": 19.6813 }, "geometry": { "type": "Point", "coordinates": [ 98.994914135470324, 19.681339080961987 ] } },
{ "type": "Feature", "properties": { "Id": 0, "x": 98.9525, "y": 19.706 }, "geometry": { "type": "Point", "coordinates": [ 98.952462726791836, 19.706028425662339 ] } },
{ "type": "Feature", "properties": { "Id": 0, "x": 98.9515, "y": 19.7082 }, "geometry": { "type": "Point", "coordinates": [ 98.951492693360251, 19.708231484369417 ] } },
{ "type": "Feature", "properties": { "Id": 0, "x": 98.966, "y": 19.6921 }, "geometry": { "type": "Point", "coordinates": [ 98.966036841799891, 19.692077144647573 ] } },
{ "type": "Feature", "properties": { "Id": 0, "x": 98.9591, "y": 19.7237 }, "geometry": { "type": "Point", "coordinates": [ 98.959146898277993, 19.723656605170056 ] } },
{ "type": "Feature", "properties": { "Id": 0, "x": 98.9518, "y": 19.7283 }, "geometry": { "type": "Point", "coordinates": [ 98.951777479657395, 19.728336816107348 ] } },
{ "type": "Feature", "properties": { "Id": 0, "x": 98.9254, "y": 19.7171 }, "geometry": { "type": "Point", "coordinates": [ 98.925377285233964, 19.717120247377114 ] } },
{ "type": "Feature", "properties": { "Id": 0, "x": 98.9212, "y": 19.7151 }, "geometry": { "type": "Point", "coordinates": [ 98.921221324092855, 19.715120797491672 ] } },
{ "type": "Feature", "properties": { "Id": 0, "x": 98.9158, "y": 19.7154 }, "geometry": { "type": "Point", "coordinates": [ 98.915761377743308, 19.71541209145456 ] } },
{ "type": "Feature", "properties": { "Id": 0, "x": 98.9179, "y": 19.7109 }, "geometry": { "type": "Point", "coordinates": [ 98.917935198064512, 19.71088895770459 ] } },
{ "type": "Feature", "properties": { "Id": 0, "x": 98.9106, "y": 19.7275 }, "geometry": { "type": "Point", "coordinates": [ 98.910605062987628, 19.727513130111586 ] } },
{ "type": "Feature", "properties": { "Id": 0, "x": 98.9125, "y": 19.7295 }, "geometry": { "type": "Point", "coordinates": [ 98.912527459690423, 19.729511747795915 ] } },
{ "type": "Feature", "properties": { "Id": 0, "x": 98.9142, "y": 19.7327 }, "geometry": { "type": "Point", "coordinates": [ 98.914201079105709, 19.732685324803306 ] } },
{ "type": "Feature", "properties": { "Id": 0, "x": 98.9128, "y": 19.7332 }, "geometry": { "type": "Point", "coordinates": [ 98.912835695167075, 19.733213460479966 ] } },
{ "type": "Feature", "properties": { "Id": 0, "x": 98.9145, "y": 19.7347 }, "geometry": { "type": "Point", "coordinates": [ 98.914510234328787, 19.734741895699912 ] } },
{ "type": "Feature", "properties": { "Id": 0, "x": 98.9149, "y": 19.7371 }, "geometry": { "type": "Point", "coordinates": [ 98.914943344736542, 19.737092299133764 ] } },
{ "type": "Feature", "properties": { "Id": 0, "x": 98.9142, "y": 19.7382 }, "geometry": { "type": "Point", "coordinates": [ 98.91419812962549, 19.738208287336331 ] } },
{ "type": "Feature", "properties": { "Id": 0, "x": 98.9183, "y": 19.7379 }, "geometry": { "type": "Point", "coordinates": [ 98.918293741315068, 19.737857672278043 ] } },
{ "type": "Feature", "properties": { "Id": 0, "x": 98.9195, "y": 19.7404 }, "geometry": { "type": "Point", "coordinates": [ 98.919533513202197, 19.740384694799307 ] } },
{ "type": "Feature", "properties": { "Id": 0, "x": 98.9192, "y": 19.742 }, "geometry": { "type": "Point", "coordinates": [ 98.919222451104261, 19.741970937223304 ] } },
{ "type": "Feature", "properties": { "Id": 0, "x": 98.9215, "y": 19.744 }, "geometry": { "type": "Point", "coordinates": [ 98.921517424377726, 19.744028378647837 ] } },
{ "type": "Feature", "properties": { "Id": 0, "x": 98.9246, "y": 19.7439 }, "geometry": { "type": "Point", "coordinates": [ 98.924558166152551, 19.74385342041646 ] } },
{ "type": "Feature", "properties": { "Id": 0, "x": 98.9296, "y": 19.7523 }, "geometry": { "type": "Point", "coordinates": [ 98.929642903234111, 19.752316190930848 ] } },
{ "type": "Feature", "properties": { "Id": 0, "x": 98.9305, "y": 19.7524 }, "geometry": { "type": "Point", "coordinates": [ 98.930511657050474, 19.752434039850435 ] } },
{ "type": "Feature", "properties": { "Id": 0, "x": 98.927, "y": 19.7511 }, "geometry": { "type": "Point", "coordinates": [ 98.927037023414627, 19.751140051230539 ] } },
{ "type": "Feature", "properties": { "Id": 0, "x": 98.9312, "y": 19.7628 }, "geometry": { "type": "Point", "coordinates": [ 98.931189830496436, 19.762833902837045 ] } },
{ "type": "Feature", "properties": { "Id": 0, "x": 98.9321, "y": 19.7664 }, "geometry": { "type": "Point", "coordinates": [ 98.932057174088897, 19.766418274749167 ] } },
{ "type": "Feature", "properties": { "Id": 0, "x": 98.9366, "y": 19.7677 }, "geometry": { "type": "Point", "coordinates": [ 98.936587257484646, 19.767712541812038 ] } },
{ "type": "Feature", "properties": { "Id": 0, "x": 98.9062, "y": 19.7585 }, "geometry": { "type": "Point", "coordinates": [ 98.906181543502129, 19.758533444000051 ] } },
{ "type": "Feature", "properties": { "Id": 0, "x": 98.9069, "y": 19.7604 }, "geometry": { "type": "Point", "coordinates": [ 98.906863144542811, 19.760355197753857 ] } },
{ "type": "Feature", "properties": { "Id": 0, "x": 98.909, "y": 19.7528 }, "geometry": { "type": "Point", "coordinates": [ 98.90903952678093, 19.752835703691943 ] } },
{ "type": "Feature", "properties": { "Id": 0, "x": 98.9116, "y": 19.7495 }, "geometry": { "type": "Point", "coordinates": [ 98.911585702631072, 19.749546708560935 ] } },
{ "type": "Feature", "properties": { "Id": 0, "x": 98.9031, "y": 19.747 }, "geometry": { "type": "Point", "coordinates": [ 98.903147560281965, 19.747015885901032 ] } },
{ "type": "Feature", "properties": { "Id": 0, "x": 98.9049, "y": 19.7339 }, "geometry": { "type": "Point", "coordinates": [ 98.904892869745936, 19.733914480485257 ] } },
{ "type": "Feature", "properties": { "Id": 0, "x": 98.9045, "y": 19.7364 }, "geometry": { "type": "Point", "coordinates": [ 98.904519066356926, 19.736440743493812 ] } },
{ "type": "Feature", "properties": { "Id": 0, "x": 98.9066, "y": 19.7346 }, "geometry": { "type": "Point", "coordinates": [ 98.906629869250025, 19.734620453124336 ] } },
{ "type": "Feature", "properties": { "Id": 0, "x": 98.892, "y": 19.7335 }, "geometry": { "type": "Point", "coordinates": [ 98.891986680878404, 19.733495881820879 ] } },
{ "type": "Feature", "properties": { "Id": 0, "x": 98.8915, "y": 19.731 }, "geometry": { "type": "Point", "coordinates": [ 98.891491985778259, 19.73096912115837 ] } },
{ "type": "Feature", "properties": { "Id": 0, "x": 98.8925, "y": 19.7148 }, "geometry": { "type": "Point", "coordinates": [ 98.892489311717725, 19.714758394539018 ] } },
{ "type": "Feature", "properties": { "Id": 0, "x": 98.8983, "y": 19.7049 }, "geometry": { "type": "Point", "coordinates": [ 98.898251506005451, 19.704864049297939 ] } },
{ "type": "Feature", "properties": { "Id": 0, "x": 98.9007, "y": 19.7092 }, "geometry": { "type": "Point", "coordinates": [ 98.900672252410587, 19.709168758077112 ] } },
{ "type": "Feature", "properties": { "Id": 0, "x": 98.9049, "y": 19.7156 }, "geometry": { "type": "Point", "coordinates": [ 98.904909505457596, 19.715626079445912 ] } },
{ "type": "Feature", "properties": { "Id": 0, "x": 98.9067, "y": 19.7185 }, "geometry": { "type": "Point", "coordinates": [ 98.906681399426901, 19.718540415869779 ] } },
{ "type": "Feature", "properties": { "Id": 0, "x": 98.9091, "y": 19.7209 }, "geometry": { "type": "Point", "coordinates": [ 98.909062564625671, 19.720910642105657 ] } },
{ "type": "Feature", "properties": { "Id": 0, "x": 98.9095, "y": 19.7238 }, "geometry": { "type": "Point", "coordinates": [ 98.909497712648587, 19.723843912638994 ] } },
{ "type": "Feature", "properties": { "Id": 0, "x": 98.9036, "y": 19.7268 }, "geometry": { "type": "Point", "coordinates": [ 98.903618870017567, 19.726849103995402 ] } },
{ "type": "Feature", "properties": { "Id": 0, "x": 98.9052, "y": 19.7221 }, "geometry": { "type": "Point", "coordinates": [ 98.905170373000544, 19.722111928585672 ] } },
{ "type": "Feature", "properties": { "Id": 0, "x": 98.8405, "y": 19.8031 }, "geometry": { "type": "Point", "coordinates": [ 98.840480329093893, 19.803081171825244 ] } },
{ "type": "Feature", "properties": { "Id": 0, "x": 98.8346, "y": 19.7828 }, "geometry": { "type": "Point", "coordinates": [ 98.834607510252667, 19.782754682876195 ] } },
{ "type": "Feature", "properties": { "Id": 0, "x": 98.822, "y": 19.7716 }, "geometry": { "type": "Point", "coordinates": [ 98.821991925722514, 19.771585847260059 ] } },
{ "type": "Feature", "properties": { "Id": 0, "x": 98.7875, "y": 19.748 }, "geometry": { "type": "Point", "coordinates": [ 98.787509052145566, 19.748039399158991 ] } },
{ "type": "Feature", "properties": { "Id": 0, "x": 98.7614, "y": 19.7456 }, "geometry": { "type": "Point", "coordinates": [ 98.761420525523789, 19.745615818929608 ] } },
{ "type": "Feature", "properties": { "Id": 0, "x": 98.748, "y": 19.7388 }, "geometry": { "type": "Point", "coordinates": [ 98.747964498126663, 19.738823664511656 ] } },
{ "type": "Feature", "properties": { "Id": 0, "x": 98.7383, "y": 19.7304 }, "geometry": { "type": "Point", "coordinates": [ 98.738299385214404, 19.730442262096656 ] } },
{ "type": "Feature", "properties": { "Id": 0, "x": 98.7581, "y": 19.7221 }, "geometry": { "type": "Point", "coordinates": [ 98.758089256632871, 19.722102501897155 ] } },
{ "type": "Feature", "properties": { "Id": 0, "x": 98.7712, "y": 19.7171 }, "geometry": { "type": "Point", "coordinates": [ 98.771207650228121, 19.717099176340092 ] } },
{ "type": "Feature", "properties": { "Id": 0, "x": 98.7871, "y": 19.723 }, "geometry": { "type": "Point", "coordinates": [ 98.787087750301097, 19.722984009782838 ] } },
{ "type": "Feature", "properties": { "Id": 0, "x": 98.8033, "y": 19.7143 }, "geometry": { "type": "Point", "coordinates": [ 98.803256118477108, 19.714332064143225 ] } },
{ "type": "Feature", "properties": { "Id": 0, "x": 98.8121, "y": 19.7159 }, "geometry": { "type": "Point", "coordinates": [ 98.812140627883494, 19.715871664883725 ] } },
{ "type": "Feature", "properties": { "Id": 0, "x": 98.8229, "y": 19.7217 }, "geometry": { "type": "Point", "coordinates": [ 98.822905546440111, 19.721747905200544 ] } },
{ "type": "Feature", "properties": { "Id": 0, "x": 98.8302, "y": 19.7146 }, "geometry": { "type": "Point", "coordinates": [ 98.830184035700995, 19.714614594186926 ] } },
{ "type": "Feature", "properties": { "Id": 0, "x": 98.8361, "y": 19.7075 }, "geometry": { "type": "Point", "coordinates": [ 98.836115525910287, 19.707479752548661 ] } },
{ "type": "Feature", "properties": { "Id": 0, "x": 98.8552, "y": 19.7282 }, "geometry": { "type": "Point", "coordinates": [ 98.855161286304465, 19.72816237935719 ] } },
{ "type": "Feature", "properties": { "Id": 0, "x": 98.8422, "y": 19.7311 }, "geometry": { "type": "Point", "coordinates": [ 98.842231741395693, 19.731089208177384 ] } },
{ "type": "Feature", "properties": { "Id": 0, "x": 98.8297, "y": 19.6809 }, "geometry": { "type": "Point", "coordinates": [ 98.829695771826835, 19.680914040451672 ] } },
{ "type": "Feature", "properties": { "Id": 0, "x": 98.8265, "y": 19.6805 }, "geometry": { "type": "Point", "coordinates": [ 98.826498246141796, 19.680493165812152 ] } },
{ "type": "Feature", "properties": { "Id": 0, "x": 98.822, "y": 19.6817 }, "geometry": { "type": "Point", "coordinates": [ 98.821975598408699, 19.681742182668803 ] } },
{ "type": "Feature", "properties": { "Id": 0, "x": 98.829, "y": 19.6903 }, "geometry": { "type": "Point", "coordinates": [ 98.829024145101414, 19.690314219846449 ] } },
{ "type": "Feature", "properties": { "Id": 0, "x": 98.8248, "y": 19.693 }, "geometry": { "type": "Point", "coordinates": [ 98.824830496309275, 19.693025966613543 ] } },
{ "type": "Feature", "properties": { "Id": 0, "x": 98.8327, "y": 19.6945 }, "geometry": { "type": "Point", "coordinates": [ 98.832659092187043, 19.694495783224593 ] } },
{ "type": "Feature", "properties": { "Id": 0, "x": 98.8408, "y": 19.6951 }, "geometry": { "type": "Point", "coordinates": [ 98.840819515930207, 19.695129925980162 ] } },
{ "type": "Feature", "properties": { "Id": 0, "x": 98.8408, "y": 19.6991 }, "geometry": { "type": "Point", "coordinates": [ 98.840815591560343, 19.699099153304768 ] } },
{ "type": "Feature", "properties": { "Id": 0, "x": 98.8512, "y": 19.6927 }, "geometry": { "type": "Point", "coordinates": [ 98.851188512287877, 19.69273639076588 ] } },
{ "type": "Feature", "properties": { "Id": 0, "x": 98.843, "y": 19.688 }, "geometry": { "type": "Point", "coordinates": [ 98.843032135423385, 19.688029035455994 ] } },
{ "type": "Feature", "properties": { "Id": 0, "x": 98.8509, "y": 19.6834 }, "geometry": { "type": "Point", "coordinates": [ 98.850928071059741, 19.683389667812417 ] } },
{ "type": "Feature", "properties": { "Id": 0, "x": 98.8005, "y": 19.6745 }, "geometry": { "type": "Point", "coordinates": [ 98.800480803144694, 19.6745123000922 ] } },
{ "type": "Feature", "properties": { "Id": 0, "x": 98.8145, "y": 19.6629 }, "geometry": { "type": "Point", "coordinates": [ 98.814498497120567, 19.662932964446139 ] } },
{ "type": "Feature", "properties": { "Id": 0, "x": 98.8175, "y": 19.6678 }, "geometry": { "type": "Point", "coordinates": [ 98.817470032707348, 19.66784533102102 ] } },
{ "type": "Feature", "properties": { "Id": 0, "x": 98.8196, "y": 19.6714 }, "geometry": { "type": "Point", "coordinates": [ 98.819561113052586, 19.671398867616318 ] } },
{ "type": "Feature", "properties": { "Id": 0, "x": 98.8249, "y": 19.6686 }, "geometry": { "type": "Point", "coordinates": [ 98.824857063340019, 19.668583858193809 ] } },
{ "type": "Feature", "properties": { "Id": 0, "x": 98.8453, "y": 19.6647 }, "geometry": { "type": "Point", "coordinates": [ 98.845260098236992, 19.664737794182106 ] } },
{ "type": "Feature", "properties": { "Id": 0, "x": 98.8444, "y": 19.6705 }, "geometry": { "type": "Point", "coordinates": [ 98.844372441799251, 19.670481986692568 ] } },
{ "type": "Feature", "properties": { "Id": 0, "x": 98.8525, "y": 19.6742 }, "geometry": { "type": "Point", "coordinates": [ 98.852528833947247, 19.67424920166923 ] } },
{ "type": "Feature", "properties": { "Id": 0, "x": 98.7848, "y": 19.6562 }, "geometry": { "type": "Point", "coordinates": [ 98.784762951058383, 19.656248210759507 ] } },
{ "type": "Feature", "properties": { "Id": 0, "x": 98.7767, "y": 19.6609 }, "geometry": { "type": "Point", "coordinates": [ 98.776712155816028, 19.660851063165776 ] } },
{ "type": "Feature", "properties": { "Id": 0, "x": 98.7739, "y": 19.6618 }, "geometry": { "type": "Point", "coordinates": [ 98.773888070162812, 19.661850287053777 ] } },
{ "type": "Feature", "properties": { "Id": 0, "x": 98.7675, "y": 19.6653 }, "geometry": { "type": "Point", "coordinates": [ 98.767461423741167, 19.665318299771151 ] } },
{ "type": "Feature", "properties": { "Id": 0, "x": 98.7714, "y": 19.6705 }, "geometry": { "type": "Point", "coordinates": [ 98.771405892504674, 19.670537676108761 ] } },
{ "type": "Feature", "properties": { "Id": 0, "x": 98.771, "y": 19.6761 }, "geometry": { "type": "Point", "coordinates": [ 98.770982447846265, 19.676113296348728 ] } },
{ "type": "Feature", "properties": { "Id": 0, "x": 98.7985, "y": 19.6547 }, "geometry": { "type": "Point", "coordinates": [ 98.798520727627974, 19.654663922765707 ] } },
{ "type": "Feature", "properties": { "Id": 0, "x": 98.8097, "y": 19.6565 }, "geometry": { "type": "Point", "coordinates": [ 98.809654582555282, 19.656451768169919 ] } },
{ "type": "Feature", "properties": { "Id": 0, "x": 98.804, "y": 19.7025 }, "geometry": { "type": "Point", "coordinates": [ 98.804002990941967, 19.702490098071809 ] } },
{ "type": "Feature", "properties": { "Id": 0, "x": 98.7961, "y": 19.7025 }, "geometry": { "type": "Point", "coordinates": [ 98.796075924885329, 19.702481264675285 ] } },
{ "type": "Feature", "properties": { "Id": 0, "x": 98.7253, "y": 19.6911 }, "geometry": { "type": "Point", "coordinates": [ 98.725268743211686, 19.691125507648994 ] } },
{ "type": "Feature", "properties": { "Id": 0, "x": 98.7319, "y": 19.7297 }, "geometry": { "type": "Point", "coordinates": [ 98.731924836278438, 19.729652507571309 ] } },
{ "type": "Feature", "properties": { "Id": 0, "x": 98.7307, "y": 19.722 }, "geometry": { "type": "Point", "coordinates": [ 98.730731195383939, 19.721979986012574 ] } },
{ "type": "Feature", "properties": { "Id": 0, "x": 98.7335, "y": 19.712 }, "geometry": { "type": "Point", "coordinates": [ 98.733505253964196, 19.712028487871851 ] } },
{ "type": "Feature", "properties": { "Id": 0, "x": 98.7361, "y": 19.7045 }, "geometry": { "type": "Point", "coordinates": [ 98.736102621578169, 19.704524785593566 ] } },
{ "type": "Feature", "properties": { "Id": 0, "x": 98.7323, "y": 19.6973 }, "geometry": { "type": "Point", "coordinates": [ 98.732323327821831, 19.697338055620072 ] } },
{ "type": "Feature", "properties": { "Id": 0, "x": 98.6982, "y": 19.7005 }, "geometry": { "type": "Point", "coordinates": [ 98.698197670834801, 19.700548061106755 ] } },
{ "type": "Feature", "properties": { "Id": 0, "x": 98.6908, "y": 19.7023 }, "geometry": { "type": "Point", "coordinates": [ 98.690784288594415, 19.702330718292387 ] } },
{ "type": "Feature", "properties": { "Id": 0, "x": 98.6908, "y": 19.7208 }, "geometry": { "type": "Point", "coordinates": [ 98.690748838362808, 19.720773034891383 ] } },
{ "type": "Feature", "properties": { "Id": 0, "x": 98.6782, "y": 19.7268 }, "geometry": { "type": "Point", "coordinates": [ 98.67815552588705, 19.726789513334737 ] } },
{ "type": "Feature", "properties": { "Id": 0, "x": 98.6726, "y": 19.7273 }, "geometry": { "type": "Point", "coordinates": [ 98.672639270068203, 19.727269143575889 ] } },
{ "type": "Feature", "properties": { "Id": 0, "x": 98.6761, "y": 19.7408 }, "geometry": { "type": "Point", "coordinates": [ 98.676059007180172, 19.740821478647018 ] } },
{ "type": "Feature", "properties": { "Id": 0, "x": 98.6735, "y": 19.7442 }, "geometry": { "type": "Point", "coordinates": [ 98.673466535598493, 19.744244100469089 ] } },
{ "type": "Feature", "properties": { "Id": 0, "x": 98.6919, "y": 19.75 }, "geometry": { "type": "Point", "coordinates": [ 98.691899239808492, 19.749988972349335 ] } },
{ "type": "Feature", "properties": { "Id": 0, "x": 98.7076, "y": 19.7523 }, "geometry": { "type": "Point", "coordinates": [ 98.707581397882166, 19.7523001549662 ] } },
{ "type": "Feature", "properties": { "Id": 0, "x": 98.7155, "y": 19.7474 }, "geometry": { "type": "Point", "coordinates": [ 98.715519545470372, 19.747416748102342 ] } },
{ "type": "Feature", "properties": { "Id": 0, "x": 98.709, "y": 19.7432 }, "geometry": { "type": "Point", "coordinates": [ 98.708977002901534, 19.743162868104832 ] } },
{ "type": "Feature", "properties": { "Id": 0, "x": 98.7024, "y": 19.7417 }, "geometry": { "type": "Point", "coordinates": [ 98.702429668595059, 19.741683253470743 ] } },
{ "type": "Feature", "properties": { "Id": 0, "x": 98.7108, "y": 19.7215 }, "geometry": { "type": "Point", "coordinates": [ 98.710834799199986, 19.721523618756937 ] } },
{ "type": "Feature", "properties": { "Id": 0, "x": 98.7134, "y": 19.7241 }, "geometry": { "type": "Point", "coordinates": [ 98.713442102422221, 19.724134937677636 ] } },
{ "type": "Feature", "properties": { "Id": 0, "x": 98.7069, "y": 19.7255 }, "geometry": { "type": "Point", "coordinates": [ 98.706874387609517, 19.725461309934907 ] } },
{ "type": "Feature", "properties": { "Id": 0, "x": 98.7051, "y": 19.7287 }, "geometry": { "type": "Point", "coordinates": [ 98.705103627318721, 19.728667181419606 ] } },
{ "type": "Feature", "properties": { "Id": 0, "x": 98.7063, "y": 19.7303 }, "geometry": { "type": "Point", "coordinates": [ 98.706300711012901, 19.730340383885789 ] } },
{ "type": "Feature", "properties": { "Id": 0, "x": 98.6978, "y": 19.7334 }, "geometry": { "type": "Point", "coordinates": [ 98.697752684310117, 19.733401246161144 ] } },
{ "type": "Feature", "properties": { "Id": 0, "x": 98.697, "y": 19.7317 }, "geometry": { "type": "Point", "coordinates": [ 98.696979379932998, 19.731661855513625 ] } },
{ "type": "Feature", "properties": { "Id": 0, "x": 98.6877, "y": 19.7332 }, "geometry": { "type": "Point", "coordinates": [ 98.687727981014746, 19.733250359681314 ] } },
{ "type": "Feature", "properties": { "Id": 0, "x": 98.6902, "y": 19.7343 }, "geometry": { "type": "Point", "coordinates": [ 98.690196986206416, 19.734257385483641 ] } },
{ "type": "Feature", "properties": { "Id": 0, "x": 98.7154, "y": 19.7317 }, "geometry": { "type": "Point", "coordinates": [ 98.715405370589934, 19.731692062269307 ] } },
{ "type": "Feature", "properties": { "Id": 0, "x": 98.7167, "y": 19.7332 }, "geometry": { "type": "Point", "coordinates": [ 98.716673536699886, 19.73316476068781 ] } },
{ "type": "Feature", "properties": { "Id": 0, "x": 98.7173, "y": 19.728 }, "geometry": { "type": "Point", "coordinates": [ 98.717318094251297, 19.727951515819541 ] } },
{ "type": "Feature", "properties": { "Id": 0, "x": 98.7196, "y": 19.7251 }, "geometry": { "type": "Point", "coordinates": [ 98.719551029362606, 19.725133971793813 ] } },
{ "type": "Feature", "properties": { "Id": 0, "x": 98.7223, "y": 19.7276 }, "geometry": { "type": "Point", "coordinates": [ 98.722257659220304, 19.727576858081065 ] } },
{ "type": "Feature", "properties": { "Id": 0, "x": 98.7266, "y": 19.7255 }, "geometry": { "type": "Point", "coordinates": [ 98.726643749969071, 19.725529980932375 ] } },
{ "type": "Feature", "properties": { "Id": 0, "x": 98.7243, "y": 19.7236 }, "geometry": { "type": "Point", "coordinates": [ 98.724342827780561, 19.723601189198078 ] } },
{ "type": "Feature", "properties": { "Id": 0, "x": 98.7234, "y": 19.7226 }, "geometry": { "type": "Point", "coordinates": [ 98.723440914399106, 19.722615774006503 ] } },
{ "type": "Feature", "properties": { "Id": 0, "x": 98.7218, "y": 19.7222 }, "geometry": { "type": "Point", "coordinates": [ 98.72176999391607, 19.722185351333476 ] } },
{ "type": "Feature", "properties": { "Id": 0, "x": 98.7206, "y": 19.7228 }, "geometry": { "type": "Point", "coordinates": [ 98.720639455732311, 19.722782565775798 ] } },
{ "type": "Feature", "properties": { "Id": 0, "x": 98.7187, "y": 19.7226 }, "geometry": { "type": "Point", "coordinates": [ 98.718697012627402, 19.722608393679007 ] } },
{ "type": "Feature", "properties": { "Id": 0, "x": 98.7159, "y": 19.717 }, "geometry": { "type": "Point", "coordinates": [ 98.715905754810777, 19.716999322404956 ] } },
{ "type": "Feature", "properties": { "Id": 0, "x": 98.7149, "y": 19.7176 }, "geometry": { "type": "Point", "coordinates": [ 98.714910691987228, 19.717639499547857 ] } },
{ "type": "Feature", "properties": { "Id": 0, "x": 98.717, "y": 19.7151 }, "geometry": { "type": "Point", "coordinates": [ 98.71703136208572, 19.715082678118964 ] } },
{ "type": "Feature", "properties": { "Id": 0, "x": 98.7164, "y": 19.7131 }, "geometry": { "type": "Point", "coordinates": [ 98.716369819971234, 19.713110157025699 ] } },
{ "type": "Feature", "properties": { "Id": 0, "x": 98.7157, "y": 19.7122 }, "geometry": { "type": "Point", "coordinates": [ 98.715706358235636, 19.712232894945075 ] } },
{ "type": "Feature", "properties": { "Id": 0, "x": 98.7115, "y": 19.7129 }, "geometry": { "type": "Point", "coordinates": [ 98.711541611865826, 19.71291078583122 ] } },
{ "type": "Feature", "properties": { "Id": 0, "x": 98.7104, "y": 19.7147 }, "geometry": { "type": "Point", "coordinates": [ 98.710381918997044, 19.714661339590016 ] } },
{ "type": "Feature", "properties": { "Id": 0, "x": 98.7096, "y": 19.7158 }, "geometry": { "type": "Point", "coordinates": [ 98.709599270154399, 19.715755337917344 ] } },
{ "type": "Feature", "properties": { "Id": 0, "x": 98.7087, "y": 19.7173 }, "geometry": { "type": "Point", "coordinates": [ 98.708671295879014, 19.717259820395434 ] } },
{ "type": "Feature", "properties": { "Id": 0, "x": 98.7044, "y": 19.7152 }, "geometry": { "type": "Point", "coordinates": [ 98.704388567023543, 19.715183790906618 ] } },
{ "type": "Feature", "properties": { "Id": 0, "x": 98.7032, "y": 19.7146 }, "geometry": { "type": "Point", "coordinates": [ 98.703215047847834, 19.714582880608493 ] } },
{ "type": "Feature", "properties": { "Id": 0, "x": 98.7018, "y": 19.7127 }, "geometry": { "type": "Point", "coordinates": [ 98.701772931358676, 19.71265522063165 ] } },
{ "type": "Feature", "properties": { "Id": 0, "x": 98.7003, "y": 19.7104 }, "geometry": { "type": "Point", "coordinates": [ 98.700331407106304, 19.710428063855097 ] } },
{ "type": "Feature", "properties": { "Id": 0, "x": 98.6987, "y": 19.7086 }, "geometry": { "type": "Point", "coordinates": [ 98.698708417830758, 19.708628428175096 ] } },
{ "type": "Feature", "properties": { "Id": 0, "x": 98.6803, "y": 19.7044 }, "geometry": { "type": "Point", "coordinates": [ 98.680268200355727, 19.704433978716057 ] } },
{ "type": "Feature", "properties": { "Id": 0, "x": 98.6804, "y": 19.7086 }, "geometry": { "type": "Point", "coordinates": [ 98.680434663963069, 19.70863691688016 ] } },
{ "type": "Feature", "properties": { "Id": 0, "x": 98.6784, "y": 19.7108 }, "geometry": { "type": "Point", "coordinates": [ 98.678383220359137, 19.710839284025116 ] } },
{ "type": "Feature", "properties": { "Id": 0, "x": 98.6744, "y": 19.7134 }, "geometry": { "type": "Point", "coordinates": [ 98.674354408756301, 19.713439143991195 ] } },
{ "type": "Feature", "properties": { "Id": 0, "x": 98.672, "y": 19.7177 }, "geometry": { "type": "Point", "coordinates": [ 98.672016232970449, 19.717713246085474 ] } },
{ "type": "Feature", "properties": { "Id": 0, "x": 98.6734, "y": 19.7233 }, "geometry": { "type": "Point", "coordinates": [ 98.673416790000786, 19.723264301176656 ] } },
{ "type": "Feature", "properties": { "Id": 0, "x": 98.6447, "y": 19.7293 }, "geometry": { "type": "Point", "coordinates": [ 98.644713551423649, 19.729337647253654 ] } },
{ "type": "Feature", "properties": { "Id": 0, "x": 98.6437, "y": 19.7228 }, "geometry": { "type": "Point", "coordinates": [ 98.643693898145301, 19.722807382646732 ] } },
{ "type": "Feature", "properties": { "Id": 0, "x": 98.647, "y": 19.7151 }, "geometry": { "type": "Point", "coordinates": [ 98.64698533137431, 19.715143202825061 ] } },
{ "type": "Feature", "properties": { "Id": 0, "x": 98.6499, "y": 19.7107 }, "geometry": { "type": "Point", "coordinates": [ 98.649924682273664, 19.71074239329803 ] } },
{ "type": "Feature", "properties": { "Id": 0, "x": 98.6515, "y": 19.7067 }, "geometry": { "type": "Point", "coordinates": [ 98.651484528082591, 19.706665269831579 ] } },
{ "type": "Feature", "properties": { "Id": 0, "x": 98.6608, "y": 19.6922 }, "geometry": { "type": "Point", "coordinates": [ 98.660820950746611, 19.692157764751197 ] } },
{ "type": "Feature", "properties": { "Id": 0, "x": 98.67, "y": 19.685 }, "geometry": { "type": "Point", "coordinates": [ 98.669968337177522, 19.684993704523585 ] } },
{ "type": "Feature", "properties": { "Id": 0, "x": 98.659, "y": 19.6726 }, "geometry": { "type": "Point", "coordinates": [ 98.658966945067363, 19.672569410981723 ] } },
{ "type": "Feature", "properties": { "Id": 0, "x": 98.6509, "y": 19.6966 }, "geometry": { "type": "Point", "coordinates": [ 98.650906568453394, 19.696636735480428 ] } },
{ "type": "Feature", "properties": { "Id": 0, "x": 98.6497, "y": 19.6925 }, "geometry": { "type": "Point", "coordinates": [ 98.649702531364341, 19.692456298982137 ] } },
{ "type": "Feature", "properties": { "Id": 0, "x": 98.6806, "y": 19.6471 }, "geometry": { "type": "Point", "coordinates": [ 98.680597264743625, 19.647087562216953 ] } },
{ "type": "Feature", "properties": { "Id": 0, "x": 98.6758, "y": 19.641 }, "geometry": { "type": "Point", "coordinates": [ 98.675764555473819, 19.64095861842689 ] } },
{ "type": "Feature", "properties": { "Id": 0, "x": 98.6658, "y": 19.6399 }, "geometry": { "type": "Point", "coordinates": [ 98.665807887335347, 19.639920350080679 ] } },
{ "type": "Feature", "properties": { "Id": 0, "x": 98.662, "y": 19.643 }, "geometry": { "type": "Point", "coordinates": [ 98.66203332348401, 19.642973445534846 ] } },
{ "type": "Feature", "properties": { "Id": 0, "x": 98.6108, "y": 19.6752 }, "geometry": { "type": "Point", "coordinates": [ 98.610814689809288, 19.675246070955929 ] } },
{ "type": "Feature", "properties": { "Id": 0, "x": 98.6139, "y": 19.6711 }, "geometry": { "type": "Point", "coordinates": [ 98.613912230937089, 19.67107466712352 ] } },
{ "type": "Feature", "properties": { "Id": 0, "x": 98.6155, "y": 19.6673 }, "geometry": { "type": "Point", "coordinates": [ 98.615464926251079, 19.667317715800646 ] } },
{ "type": "Feature", "properties": { "Id": 0, "x": 98.6206, "y": 19.6582 }, "geometry": { "type": "Point", "coordinates": [ 98.620558436025007, 19.658241186201558 ] } },
{ "type": "Feature", "properties": { "Id": 0, "x": 98.6217, "y": 19.6548 }, "geometry": { "type": "Point", "coordinates": [ 98.621669093752573, 19.654796595946891 ] } },
{ "type": "Feature", "properties": { "Id": 0, "x": 98.6237, "y": 19.6505 }, "geometry": { "type": "Point", "coordinates": [ 98.623663674404682, 19.650518228499909 ] } },
{ "type": "Feature", "properties": { "Id": 0, "x": 98.6234, "y": 19.6651 }, "geometry": { "type": "Point", "coordinates": [ 98.623409040339922, 19.665141039128855 ] } },
{ "type": "Feature", "properties": { "Id": 0, "x": 98.624, "y": 19.6743 }, "geometry": { "type": "Point", "coordinates": [ 98.624024064302233, 19.674305091772329 ] } },
{ "type": "Feature", "properties": { "Id": 0, "x": 98.6455, "y": 19.6752 }, "geometry": { "type": "Point", "coordinates": [ 98.645474175107637, 19.675245447750005 ] } },
{ "type": "Feature", "properties": { "Id": 0, "x": 98.6507, "y": 19.6727 }, "geometry": { "type": "Point", "coordinates": [ 98.650719040449417, 19.672688696555646 ] } },
{ "type": "Feature", "properties": { "Id": 0, "x": 98.5924, "y": 19.6383 }, "geometry": { "type": "Point", "coordinates": [ 98.592375803656751, 19.638320508553893 ] } },
{ "type": "Feature", "properties": { "Id": 0, "x": 98.5939, "y": 19.6318 }, "geometry": { "type": "Point", "coordinates": [ 98.593942513469756, 19.631795774027946 ] } },
{ "type": "Feature", "properties": { "Id": 0, "x": 98.5969, "y": 19.6236 }, "geometry": { "type": "Point", "coordinates": [ 98.596891096234032, 19.623642047018873 ] } },
{ "type": "Feature", "properties": { "Id": 0, "x": 98.6005, "y": 19.6189 }, "geometry": { "type": "Point", "coordinates": [ 98.600519833688253, 19.618917123981593 ] } },
{ "type": "Feature", "properties": { "Id": 0, "x": 98.6042, "y": 19.6111 }, "geometry": { "type": "Point", "coordinates": [ 98.604155946548261, 19.61109119604702 ] } },
{ "type": "Feature", "properties": { "Id": 0, "x": 98.6054, "y": 19.6065 }, "geometry": { "type": "Point", "coordinates": [ 98.605372681451925, 19.606524053501218 ] } },
{ "type": "Feature", "properties": { "Id": 0, "x": 98.6062, "y": 19.6018 }, "geometry": { "type": "Point", "coordinates": [ 98.606245308012362, 19.601792940146446 ] } },
{ "type": "Feature", "properties": { "Id": 0, "x": 98.6073, "y": 19.5938 }, "geometry": { "type": "Point", "coordinates": [ 98.607298010200722, 19.593798054828575 ] } },
{ "type": "Feature", "properties": { "Id": 0, "x": 98.6104, "y": 19.5897 }, "geometry": { "type": "Point", "coordinates": [ 98.610407580609134, 19.589724602803116 ] } },
{ "type": "Feature", "properties": { "Id": 0, "x": 98.6236, "y": 19.5984 }, "geometry": { "type": "Point", "coordinates": [ 98.623586543384675, 19.598425345913817 ] } },
{ "type": "Feature", "properties": { "Id": 0, "x": 98.6268, "y": 19.5984 }, "geometry": { "type": "Point", "coordinates": [ 98.626831481375632, 19.59836524344859 ] } },
{ "type": "Feature", "properties": { "Id": 0, "x": 98.6308, "y": 19.5996 }, "geometry": { "type": "Point", "coordinates": [ 98.630778756157781, 19.599643523618894 ] } },
{ "type": "Feature", "properties": { "Id": 0, "x": 98.6345, "y": 19.6004 }, "geometry": { "type": "Point", "coordinates": [ 98.634515682433957, 19.600386491104857 ] } },
{ "type": "Feature", "properties": { "Id": 0, "x": 98.636, "y": 19.5987 }, "geometry": { "type": "Point", "coordinates": [ 98.63600092493401, 19.598651395003095 ] } },
{ "type": "Feature", "properties": { "Id": 0, "x": 98.6359, "y": 19.5962 }, "geometry": { "type": "Point", "coordinates": [ 98.635935948428241, 19.596177810399091 ] } },
{ "type": "Feature", "properties": { "Id": 0, "x": 98.6354, "y": 19.5944 }, "geometry": { "type": "Point", "coordinates": [ 98.635375559673861, 19.594438575022856 ] } },
{ "type": "Feature", "properties": { "Id": 0, "x": 98.6264, "y": 19.5879 }, "geometry": { "type": "Point", "coordinates": [ 98.626432462624564, 19.58786895634864 ] } },
{ "type": "Feature", "properties": { "Id": 0, "x": 98.6379, "y": 19.6142 }, "geometry": { "type": "Point", "coordinates": [ 98.637870619441514, 19.614231219541278 ] } },
{ "type": "Feature", "properties": { "Id": 0, "x": 98.6486, "y": 19.5957 }, "geometry": { "type": "Point", "coordinates": [ 98.648633793174312, 19.595735057802681 ] } },
{ "type": "Feature", "properties": { "Id": 0, "x": 98.6155, "y": 19.5646 }, "geometry": { "type": "Point", "coordinates": [ 98.615488600766483, 19.564640602149492 ] } },
{ "type": "Feature", "properties": { "Id": 0, "x": 98.6009, "y": 19.57 }, "geometry": { "type": "Point", "coordinates": [ 98.600929674481137, 19.570040571316621 ] } },
{ "type": "Feature", "properties": { "Id": 0, "x": 98.6146, "y": 19.5494 }, "geometry": { "type": "Point", "coordinates": [ 98.614643272737453, 19.549388583378796 ] } },
{ "type": "Feature", "properties": { "Id": 0, "x": 98.6124, "y": 19.5601 }, "geometry": { "type": "Point", "coordinates": [ 98.612413909327429, 19.560142527660521 ] } },
{ "type": "Feature", "properties": { "Id": 0, "x": 98.637, "y": 19.5414 }, "geometry": { "type": "Point", "coordinates": [ 98.637046055142747, 19.541429646464952 ] } },
{ "type": "Feature", "properties": { "Id": 0, "x": 98.8597, "y": 19.3881 }, "geometry": { "type": "Point", "coordinates": [ 98.859725493886714, 19.38814012378289 ] } },
{ "type": "Feature", "properties": { "Id": 0, "x": 98.8454, "y": 19.3512 }, "geometry": { "type": "Point", "coordinates": [ 98.845408000945355, 19.351160832007448 ] } },
{ "type": "Feature", "properties": { "Id": 0, "x": 98.8686, "y": 19.3381 }, "geometry": { "type": "Point", "coordinates": [ 98.86864272608716, 19.338096351571306 ] } },
{ "type": "Feature", "properties": { "Id": 0, "x": 98.8834, "y": 19.2887 }, "geometry": { "type": "Point", "coordinates": [ 98.883370112050358, 19.288695384641141 ] } },
{ "type": "Feature", "properties": { "Id": 0, "x": 98.8624, "y": 19.2807 }, "geometry": { "type": "Point", "coordinates": [ 98.862394016855816, 19.280711253910809 ] } },
{ "type": "Feature", "properties": { "Id": 0, "x": 98.8313, "y": 19.2803 }, "geometry": { "type": "Point", "coordinates": [ 98.8313414920394, 19.280286755179361 ] } },
{ "type": "Feature", "properties": { "Id": 0, "x": 98.8166, "y": 19.2978 }, "geometry": { "type": "Point", "coordinates": [ 98.816634828688521, 19.29780552460776 ] } },
{ "type": "Feature", "properties": { "Id": 0, "x": 98.7738, "y": 19.3149 }, "geometry": { "type": "Point", "coordinates": [ 98.773804264613446, 19.314891881218564 ] } },
{ "type": "Feature", "properties": { "Id": 0, "x": 98.7784, "y": 19.3261 }, "geometry": { "type": "Point", "coordinates": [ 98.778406143361494, 19.326054791301207 ] } },
{ "type": "Feature", "properties": { "Id": 0, "x": 98.749, "y": 19.3467 }, "geometry": { "type": "Point", "coordinates": [ 98.748992137552108, 19.346737240288469 ] } },
{ "type": "Feature", "properties": { "Id": 0, "x": 98.7213, "y": 19.3483 }, "geometry": { "type": "Point", "coordinates": [ 98.721282650866584, 19.348290845365934 ] } },
{ "type": "Feature", "properties": { "Id": 0, "x": 98.7049, "y": 19.3435 }, "geometry": { "type": "Point", "coordinates": [ 98.704918931852262, 19.343483428431377 ] } },
{ "type": "Feature", "properties": { "Id": 0, "x": 98.6965, "y": 19.3698 }, "geometry": { "type": "Point", "coordinates": [ 98.696474480207897, 19.369768582798642 ] } },
{ "type": "Feature", "properties": { "Id": 0, "x": 98.7015, "y": 19.4028 }, "geometry": { "type": "Point", "coordinates": [ 98.701452495068878, 19.402849734664031 ] } },
{ "type": "Feature", "properties": { "Id": 0, "x": 98.7237, "y": 19.4236 }, "geometry": { "type": "Point", "coordinates": [ 98.723674455431052, 19.423605229536076 ] } },
{ "type": "Feature", "properties": { "Id": 0, "x": 98.7455, "y": 19.4161 }, "geometry": { "type": "Point", "coordinates": [ 98.745526074014862, 19.41606626122654 ] } },
{ "type": "Feature", "properties": { "Id": 0, "x": 98.7531, "y": 19.3942 }, "geometry": { "type": "Point", "coordinates": [ 98.75311874507446, 19.394160920190572 ] } },
{ "type": "Feature", "properties": { "Id": 0, "x": 98.7403, "y": 19.2969 }, "geometry": { "type": "Point", "coordinates": [ 98.740255048554843, 19.296915900947997 ] } },
{ "type": "Feature", "properties": { "Id": 0, "x": 98.739, "y": 19.2846 }, "geometry": { "type": "Point", "coordinates": [ 98.73901560795008, 19.284561437472131 ] } },
{ "type": "Feature", "properties": { "Id": 0, "x": 98.613, "y": 19.3326 }, "geometry": { "type": "Point", "coordinates": [ 98.613010662920004, 19.332552789269407 ] } },
{ "type": "Feature", "properties": { "Id": 0, "x": 98.6209, "y": 19.3489 }, "geometry": { "type": "Point", "coordinates": [ 98.620948368084726, 19.348906664992043 ] } },
{ "type": "Feature", "properties": { "Id": 0, "x": 98.6281, "y": 19.3569 }, "geometry": { "type": "Point", "coordinates": [ 98.62806691963138, 19.356890696727827 ] } },
{ "type": "Feature", "properties": { "Id": 0, "x": 98.6578, "y": 19.3964 }, "geometry": { "type": "Point", "coordinates": [ 98.657826155009062, 19.396416497006793 ] } },
{ "type": "Feature", "properties": { "Id": 0, "x": 98.6418, "y": 19.4047 }, "geometry": { "type": "Point", "coordinates": [ 98.641811873969814, 19.404709456831572 ] } },
{ "type": "Feature", "properties": { "Id": 0, "x": 98.6208, "y": 19.4109 }, "geometry": { "type": "Point", "coordinates": [ 98.620812394685473, 19.410868891663448 ] } },
{ "type": "Feature", "properties": { "Id": 0, "x": 98.6275, "y": 19.4386 }, "geometry": { "type": "Point", "coordinates": [ 98.62745776127106, 19.438628543651291 ] } },
{ "type": "Feature", "properties": { "Id": 0, "x": 98.6364, "y": 19.4489 }, "geometry": { "type": "Point", "coordinates": [ 98.636381192323327, 19.448928934892155 ] } },
{ "type": "Feature", "properties": { "Id": 0, "x": 98.6424, "y": 19.4532 }, "geometry": { "type": "Point", "coordinates": [ 98.642393847168307, 19.453184372357839 ] } },
{ "type": "Feature", "properties": { "Id": 0, "x": 98.6573, "y": 19.4637 }, "geometry": { "type": "Point", "coordinates": [ 98.657341170164997, 19.463658733798688 ] } },
{ "type": "Feature", "properties": { "Id": 0, "x": 98.6237, "y": 19.4793 }, "geometry": { "type": "Point", "coordinates": [ 98.623751107237453, 19.479260321735122 ] } },
{ "type": "Feature", "properties": { "Id": 0, "x": 98.6067, "y": 19.4866 }, "geometry": { "type": "Point", "coordinates": [ 98.606696735913488, 19.486568543151222 ] } },
{ "type": "Feature", "properties": { "Id": 0, "x": 98.6017, "y": 19.4937 }, "geometry": { "type": "Point", "coordinates": [ 98.60168842330782, 19.493738822067524 ] } },
{ "type": "Feature", "properties": { "Id": 0, "x": 98.6769, "y": 19.4856 }, "geometry": { "type": "Point", "coordinates": [ 98.676914012189243, 19.485564944989139 ] } },
{ "type": "Feature", "properties": { "Id": 0, "x": 98.675, "y": 19.497 }, "geometry": { "type": "Point", "coordinates": [ 98.67499816566432, 19.496986263541913 ] } },
{ "type": "Feature", "properties": { "Id": 0, "x": 98.6719, "y": 19.5109 }, "geometry": { "type": "Point", "coordinates": [ 98.671872265489014, 19.510853508080736 ] } },
{ "type": "Feature", "properties": { "Id": 0, "x": 98.6274, "y": 19.5184 }, "geometry": { "type": "Point", "coordinates": [ 98.627447392540887, 19.518438331975201 ] } },
{ "type": "Feature", "properties": { "Id": 0, "x": 98.6106, "y": 19.5269 }, "geometry": { "type": "Point", "coordinates": [ 98.610558440008404, 19.526889632090796 ] } },
{ "type": "Feature", "properties": { "Id": 0, "x": 98.6009, "y": 19.5331 }, "geometry": { "type": "Point", "coordinates": [ 98.600903509395238, 19.533070515830627 ] } },
{ "type": "Feature", "properties": { "Id": 0, "x": 98.5902, "y": 19.5285 }, "geometry": { "type": "Point", "coordinates": [ 98.59024211765977, 19.528476815422984 ] } },
{ "type": "Feature", "properties": { "Id": 0, "x": 98.5931, "y": 19.5477 }, "geometry": { "type": "Point", "coordinates": [ 98.593120236872196, 19.547741937500117 ] } },
{ "type": "Feature", "properties": { "Id": 0, "x": 98.6213, "y": 19.5124 }, "geometry": { "type": "Point", "coordinates": [ 98.621264815550163, 19.51238673943892 ] } },
{ "type": "Feature", "properties": { "Id": 0, "x": 98.604, "y": 19.4085 }, "geometry": { "type": "Point", "coordinates": [ 98.603960440974632, 19.408547986093012 ] } },
{ "type": "Feature", "properties": { "Id": 0, "x": 98.5851, "y": 19.376 }, "geometry": { "type": "Point", "coordinates": [ 98.585121383508024, 19.376026934731168 ] } },
{ "type": "Feature", "properties": { "Id": 0, "x": 98.5773, "y": 19.3886 }, "geometry": { "type": "Point", "coordinates": [ 98.57734995883726, 19.388576312318154 ] } },
{ "type": "Feature", "properties": { "Id": 0, "x": 98.5934, "y": 19.3725 }, "geometry": { "type": "Point", "coordinates": [ 98.593385239954586, 19.372454932756458 ] } },
{ "type": "Feature", "properties": { "Id": 0, "x": 98.6048, "y": 19.3622 }, "geometry": { "type": "Point", "coordinates": [ 98.604760346748449, 19.362197641496202 ] } },
{ "type": "Feature", "properties": { "Id": 0, "x": 98.619, "y": 19.387 }, "geometry": { "type": "Point", "coordinates": [ 98.618975699214289, 19.387036163947347 ] } },
{ "type": "Feature", "properties": { "Id": 0, "x": 98.6286, "y": 19.3831 }, "geometry": { "type": "Point", "coordinates": [ 98.628616040962399, 19.38313901709164 ] } },
{ "type": "Feature", "properties": { "Id": 0, "x": 98.6353, "y": 19.3727 }, "geometry": { "type": "Point", "coordinates": [ 98.6353467561472, 19.372707055219763 ] } },
{ "type": "Feature", "properties": { "Id": 0, "x": 98.6496, "y": 19.3864 }, "geometry": { "type": "Point", "coordinates": [ 98.649591422689241, 19.386444873661222 ] } },
{ "type": "Feature", "properties": { "Id": 0, "x": 98.6821, "y": 19.3705 }, "geometry": { "type": "Point", "coordinates": [ 98.682128666276157, 19.370509793927837 ] } },
{ "type": "Feature", "properties": { "Id": 0, "x": 98.6782, "y": 19.3498 }, "geometry": { "type": "Point", "coordinates": [ 98.678213926727366, 19.349774857947285 ] } },
{ "type": "Feature", "properties": { "Id": 0, "x": 98.6687, "y": 19.3533 }, "geometry": { "type": "Point", "coordinates": [ 98.668749308789657, 19.353348582665866 ] } },
{ "type": "Feature", "properties": { "Id": 0, "x": 98.6504, "y": 19.3355 }, "geometry": { "type": "Point", "coordinates": [ 98.650387935160794, 19.335524053477446 ] } },
{ "type": "Feature", "properties": { "Id": 0, "x": 98.6762, "y": 19.3199 }, "geometry": { "type": "Point", "coordinates": [ 98.676209376998827, 19.319903240274943 ] } },
{ "type": "Feature", "properties": { "Id": 0, "x": 98.6664, "y": 19.3217 }, "geometry": { "type": "Point", "coordinates": [ 98.666406243195212, 19.321680926097923 ] } },
{ "type": "Feature", "properties": { "Id": 0, "x": 98.6702, "y": 19.2941 }, "geometry": { "type": "Point", "coordinates": [ 98.670243834084587, 19.294104758539088 ] } },
{ "type": "Feature", "properties": { "Id": 0, "x": 98.6678, "y": 19.3001 }, "geometry": { "type": "Point", "coordinates": [ 98.66782513405505, 19.300139294674526 ] } },
{ "type": "Feature", "properties": { "Id": 0, "x": 98.6615, "y": 19.306 }, "geometry": { "type": "Point", "coordinates": [ 98.661452741968915, 19.306003288324689 ] } },
{ "type": "Feature", "properties": { "Id": 0, "x": 98.6319, "y": 19.3035 }, "geometry": { "type": "Point", "coordinates": [ 98.631890404425889, 19.30349786240798 ] } },
{ "type": "Feature", "properties": { "Id": 0, "x": 98.635, "y": 19.3089 }, "geometry": { "type": "Point", "coordinates": [ 98.634972710605666, 19.308890095043246 ] } },
{ "type": "Feature", "properties": { "Id": 0, "x": 98.641, "y": 19.3161 }, "geometry": { "type": "Point", "coordinates": [ 98.640973842714089, 19.316083388870712 ] } },
{ "type": "Feature", "properties": { "Id": 0, "x": 98.6431, "y": 19.2723 }, "geometry": { "type": "Point", "coordinates": [ 98.64313166109936, 19.272346334976699 ] } },
{ "type": "Feature", "properties": { "Id": 0, "x": 98.6612, "y": 19.2724 }, "geometry": { "type": "Point", "coordinates": [ 98.661178107749436, 19.272380675437386 ] } },
{ "type": "Feature", "properties": { "Id": 0, "x": 98.6658, "y": 19.261 }, "geometry": { "type": "Point", "coordinates": [ 98.66584178156603, 19.260964241329567 ] } },
{ "type": "Feature", "properties": { "Id": 0, "x": 98.6502, "y": 19.2521 }, "geometry": { "type": "Point", "coordinates": [ 98.650221285511861, 19.252121449535039 ] } },
{ "type": "Feature", "properties": { "Id": 0, "x": 98.6389, "y": 19.2573 }, "geometry": { "type": "Point", "coordinates": [ 98.638867776520087, 19.257322252719899 ] } },
{ "type": "Feature", "properties": { "Id": 0, "x": 98.6045, "y": 19.2114 }, "geometry": { "type": "Point", "coordinates": [ 98.604486479597028, 19.21139941420028 ] } },
{ "type": "Feature", "properties": { "Id": 0, "x": 98.6178, "y": 19.2445 }, "geometry": { "type": "Point", "coordinates": [ 98.61783240223977, 19.244500992123651 ] } },
{ "type": "Feature", "properties": { "Id": 0, "x": 98.6115, "y": 19.2831 }, "geometry": { "type": "Point", "coordinates": [ 98.611448341155636, 19.283139264383948 ] } },
{ "type": "Feature", "properties": { "Id": 0, "x": 98.6295, "y": 19.2824 }, "geometry": { "type": "Point", "coordinates": [ 98.629494341394391, 19.282379807376127 ] } },
{ "type": "Feature", "properties": { "Id": 0, "x": 98.614, "y": 19.2732 }, "geometry": { "type": "Point", "coordinates": [ 98.613989470187661, 19.273182881823288 ] } },
{ "type": "Feature", "properties": { "Id": 0, "x": 98.6758, "y": 19.2143 }, "geometry": { "type": "Point", "coordinates": [ 98.67578776125697, 19.214328736212256 ] } },
{ "type": "Feature", "properties": { "Id": 0, "x": 98.6896, "y": 19.2148 }, "geometry": { "type": "Point", "coordinates": [ 98.68962921389975, 19.214751176455906 ] } },
{ "type": "Feature", "properties": { "Id": 0, "x": 98.7156, "y": 19.2523 }, "geometry": { "type": "Point", "coordinates": [ 98.715571408894732, 19.252250014894106 ] } },
{ "type": "Feature", "properties": { "Id": 0, "x": 98.7328, "y": 19.2575 }, "geometry": { "type": "Point", "coordinates": [ 98.732764917871862, 19.25745611713031 ] } },
{ "type": "Feature", "properties": { "Id": 0, "x": 98.7576, "y": 19.2252 }, "geometry": { "type": "Point", "coordinates": [ 98.757567082296418, 19.225214060694601 ] } },
{ "type": "Feature", "properties": { "Id": 0, "x": 98.7291, "y": 19.1662 }, "geometry": { "type": "Point", "coordinates": [ 98.729138238209927, 19.166199493518441 ] } },
{ "type": "Feature", "properties": { "Id": 0, "x": 98.8207, "y": 19.0498 }, "geometry": { "type": "Point", "coordinates": [ 98.820680455475852, 19.049763174594442 ] } },
{ "type": "Feature", "properties": { "Id": 0, "x": 98.8067, "y": 19.0656 }, "geometry": { "type": "Point", "coordinates": [ 98.806716170477614, 19.065560991820149 ] } },
{ "type": "Feature", "properties": { "Id": 0, "x": 98.8091, "y": 19.0816 }, "geometry": { "type": "Point", "coordinates": [ 98.809111726945872, 19.081630401150932 ] } },
{ "type": "Feature", "properties": { "Id": 0, "x": 98.8247, "y": 19.0804 }, "geometry": { "type": "Point", "coordinates": [ 98.824671165018415, 19.080370704679737 ] } },
{ "type": "Feature", "properties": { "Id": 0, "x": 98.8401, "y": 19.1651 }, "geometry": { "type": "Point", "coordinates": [ 98.840147762225882, 19.16505452573444 ] } },
{ "type": "Feature", "properties": { "Id": 0, "x": 98.8391, "y": 19.1821 }, "geometry": { "type": "Point", "coordinates": [ 98.839057661423695, 19.182140446558837 ] } },
{ "type": "Feature", "properties": { "Id": 0, "x": 98.8409, "y": 19.1895 }, "geometry": { "type": "Point", "coordinates": [ 98.84092939928702, 19.189537879750802 ] } },
{ "type": "Feature", "properties": { "Id": 0, "x": 98.8321, "y": 19.1628 }, "geometry": { "type": "Point", "coordinates": [ 98.832098747403663, 19.162752090495516 ] } },
{ "type": "Feature", "properties": { "Id": 0, "x": 98.8367, "y": 19.148 }, "geometry": { "type": "Point", "coordinates": [ 98.836675668370418, 19.147964567976999 ] } },
{ "type": "Feature", "properties": { "Id": 0, "x": 98.8072, "y": 19.1311 }, "geometry": { "type": "Point", "coordinates": [ 98.807176701589697, 19.131104103948747 ] } },
{ "type": "Feature", "properties": { "Id": 0, "x": 98.794, "y": 19.1285 }, "geometry": { "type": "Point", "coordinates": [ 98.794032058695933, 19.128539568113823 ] } },
{ "type": "Feature", "properties": { "Id": 0, "x": 98.7803, "y": 19.1306 }, "geometry": { "type": "Point", "coordinates": [ 98.780345135812851, 19.130563962419181 ] } },
{ "type": "Feature", "properties": { "Id": 0, "x": 98.8742, "y": 19.1531 }, "geometry": { "type": "Point", "coordinates": [ 98.87424088460196, 19.153094687310443 ] } },
{ "type": "Feature", "properties": { "Id": 0, "x": 98.8836, "y": 19.1503 }, "geometry": { "type": "Point", "coordinates": [ 98.883635420379619, 19.15029555813075 ] } },
{ "type": "Feature", "properties": { "Id": 0, "x": 98.8917, "y": 19.1444 }, "geometry": { "type": "Point", "coordinates": [ 98.891689887418934, 19.144434811786834 ] } },
{ "type": "Feature", "properties": { "Id": 0, "x": 98.8839, "y": 19.1717 }, "geometry": { "type": "Point", "coordinates": [ 98.883888781243286, 19.171718127733882 ] } },
{ "type": "Feature", "properties": { "Id": 0, "x": 98.8753, "y": 19.1862 }, "geometry": { "type": "Point", "coordinates": [ 98.875289386387692, 19.186249091148159 ] } },
{ "type": "Feature", "properties": { "Id": 0, "x": 98.8667, "y": 19.2005 }, "geometry": { "type": "Point", "coordinates": [ 98.866688682663195, 19.200524592673123 ] } },
{ "type": "Feature", "properties": { "Id": 0, "x": 98.9099, "y": 19.1956 }, "geometry": { "type": "Point", "coordinates": [ 98.909913462641342, 19.19556216967257 ] } },
{ "type": "Feature", "properties": { "Id": 0, "x": 98.9095, "y": 19.2061 }, "geometry": { "type": "Point", "coordinates": [ 98.90946789929292, 19.206112345868192 ] } },
{ "type": "Feature", "properties": { "Id": 0, "x": 98.9139, "y": 19.2108 }, "geometry": { "type": "Point", "coordinates": [ 98.913863659138158, 19.210815131692993 ] } },
{ "type": "Feature", "properties": { "Id": 0, "x": 98.9283, "y": 19.2197 }, "geometry": { "type": "Point", "coordinates": [ 98.928264349442031, 19.219700368466714 ] } },
{ "type": "Feature", "properties": { "Id": 0, "x": 98.9344, "y": 19.2204 }, "geometry": { "type": "Point", "coordinates": [ 98.934422058278315, 19.220433890216071 ] } },
{ "type": "Feature", "properties": { "Id": 0, "x": 98.9439, "y": 19.2272 }, "geometry": { "type": "Point", "coordinates": [ 98.943876723256338, 19.227226875976282 ] } },
{ "type": "Feature", "properties": { "Id": 0, "x": 98.9518, "y": 19.2343 }, "geometry": { "type": "Point", "coordinates": [ 98.951792440939442, 19.234332348863703 ] } },
{ "type": "Feature", "properties": { "Id": 0, "x": 98.9616, "y": 19.1839 }, "geometry": { "type": "Point", "coordinates": [ 98.961591846697885, 19.183880799427332 ] } },
{ "type": "Feature", "properties": { "Id": 0, "x": 98.8904, "y": 19.2141 }, "geometry": { "type": "Point", "coordinates": [ 98.890440333471474, 19.214145321423949 ] } },
{ "type": "Feature", "properties": { "Id": 0, "x": 98.8912, "y": 19.2219 }, "geometry": { "type": "Point", "coordinates": [ 98.891204970729859, 19.22187575189524 ] } },
{ "type": "Feature", "properties": { "Id": 0, "x": 98.8929, "y": 19.2275 }, "geometry": { "type": "Point", "coordinates": [ 98.892850798080957, 19.227517510530809 ] } },
{ "type": "Feature", "properties": { "Id": 0, "x": 98.8901, "y": 19.2303 }, "geometry": { "type": "Point", "coordinates": [ 98.890099688750055, 19.230336273287769 ] } },
{ "type": "Feature", "properties": { "Id": 0, "x": 98.8379, "y": 19.2068 }, "geometry": { "type": "Point", "coordinates": [ 98.837886464905651, 19.20679423698499 ] } },
{ "type": "Feature", "properties": { "Id": 0, "x": 98.8334, "y": 19.2202 }, "geometry": { "type": "Point", "coordinates": [ 98.833364826775167, 19.220160931289755 ] } },
{ "type": "Feature", "properties": { "Id": 0, "x": 98.8245, "y": 19.2188 }, "geometry": { "type": "Point", "coordinates": [ 98.82445917201153, 19.218794649995544 ] } },
{ "type": "Feature", "properties": { "Id": 0, "x": 98.8186, "y": 19.2124 }, "geometry": { "type": "Point", "coordinates": [ 98.818638110357767, 19.212416988791027 ] } },
{ "type": "Feature", "properties": { "Id": 0, "x": 98.6741, "y": 19.194 }, "geometry": { "type": "Point", "coordinates": [ 98.674149939665028, 19.194003555065418 ] } },
{ "type": "Feature", "properties": { "Id": 0, "x": 98.6737, "y": 19.186 }, "geometry": { "type": "Point", "coordinates": [ 98.673746231242546, 19.186033305324077 ] } },
{ "type": "Feature", "properties": { "Id": 0, "x": 98.6793, "y": 19.1498 }, "geometry": { "type": "Point", "coordinates": [ 98.679268429579011, 19.149781567122368 ] } },
{ "type": "Feature", "properties": { "Id": 0, "x": 98.6487, "y": 19.1322 }, "geometry": { "type": "Point", "coordinates": [ 98.648696887137405, 19.132192644668695 ] } },
{ "type": "Feature", "properties": { "Id": 0, "x": 98.6609, "y": 19.1211 }, "geometry": { "type": "Point", "coordinates": [ 98.660877951100389, 19.121058097074876 ] } },
{ "type": "Feature", "properties": { "Id": 0, "x": 98.5078, "y": 19.0122 }, "geometry": { "type": "Point", "coordinates": [ 98.507814214209063, 19.012215479258519 ] } },
{ "type": "Feature", "properties": { "Id": 0, "x": 98.5191, "y": 19.0069 }, "geometry": { "type": "Point", "coordinates": [ 98.519090783077701, 19.006889602029958 ] } },
{ "type": "Feature", "properties": { "Id": 0, "x": 98.5429, "y": 19.0182 }, "geometry": { "type": "Point", "coordinates": [ 98.542922392428792, 19.018171210973559 ] } },
{ "type": "Feature", "properties": { "Id": 0, "x": 98.5502, "y": 19.0088 }, "geometry": { "type": "Point", "coordinates": [ 98.55018738626751, 19.008753034600879 ] } },
{ "type": "Feature", "properties": { "Id": 0, "x": 98.5524, "y": 18.995 }, "geometry": { "type": "Point", "coordinates": [ 98.552369169778913, 18.994986853109733 ] } },
{ "type": "Feature", "properties": { "Id": 0, "x": 98.5489, "y": 18.985 }, "geometry": { "type": "Point", "coordinates": [ 98.548910695904382, 18.98503238045765 ] } },
{ "type": "Feature", "properties": { "Id": 0, "x": 98.4985, "y": 18.9783 }, "geometry": { "type": "Point", "coordinates": [ 98.498531508866961, 18.978272089365273 ] } },
{ "type": "Feature", "properties": { "Id": 0, "x": 98.4832, "y": 18.9905 }, "geometry": { "type": "Point", "coordinates": [ 98.483213883944757, 18.990471213014665 ] } },
{ "type": "Feature", "properties": { "Id": 0, "x": 98.4727, "y": 19.0042 }, "geometry": { "type": "Point", "coordinates": [ 98.472715126519162, 19.004212954053447 ] } },
{ "type": "Feature", "properties": { "Id": 0, "x": 98.8849, "y": 19.5082 }, "geometry": { "type": "Point", "coordinates": [ 98.884943928702739, 19.508212934611183 ] } },
{ "type": "Feature", "properties": { "Id": 0, "x": 98.8996, "y": 19.5515 }, "geometry": { "type": "Point", "coordinates": [ 98.8996049241603, 19.551454662480385 ] } },
{ "type": "Feature", "properties": { "Id": 0, "x": 98.8479, "y": 19.4922 }, "geometry": { "type": "Point", "coordinates": [ 98.84793362931579, 19.492227098293458 ] } },
{ "type": "Feature", "properties": { "Id": 0, "x": 98.8486, "y": 19.4702 }, "geometry": { "type": "Point", "coordinates": [ 98.848566052101305, 19.470175812616162 ] } },
{ "type": "Feature", "properties": { "Id": 0, "x": 98.8868, "y": 19.4673 }, "geometry": { "type": "Point", "coordinates": [ 98.8868083263107, 19.467302169501743 ] } },
{ "type": "Feature", "properties": { "Id": 0, "x": 98.6361, "y": 18.9044 }, "geometry": { "type": "Point", "coordinates": [ 98.636077076625114, 18.904398319389543 ] } },
{ "type": "Feature", "properties": { "Id": 0, "x": 98.6989, "y": 18.8178 }, "geometry": { "type": "Point", "coordinates": [ 98.69889841373552, 18.817797484559808 ] } },
{ "type": "Feature", "properties": { "Id": 0, "x": 98.6728, "y": 18.8466 }, "geometry": { "type": "Point", "coordinates": [ 98.672839842573325, 18.846641931266287 ] } },
{ "type": "Feature", "properties": { "Id": 0, "x": 98.663, "y": 18.8688 }, "geometry": { "type": "Point", "coordinates": [ 98.663042912508502, 18.868806501609058 ] } },
{ "type": "Feature", "properties": { "Id": 0, "x": 98.6532, "y": 18.891 }, "geometry": { "type": "Point", "coordinates": [ 98.653243365818355, 18.890970463264502 ] } },
{ "type": "Feature", "properties": { "Id": 0, "x": 98.6586, "y": 18.9209 }, "geometry": { "type": "Point", "coordinates": [ 98.658602231345498, 18.920900167658086 ] } },
{ "type": "Feature", "properties": { "Id": 0, "x": 98.6369, "y": 18.9291 }, "geometry": { "type": "Point", "coordinates": [ 98.636902359288555, 18.929112700629865 ] } },
{ "type": "Feature", "properties": { "Id": 0, "x": 98.6325, "y": 18.9601 }, "geometry": { "type": "Point", "coordinates": [ 98.632498014926099, 18.960055337741327 ] } },
{ "type": "Feature", "properties": { "Id": 0, "x": 98.6976, "y": 18.9225 }, "geometry": { "type": "Point", "coordinates": [ 98.697627265849334, 18.922515401671522 ] } },
{ "type": "Feature", "properties": { "Id": 0, "x": 98.702, "y": 18.905 }, "geometry": { "type": "Point", "coordinates": [ 98.701994811933332, 18.904983234143373 ] } },
{ "type": "Feature", "properties": { "Id": 0, "x": 98.7421, "y": 18.9097 }, "geometry": { "type": "Point", "coordinates": [ 98.742095986287239, 18.909685978109941 ] } },
{ "type": "Feature", "properties": { "Id": 0, "x": 98.6959, "y": 19.0068 }, "geometry": { "type": "Point", "coordinates": [ 98.695890492810506, 19.006821863424339 ] } },
{ "type": "Feature", "properties": { "Id": 0, "x": 98.6906, "y": 18.9988 }, "geometry": { "type": "Point", "coordinates": [ 98.690644989398038, 18.998834705343334 ] } },
{ "type": "Feature", "properties": { "Id": 0, "x": 98.6998, "y": 18.9867 }, "geometry": { "type": "Point", "coordinates": [ 98.699765188628646, 18.986679177763758 ] } },
{ "type": "Feature", "properties": { "Id": 0, "x": 98.7192, "y": 18.9839 }, "geometry": { "type": "Point", "coordinates": [ 98.719244778459284, 18.983869943861212 ] } },
{ "type": "Feature", "properties": { "Id": 0, "x": 98.7203, "y": 19.0055 }, "geometry": { "type": "Point", "coordinates": [ 98.720345844618436, 19.005508173512304 ] } },
{ "type": "Feature", "properties": { "Id": 0, "x": 98.6707, "y": 18.9711 }, "geometry": { "type": "Point", "coordinates": [ 98.670654651311892, 18.971078427168514 ] } },
{ "type": "Feature", "properties": { "Id": 0, "x": 98.6661, "y": 18.9839 }, "geometry": { "type": "Point", "coordinates": [ 98.666080635379217, 18.983916920307816 ] } },
{ "type": "Feature", "properties": { "Id": 0, "x": 98.6631, "y": 18.9915 }, "geometry": { "type": "Point", "coordinates": [ 98.663080274260423, 18.991484255154671 ] } },
{ "type": "Feature", "properties": { "Id": 0, "x": 98.6618, "y": 19.0042 }, "geometry": { "type": "Point", "coordinates": [ 98.661775196273808, 19.004193295812616 ] } },
{ "type": "Feature", "properties": { "Id": 0, "x": 98.6617, "y": 19.0185 }, "geometry": { "type": "Point", "coordinates": [ 98.661746214866923, 19.018527377532038 ] } },
{ "type": "Feature", "properties": { "Id": 0, "x": 98.6573, "y": 19.0272 }, "geometry": { "type": "Point", "coordinates": [ 98.657320945505518, 19.027173785236194 ] } },
{ "type": "Feature", "properties": { "Id": 0, "x": 98.6502, "y": 19.0316 }, "geometry": { "type": "Point", "coordinates": [ 98.650202322037003, 19.031622947625898 ] } },
{ "type": "Feature", "properties": { "Id": 0, "x": 98.6371, "y": 19.0348 }, "geometry": { "type": "Point", "coordinates": [ 98.637113858718976, 19.034843152928786 ] } },
{ "type": "Feature", "properties": { "Id": 0, "x": 98.6351, "y": 19.0325 }, "geometry": { "type": "Point", "coordinates": [ 98.635128192123119, 19.032540381506809 ] } },
{ "type": "Feature", "properties": { "Id": 0, "x": 98.6823, "y": 19.038 }, "geometry": { "type": "Point", "coordinates": [ 98.682325101311932, 19.038036670416897 ] } },
{ "type": "Feature", "properties": { "Id": 0, "x": 98.6854, "y": 19.0451 }, "geometry": { "type": "Point", "coordinates": [ 98.685440154719245, 19.045073831878266 ] } },
{ "type": "Feature", "properties": { "Id": 0, "x": 98.6833, "y": 19.0494 }, "geometry": { "type": "Point", "coordinates": [ 98.683298926003971, 19.049397448179398 ] } },
{ "type": "Feature", "properties": { "Id": 0, "x": 98.6483, "y": 19.0693 }, "geometry": { "type": "Point", "coordinates": [ 98.648274370491876, 19.069347610281159 ] } },
{ "type": "Feature", "properties": { "Id": 0, "x": 98.6623, "y": 19.0822 }, "geometry": { "type": "Point", "coordinates": [ 98.662328287737779, 19.082220417022299 ] } },
{ "type": "Feature", "properties": { "Id": 0, "x": 98.6632, "y": 19.0929 }, "geometry": { "type": "Point", "coordinates": [ 98.66316008184657, 19.092904839488028 ] } },
{ "type": "Feature", "properties": { "Id": 0, "x": 98.6611, "y": 19.1018 }, "geometry": { "type": "Point", "coordinates": [ 98.661150531105449, 19.101826098743786 ] } },
{ "type": "Feature", "properties": { "Id": 0, "x": 98.667, "y": 19.1093 }, "geometry": { "type": "Point", "coordinates": [ 98.666967875143428, 19.109274160033213 ] } },
{ "type": "Feature", "properties": { "Id": 0, "x": 98.6469, "y": 19.1241 }, "geometry": { "type": "Point", "coordinates": [ 98.646878233976835, 19.124111583241099 ] } },
{ "type": "Feature", "properties": { "Id": 0, "x": 98.647, "y": 19.138 }, "geometry": { "type": "Point", "coordinates": [ 98.646990913220137, 19.138040054023698 ] } },
{ "type": "Feature", "properties": { "Id": 0, "x": 98.7319, "y": 19.0814 }, "geometry": { "type": "Point", "coordinates": [ 98.731881861784501, 19.081388114182428 ] } },
{ "type": "Feature", "properties": { "Id": 0, "x": 98.7374, "y": 19.0788 }, "geometry": { "type": "Point", "coordinates": [ 98.737432995113508, 19.07882678338779 ] } },
{ "type": "Feature", "properties": { "Id": 0, "x": 98.729, "y": 19.0873 }, "geometry": { "type": "Point", "coordinates": [ 98.72902752661787, 19.087333941340397 ] } },
{ "type": "Feature", "properties": { "Id": 0, "x": 98.7473, "y": 19.088 }, "geometry": { "type": "Point", "coordinates": [ 98.747329753607673, 19.087998216076773 ] } },
{ "type": "Feature", "properties": { "Id": 0, "x": 98.7629, "y": 19.0785 }, "geometry": { "type": "Point", "coordinates": [ 98.76290991793077, 19.07849889663785 ] } },
{ "type": "Feature", "properties": { "Id": 0, "x": 98.7463, "y": 19.0665 }, "geometry": { "type": "Point", "coordinates": [ 98.746270037078375, 19.066533444785009 ] } },
{ "type": "Feature", "properties": { "Id": 0, "x": 98.7602, "y": 19.0562 }, "geometry": { "type": "Point", "coordinates": [ 98.760211195836703, 19.056166592322434 ] } },
{ "type": "Feature", "properties": { "Id": 0, "x": 98.7711, "y": 19.0676 }, "geometry": { "type": "Point", "coordinates": [ 98.771117386151602, 19.067604498857914 ] } },
{ "type": "Feature", "properties": { "Id": 0, "x": 98.7853, "y": 19.071 }, "geometry": { "type": "Point", "coordinates": [ 98.785312450379948, 19.070996856399006 ] } },
{ "type": "Feature", "properties": { "Id": 0, "x": 98.7868, "y": 19.0641 }, "geometry": { "type": "Point", "coordinates": [ 98.786777683283063, 19.064074883030489 ] } },
{ "type": "Feature", "properties": { "Id": 0, "x": 98.7952, "y": 19.058 }, "geometry": { "type": "Point", "coordinates": [ 98.795249979651686, 19.058026259645381 ] } },
{ "type": "Feature", "properties": { "Id": 0, "x": 98.8083, "y": 19.0526 }, "geometry": { "type": "Point", "coordinates": [ 98.808271642126613, 19.052587842797127 ] } },
{ "type": "Feature", "properties": { "Id": 0, "x": 98.81, "y": 19.0457 }, "geometry": { "type": "Point", "coordinates": [ 98.810008785186724, 19.045665944259589 ] } },
{ "type": "Feature", "properties": { "Id": 0, "x": 98.8165, "y": 19.0424 }, "geometry": { "type": "Point", "coordinates": [ 98.816474116097638, 19.042383726110753 ] } },
{ "type": "Feature", "properties": { "Id": 0, "x": 98.8257, "y": 19.0417 }, "geometry": { "type": "Point", "coordinates": [ 98.825666681266654, 19.041700262768668 ] } },
{ "type": "Feature", "properties": { "Id": 0, "x": 98.8314, "y": 19.0353 }, "geometry": { "type": "Point", "coordinates": [ 98.831406649763309, 19.035301161311121 ] } },
{ "type": "Feature", "properties": { "Id": 0, "x": 98.8325, "y": 19.0299 }, "geometry": { "type": "Point", "coordinates": [ 98.832504083093454, 19.029936281425076 ] } },
{ "type": "Feature", "properties": { "Id": 0, "x": 98.8372, "y": 19.0269 }, "geometry": { "type": "Point", "coordinates": [ 98.837239117524689, 19.026911386452827 ] } },
{ "type": "Feature", "properties": { "Id": 0, "x": 98.8452, "y": 19.0282 }, "geometry": { "type": "Point", "coordinates": [ 98.845245916174051, 19.028216462963961 ] } },
{ "type": "Feature", "properties": { "Id": 0, "x": 98.8511, "y": 19.0348 }, "geometry": { "type": "Point", "coordinates": [ 98.851064101652796, 19.034798777744324 ] } },
{ "type": "Feature", "properties": { "Id": 0, "x": 98.8478, "y": 19.0415 }, "geometry": { "type": "Point", "coordinates": [ 98.847781872939294, 19.041460176827862 ] } },
{ "type": "Feature", "properties": { "Id": 0, "x": 98.848, "y": 19.0477 }, "geometry": { "type": "Point", "coordinates": [ 98.847958215041444, 19.047691660232651 ] } },
{ "type": "Feature", "properties": { "Id": 0, "x": 98.8436, "y": 19.055 }, "geometry": { "type": "Point", "coordinates": [ 98.843582776839838, 19.055044439293326 ] } },
{ "type": "Feature", "properties": { "Id": 0, "x": 98.844, "y": 19.061 }, "geometry": { "type": "Point", "coordinates": [ 98.844032271518273, 19.061016509186544 ] } },
{ "type": "Feature", "properties": { "Id": 0, "x": 98.8973, "y": 19.0618 }, "geometry": { "type": "Point", "coordinates": [ 98.8972777424989, 19.061832752179381 ] } },
{ "type": "Feature", "properties": { "Id": 0, "x": 98.8938, "y": 19.0663 }, "geometry": { "type": "Point", "coordinates": [ 98.893816146491872, 19.066331200281606 ] } },
{ "type": "Feature", "properties": { "Id": 0, "x": 98.8931, "y": 19.0706 }, "geometry": { "type": "Point", "coordinates": [ 98.893085254043839, 19.070571544926292 ] } },
{ "type": "Feature", "properties": { "Id": 0, "x": 98.89, "y": 19.0712 }, "geometry": { "type": "Point", "coordinates": [ 98.889990038491021, 19.071175548293478 ] } },
{ "type": "Feature", "properties": { "Id": 0, "x": 98.9013, "y": 19.0679 }, "geometry": { "type": "Point", "coordinates": [ 98.901279003662452, 19.067893178372277 ] } },
{ "type": "Feature", "properties": { "Id": 0, "x": 98.9017, "y": 19.0611 }, "geometry": { "type": "Point", "coordinates": [ 98.901738093570813, 19.061142810793449 ] } },
{ "type": "Feature", "properties": { "Id": 0, "x": 98.9001, "y": 19.0536 }, "geometry": { "type": "Point", "coordinates": [ 98.900104261738264, 19.053612398359839 ] } },
{ "type": "Feature", "properties": { "Id": 0, "x": 98.8984, "y": 19.0477 }, "geometry": { "type": "Point", "coordinates": [ 98.89837856416149, 19.047726298402448 ] } },
{ "type": "Feature", "properties": { "Id": 0, "x": 98.8944, "y": 19.0476 }, "geometry": { "type": "Point", "coordinates": [ 98.894374165641892, 19.04755095789054 ] } },
{ "type": "Feature", "properties": { "Id": 0, "x": 98.8915, "y": 19.046 }, "geometry": { "type": "Point", "coordinates": [ 98.891462812275847, 19.045991432991215 ] } },
{ "type": "Feature", "properties": { "Id": 0, "x": 98.8961, "y": 19.0433 }, "geometry": { "type": "Point", "coordinates": [ 98.89610602192468, 19.043311162898299 ] } },
{ "type": "Feature", "properties": { "Id": 0, "x": 98.9006, "y": 19.0403 }, "geometry": { "type": "Point", "coordinates": [ 98.900567273624887, 19.04028449061175 ] } },
{ "type": "Feature", "properties": { "Id": 0, "x": 98.9158, "y": 19.059 }, "geometry": { "type": "Point", "coordinates": [ 98.915847114348566, 19.058986125567252 ] } },
{ "type": "Feature", "properties": { "Id": 0, "x": 98.9114, "y": 19.057 }, "geometry": { "type": "Point", "coordinates": [ 98.911388302622143, 19.056993471150435 ] } },
{ "type": "Feature", "properties": { "Id": 0, "x": 98.9077, "y": 19.0556 }, "geometry": { "type": "Point", "coordinates": [ 98.907748402752276, 19.055606945005106 ] } },
{ "type": "Feature", "properties": { "Id": 0, "x": 98.9082, "y": 19.0337 }, "geometry": { "type": "Point", "coordinates": [ 98.908215518858796, 19.033710909437183 ] } },
{ "type": "Feature", "properties": { "Id": 0, "x": 98.9164, "y": 19.0343 }, "geometry": { "type": "Point", "coordinates": [ 98.916405571536288, 19.03432062347904 ] } },
{ "type": "Feature", "properties": { "Id": 0, "x": 98.9243, "y": 19.0351 }, "geometry": { "type": "Point", "coordinates": [ 98.924322593161264, 19.03510295618878 ] } },
{ "type": "Feature", "properties": { "Id": 0, "x": 98.9321, "y": 19.0373 }, "geometry": { "type": "Point", "coordinates": [ 98.932057116654278, 19.037269628805692 ] } },
{ "type": "Feature", "properties": { "Id": 0, "x": 98.9361, "y": 19.0397 }, "geometry": { "type": "Point", "coordinates": [ 98.936060450307806, 19.039694363349277 ] } },
{ "type": "Feature", "properties": { "Id": 0, "x": 98.9271, "y": 19.0322 }, "geometry": { "type": "Point", "coordinates": [ 98.927145023236434, 19.032161504767821 ] } },
{ "type": "Feature", "properties": { "Id": 0, "x": 98.9177, "y": 19.0296 }, "geometry": { "type": "Point", "coordinates": [ 98.917681976669797, 19.029561130814336 ] } },
{ "type": "Feature", "properties": { "Id": 0, "x": 98.914, "y": 19.0277 }, "geometry": { "type": "Point", "coordinates": [ 98.913951887269675, 19.027655404455846 ] } },
{ "type": "Feature", "properties": { "Id": 0, "x": 98.9336, "y": 19.0188 }, "geometry": { "type": "Point", "coordinates": [ 98.93361154037413, 19.018835744167117 ] } },
{ "type": "Feature", "properties": { "Id": 0, "x": 98.93, "y": 19.0075 }, "geometry": { "type": "Point", "coordinates": [ 98.929976450741336, 19.00749676597249 ] } },
{ "type": "Feature", "properties": { "Id": 0, "x": 98.9277, "y": 19.0036 }, "geometry": { "type": "Point", "coordinates": [ 98.927703390219932, 19.003601280237508 ] } },
{ "type": "Feature", "properties": { "Id": 0, "x": 98.9283, "y": 18.9964 }, "geometry": { "type": "Point", "coordinates": [ 98.928343378378926, 18.996418130940398 ] } },
{ "type": "Feature", "properties": { "Id": 0, "x": 98.9287, "y": 18.9917 }, "geometry": { "type": "Point", "coordinates": [ 98.928709339680751, 18.991658185975382 ] } },
{ "type": "Feature", "properties": { "Id": 0, "x": 98.9265, "y": 18.9881 }, "geometry": { "type": "Point", "coordinates": [ 98.9265273495336, 18.988108903203852 ] } },
{ "type": "Feature", "properties": { "Id": 0, "x": 98.928, "y": 18.9803 }, "geometry": { "type": "Point", "coordinates": [ 98.927986364356912, 18.980320236235229 ] } },
{ "type": "Feature", "properties": { "Id": 0, "x": 98.9294, "y": 18.9759 }, "geometry": { "type": "Point", "coordinates": [ 98.929425634527121, 18.975889575065509 ] } },
{ "type": "Feature", "properties": { "Id": 0, "x": 98.9337, "y": 18.9625 }, "geometry": { "type": "Point", "coordinates": [ 98.93373936966178, 18.962542118723931 ] } },
{ "type": "Feature", "properties": { "Id": 0, "x": 98.9411, "y": 18.9773 }, "geometry": { "type": "Point", "coordinates": [ 98.941127839569035, 18.977333809928403 ] } },
{ "type": "Feature", "properties": { "Id": 0, "x": 98.9211, "y": 18.9372 }, "geometry": { "type": "Point", "coordinates": [ 98.92111800274904, 18.937223785657984 ] } },
{ "type": "Feature", "properties": { "Id": 0, "x": 98.8964, "y": 18.9438 }, "geometry": { "type": "Point", "coordinates": [ 98.896440616620453, 18.94378233604866 ] } },
{ "type": "Feature", "properties": { "Id": 0, "x": 98.8975, "y": 18.9459 }, "geometry": { "type": "Point", "coordinates": [ 98.897530757166336, 18.945946627163419 ] } },
{ "type": "Feature", "properties": { "Id": 0, "x": 98.9006, "y": 18.9453 }, "geometry": { "type": "Point", "coordinates": [ 98.900623628100107, 18.945342478249884 ] } },
{ "type": "Feature", "properties": { "Id": 0, "x": 98.9093, "y": 18.9537 }, "geometry": { "type": "Point", "coordinates": [ 98.909259951422243, 18.953655455740272 ] } },
{ "type": "Feature", "properties": { "Id": 0, "x": 98.9097, "y": 18.9629 }, "geometry": { "type": "Point", "coordinates": [ 98.90970977083164, 18.962916239187219 ] } },
{ "type": "Feature", "properties": { "Id": 0, "x": 98.9047, "y": 18.9698 }, "geometry": { "type": "Point", "coordinates": [ 98.904742760841472, 18.969840993749635 ] } },
{ "type": "Feature", "properties": { "Id": 0, "x": 98.9045, "y": 18.9735 }, "geometry": { "type": "Point", "coordinates": [ 98.90450779764771, 18.973496626119093 ] } },
{ "type": "Feature", "properties": { "Id": 0, "x": 98.9028, "y": 18.9768 }, "geometry": { "type": "Point", "coordinates": [ 98.902817477764458, 18.976763767567547 ] } },
{ "type": "Feature", "properties": { "Id": 0, "x": 98.9047, "y": 18.979 }, "geometry": { "type": "Point", "coordinates": [ 98.904737567630079, 18.978980371752964 ] } },
{ "type": "Feature", "properties": { "Id": 0, "x": 98.8959, "y": 18.9821 }, "geometry": { "type": "Point", "coordinates": [ 98.895943898782932, 18.982077487088414 ] } },
{ "type": "Feature", "properties": { "Id": 0, "x": 98.8947, "y": 18.9798 }, "geometry": { "type": "Point", "coordinates": [ 98.894722610316038, 18.979805801253118 ] } },
{ "type": "Feature", "properties": { "Id": 0, "x": 98.8878, "y": 18.9807 }, "geometry": { "type": "Point", "coordinates": [ 98.887793392731567, 18.980687974283889 ] } },
{ "type": "Feature", "properties": { "Id": 0, "x": 98.8857, "y": 18.9797 }, "geometry": { "type": "Point", "coordinates": [ 98.885697969844117, 18.979745060572231 ] } },
{ "type": "Feature", "properties": { "Id": 0, "x": 98.8967, "y": 18.9246 }, "geometry": { "type": "Point", "coordinates": [ 98.896685513284012, 18.924552694652434 ] } },
{ "type": "Feature", "properties": { "Id": 0, "x": 98.8846, "y": 18.9277 }, "geometry": { "type": "Point", "coordinates": [ 98.884604793397685, 18.927655881539405 ] } },
{ "type": "Feature", "properties": { "Id": 0, "x": 98.8755, "y": 18.9198 }, "geometry": { "type": "Point", "coordinates": [ 98.875515972387944, 18.919806634902393 ] } },
{ "type": "Feature", "properties": { "Id": 0, "x": 98.8728, "y": 18.911 }, "geometry": { "type": "Point", "coordinates": [ 98.87282277718711, 18.911014814987446 ] } },
{ "type": "Feature", "properties": { "Id": 0, "x": 98.8582, "y": 18.9106 }, "geometry": { "type": "Point", "coordinates": [ 98.858187908276733, 18.91059852639054 ] } },
{ "type": "Feature", "properties": { "Id": 0, "x": 98.845, "y": 18.9115 }, "geometry": { "type": "Point", "coordinates": [ 98.844972760128755, 18.91153458169947 ] } },
{ "type": "Feature", "properties": { "Id": 0, "x": 98.8313, "y": 18.938 }, "geometry": { "type": "Point", "coordinates": [ 98.831305556306305, 18.938027820888564 ] } },
{ "type": "Feature", "properties": { "Id": 0, "x": 98.8276, "y": 18.9421 }, "geometry": { "type": "Point", "coordinates": [ 98.827606480112181, 18.942081323782297 ] } },
{ "type": "Feature", "properties": { "Id": 0, "x": 98.8765, "y": 18.9659 }, "geometry": { "type": "Point", "coordinates": [ 98.876476739231322, 18.965920810361748 ] } },
{ "type": "Feature", "properties": { "Id": 0, "x": 98.8578, "y": 18.9775 }, "geometry": { "type": "Point", "coordinates": [ 98.857847079090234, 18.977537217773779 ] } },
{ "type": "Feature", "properties": { "Id": 0, "x": 98.8477, "y": 18.9847 }, "geometry": { "type": "Point", "coordinates": [ 98.847748226838718, 18.984696360565454 ] } },
{ "type": "Feature", "properties": { "Id": 0, "x": 98.8659, "y": 18.993 }, "geometry": { "type": "Point", "coordinates": [ 98.865937049342193, 18.992959429957963 ] } },
{ "type": "Feature", "properties": { "Id": 0, "x": 98.8784, "y": 18.9973 }, "geometry": { "type": "Point", "coordinates": [ 98.878443887130771, 18.997295412784492 ] } }
]
}
